{
    "AHP_time_from_peak.Step0.15": 1.9504123402989613,
    "AP_duration_change.Step0.2": 0.954667742813888,
    "sag_ratio2.Step-0.1": 5.7303030303055476,
    "decay_time_constant_after_stim.Step-0.25": 1.6574393482799632,
    "Spikecount.Step0.1": 1.2461059190031152,
    "decay_time_constant_after_stim.Step0.15": 3.9723476040985677,
    "AP2_peak.Step0.2": 1.750811177867653,
    "AP_rise_time.Step0.15": 3.688034188018253,
    "maximum_voltage.Step0.05": 7.346048548742715,
    "steady_state_voltage.Step0.2": 6.70591459843656,
    "steady_state_voltage_stimend.Step-0.25": 6.126322669661679,
    "max_amp_difference.Step0.15": 2.043798413710001,
    "peak_voltage.Step0.15": 1.841830889922931,
    "AP_begin_width.Step0.25": 1.5008187502558552,
    "maximum_voltage_from_voltagebase.Step0.1": 1.6428621807574084,
    "voltage_deflection_begin.Step-0.05": 0.24103544664075707,
    "voltage_deflection.Step-0.05": 0.04234585667387839,
    "AP_fall_rate.Step0.15": 5.648725499701028,
    "mean_frequency.Step0.2": 3.423132598920762,
    "minimum_voltage.Step-0.1": 7.2201105200510325,
    "AHP_depth_from_peak.Step0.2": 0.18865683721127083,
    "voltage_base.Step0.1": 8.751965284477647,
    "AP_fall_time.Step0.2": 2.8416494845401847,
    "Spikecount.Step0.25": 4.144386183036921,
    "AHP2_depth_from_peak.Step0.25": 0.30174074667591005,
    "fast_AHP.Step0.15": 3.276441930934886,
    "amp_drop_first_second.Step0.15": 1.115803204108383,
    "fast_AHP.Step0.2": 3.425019771077169,
    "inv_time_to_first_spike.Step0.1": 1.5199476949900004,
    "sag_amplitude.Step-0.05": 6.204711616573856,
    "voltage_deflection.Step-0.2": 2.1771168283851425,
    "irregularity_index.Step0.2": 3.7167835324566028,
    "voltage_after_stim.Step-0.2": 13.695278012330826,
    "sag_amplitude.Step-0.25": 4.67973494789368,
    "minimum_voltage.Step-0.05": 12.072480317200396,
    "APlast_amp.Step0.25": 1.5221419853423515,
    "sag_ratio2.Step-0.25": 6.629628717587694,
    "sag_ratio1.Step-0.2": 6.662068949054116,
    "voltage_base.Step0.15": 8.624538405725197,
    "APlast_amp.Step0.2": 1.4807065191276705,
    "AHP_depth_abs.Step0.15": 5.165260145472449,
    "peak_voltage.Step0.25": 1.3378076271576143,
    "inv_last_ISI.Step0.1": 0.725294342231532,
    "AP_duration_half_width.Step0.2": 4.981276856973438,
    "sag_ratio2.Step-0.15": 7.123595505463462,
    "AP_duration_half_width.Step0.15": 5.293625914322411,
    "min_voltage_between_spikes.Step0.15": 7.737963061523461,
    "maximum_voltage_from_voltagebase.Step0.05": 2.7121696384746032,
    "AHP_depth_diff.Step0.15": 2.7345009602186776,
    "AHP_depth.Step0.25": 3.1414254051175927,
    "steady_state_hyper.Step-0.2": 6.763703569408353,
    "single_burst_ratio.Step0.25": 3.6589769204226665,
    "voltage_after_stim.Step-0.25": 13.488474571723604,
    "mean_frequency.Step0.15": 0.3268636936650166,
    "AP_duration_half_width_change.Step0.15": 2.7083798882681567,
    "inv_time_to_first_spike.Step0.2": 8.235715685841798,
    "time_constant.Step-0.05": 1.8486044359105054,
    "AP_begin_width.Step0.15": 1.0709566376113795,
    "voltage_after_stim.Step-0.1": 15.25379332382181,
    "time_to_first_spike.Step0.25": 2.99152990995544,
    "time_to_last_spike.Step0.15": 1.349039891173574,
    "peak_voltage.Step0.2": 1.6302769545738676,
    "sag_ratio1.Step-0.05": 9.302631578951118,
    "time_constant.Step-0.2": 0.36484886736255745,
    "voltage_deflection_vb_ssse.Step-0.15": 1.2740854975004416,
    "AP_duration_change.Step0.25": 1.2362300231122765,
    "sag_amplitude.Step-0.15": 5.351714285601411,
    "AP1_peak.Step0.2": 1.6715654786289427,
    "single_burst_ratio.Step0.2": 3.534966589714383,
    "steady_state_voltage.Step-0.1": 16.51078276638479,
    "spike_half_width.Step0.15": 7.4358737087658975,
    "voltage_deflection_vb_ssse.Step-0.2": 2.1980187500376416,
    "voltage_deflection_vb_ssse.Step-0.05": 0.042594068539947294,
    "AP_rise_rate.Step0.2": 1.156762021519668,
    "steady_state_voltage_stimend.Step-0.05": 13.954833321781637,
    "spike_half_width.Step0.25": 6.843037341453822,
    "doublet_ISI.Step0.2": 0.46220568152830377,
    "ISI_values.Step0.15": 0.4086834701568149,
    "AP2_begin_voltage.Step0.25": 5.888906682907452,
    "voltage_after_stim.Step-0.15": 14.752076301347978,
    "amp_drop_first_second.Step0.2": 0.9100768574444547,
    "voltage_deflection.Step-0.25": 2.603120950910756,
    "steady_state_hyper.Step-0.05": 14.260009472108147,
    "decay_time_constant_after_stim.Step-0.2": 2.2405333860662564,
    "voltage_after_stim.Step0.2": 6.717777617425579,
    "maximum_voltage.Step0.15": 1.9326950279407566,
    "AP2_begin_voltage.Step0.2": 6.335174615925564,
    "time_to_last_spike.Step0.25": 4.256039465072114,
    "AP1_peak.Step0.15": 2.2423038107386057,
    "AP2_begin_width.Step0.15": 1.0604129358484724,
    "burst_mean_freq.Step0.25": 3.2721087640857034,
    "Spikecount.Step0.15": 0.03506834910620399,
    "inv_first_ISI.Step0.1": 0.6617676236947112,
    "adaptation_index2.Step0.2": 3.7727272727272725,
    "max_amp_difference.Step0.25": 1.2760200629719722,
    "Spikecount_stimint.Step0.25": 3.603816422509325,
    "AP_amplitude_from_voltagebase.Step0.25": 0.005601695701478423,
    "AP1_peak.Step0.25": 1.85178663875539,
    "steady_state_voltage.Step0.25": 5.613389463309402,
    "time_constant.Step-0.15": 1.3791801176019118,
    "voltage_base.Step0.25": 7.522258644109084,
    "adaptation_index2.Step0.25": 5.833333333334231,
    "inv_time_to_first_spike.Step0.25": 8.038179541454666,
    "inv_fifth_ISI.Step0.25": 2.267839746300295,
    "maximum_voltage.Step0.1": 1.8301460149640325,
    "voltage_base.Step-0.25": 16.78436906436699,
    "number_initial_spikes.Step0.2": 7.001500375093774,
    "amp_drop_second_last.Step0.25": 0.2635080263638431,
    "max_amp_difference.Step0.2": 0.7683808002745166,
    "Spikecount_stimint.Step0.1": 1.2461059190031152,
    "ISI_log_slope.Step0.2": 3.405997404758079,
    "AP_duration.Step0.2": 2.561442897777827,
    "AHP_depth.Step0.2": 1.008641864286245,
    "Spikecount_stimint.Step0.2": 3.6507522994311232,
    "voltage_after_stim.Step-0.05": 15.96642175184146,
    "inv_first_ISI.Step0.15": 0.9391781613063167,
    "voltage_base.Step-0.1": 14.927720661255263,
    "AP_height.Step0.15": 1.841830889922931,
    "voltage_base.Step-0.2": 16.585946558996316,
    "steady_state_hyper.Step-0.15": 7.54779622034039,
    "AP2_AP1_peak_diff.Step0.25": 3.04571584348798,
    "sag_ratio2.Step-0.05": 9.302631578951116,
    "voltage_base.Step-0.05": 15.82014915465047,
    "AP_amplitude_from_voltagebase.Step0.2": 0.2996934903750043,
    "decay_time_constant_after_stim.Step0.25": 3.6541939733176108,
    "adaptation_index.Step0.2": 3.7480022153651396,
    "amp_drop_first_last.Step0.2": 3.0711255465351925,
    "AHP_depth_diff.Step0.25": 10.378987616403156,
    "steady_state_voltage.Step-0.05": 16.98031139756804,
    "doublet_ISI.Step0.25": 2.2383212480789645,
    "voltage_deflection.Step-0.15": 1.2914721825636115,
    "fast_AHP.Step0.25": 3.050359171437458,
    "AP2_begin_voltage.Step0.15": 7.1139410839513255,
    "AHP_depth.Step0.15": 0.2975370786738416,
    "sag_ratio1.Step-0.15": 7.12359550546346,
    "inv_third_ISI.Step0.25": 2.2783429385812415,
    "steady_state_voltage.Step-0.15": 16.18301968176027,
    "sag_ratio1.Step-0.25": 6.629628717587695,
    "AP_fall_time.Step0.25": 4.013737260929178,
    "AP_height.Step0.2": 1.6302769545738676,
    "inv_last_ISI.Step0.2": 4.3917182708986,
    "voltage_deflection_begin.Step-0.1": 0.027584532925687067,
    "initburst_sahp.Step0.25": NaN,
    "inv_third_ISI.Step0.1": 0.5000035408006458,
    "AHP2_depth_from_peak.Step0.2": 0.386370302648117,
    "decay_time_constant_after_stim.Step-0.05": 3.135927310793814,
    "maximum_voltage_from_voltagebase.Step0.2": 0.3510028243793771,
    "voltage_after_stim.Step0.05": 9.492720528611978,
    "sag_amplitude.Step-0.2": 4.512008721724131,
    "initburst_sahp_ssse.Step0.25": NaN,
    "inv_time_to_first_spike.Step0.15": 2.029734186976968,