{
    "AP2_amp.Step0.15": 0.34848575015437355, 
    "decay_time_constant_after_stim.Step0.15": 3.9723476040985677, 
    "AP_begin_voltage.Step0.2": 6.544447056713296, 
    "doublet_ISI.Step0.15": 0.45134638182391046, 
    "peak_voltage.Step0.25": 1.3378076271576143, 
    "AP_duration_half_width.Step0.15": 5.293625914322411, 
    "AHP_time_from_peak.Step0.15": 1.9504123402989613, 
    "inv_third_ISI.Step0.25": 2.2783429385812415, 
    "irregularity_index.Step0.25": 4.939724790787054, 
    "inv_time_to_first_spike.Step0.15": 2.029734186976968, 
    "voltage_base.Step-0.2": 16.585946558996316, 
    "inv_first_ISI.Step0.25": 1.7697109541906832, 
    "spike_width2.Step0.2": 8.86855951476375, 
    "AP_amplitude_from_voltagebase.Step0.25": 0.005601695701478423, 
    "spike_half_width.Step0.15": 7.4358737087658975, 
    "voltage_deflection.Step-0.25": 2.603120950910756, 
    "steady_state_voltage_stimend.Step-0.25": 6.126322669661679, 
    "amp_drop_first_last.Step0.2": 3.0711255465351925, 
    "mean_frequency.Step0.15": 0.3268636936650166, 
    "AHP_depth_diff.Step0.25": 10.378987616403156, 
    "AP_begin_width.Step0.25": 1.5008187502558552, 
    "steady_state_hyper.Step-0.1": 9.930500318605597, 
    "AP_fall_rate.Step0.25": 7.218699085351458, 
    "AP1_peak.Step0.15": 2.2423038107386057, 
    "AP2_width.Step0.15": 4.784734034690209, 
    "time_to_last_spike.Step0.15": 1.349039891173574, 
    "AP_duration_half_width_change.Step0.2": 1.0337778947288796, 
    "spike_width2.Step0.25": 7.983819684726675, 
    "voltage_base.Step0.2": 7.9424242642928204, 
    "AHP1_depth_from_peak.Step0.2": 0.5241081262987836, 
    "AP2_begin_width.Step0.15": 1.0604129358484724, 
    "AP_rise_time.Step0.25": 1.6057418364982874, 
    "AP_fall_rate.Step0.2": 5.032522859415409, 
    "voltage_after_stim.Step-0.25": 13.488474571723604, 
    "inv_fifth_ISI.Step0.1": 0.5, 
    "inv_fifth_ISI.Step0.2": 2.8096542395866977, 
    "voltage_base.Step-0.25": 16.78436906436699, 
    "min_voltage_between_spikes.Step0.2": 9.191749545939901, 
    "AP2_peak.Step0.2": 1.750811177867653, 
    "decay_time_constant_after_stim.Step0.25": 3.6541939733176108, 
    "amp_drop_first_second.Step0.2": 0.9100768574444547, 
    "inv_second_ISI.Step0.25": 0.613582794489834, 
    "maximum_voltage_from_voltagebase.Step0.1": 1.6428621807574084, 
    "inv_last_ISI.Step0.15": 0.12931959059497863, 
    "inv_fifth_ISI.Step0.25": 2.267839746300295, 
    "mean_frequency.Step0.25": 3.7612989940715984, 
    "ISI_semilog_slope.Step0.25": 8.931968729099871, 
    "AHP1_depth_from_peak.Step0.15": 1.1166140345914801, 
    "amp_drop_second_last.Step0.2": 2.6070357312278123, 
    "AP1_peak.Step0.2": 1.6715654786289427, 
    "number_initial_spikes.Step0.2": 7.001500375093774, 
    "maximum_voltage_from_voltagebase.Step0.25": 0.11527495637151051, 
    "AP_duration.Step0.15": 3.347017318805765, 
    "inv_fifth_ISI.Step0.15": 0.6182608700536123, 
    "AHP2_depth_from_peak.Step0.25": 0.30174074667591005, 
    "APlast_amp.Step0.2": 1.4807065191276705, 
    "voltage_after_stim.Step0.25": 5.621652105931711, 
    "AHP2_depth_from_peak.Step0.2": 0.386370302648117, 
    "Spikecount.Step0.15": 0.03506834910620399, 
    "decay_time_constant_after_stim.Step-0.05": 3.135927310793814, 
    "time_to_first_spike.Step0.2": 3.3864928470897406, 
    "AP_rise_time.Step0.2": 2.709750566877338, 
    "irregularity_index.Step0.15": 1.9132194051052474, 
    "min_AHP_values.Step0.25": 6.482537226336301, 
    "voltage_deflection.Step-0.15": 1.2914721825636115, 
    "time_to_last_spike.Step0.25": 4.256039465072114, 
    "voltage_deflection_vb_ssse.Step-0.1": 0.558360805014992, 
    "voltage_after_stim.Step-0.15": 14.752076301347978, 
    "AP1_peak.Step0.25": 1.85178663875539, 
    "AP_duration_half_width.Step0.2": 4.981276856973438, 
    "voltage_deflection_begin.Step-0.25": 0.8163022026353478, 
    "Spikecount.Step0.2": 3.6507522994311232, 
    "Spikecount.Step0.1": 1.2461059190031152, 
    "Spikecount_stimint.Step0.15": 0.03506834910620399, 
    "AP_rise_rate_change.Step0.25": 5.875004295010286, 
    "inv_first_ISI.Step0.1": 0.6617676236947112, 
    "voltage_after_stim.Step-0.1": 15.25379332382181, 
    "inv_first_ISI.Step0.2": 0.8105131975075446, 
    "burst_mean_freq.Step0.25": 3.2721087640857034, 
    "spike_width2.Step0.15": 8.346220346482992, 
    "fast_AHP_change.Step0.25": 0.2622297785344221, 
    "AHP_depth_from_peak.Step0.2": 0.18865683721127083, 
    "Spikecount_stimint.Step0.2": 3.6507522994311232, 
    "time_to_first_spike.Step0.15": 2.2180229857036577, 
    "max_amp_difference.Step0.25": 1.2760200629719722, 
    "steady_state_voltage.Step0.1": 7.6684347316535675, 
    "time_constant.Step-0.25": 3.0122479179402903, 
    "ISI_log_slope_skip.Step0.2": NaN, 
    "steady_state_voltage.Step0.2": 6.70591459843656, 
    "voltage_base.Step-0.1": 14.927720661255263, 
    "voltage_deflection.Step-0.2": 2.1771168283851425, 
    "AP_rise_rate.Step0.2": 1.156762021519668, 
    "single_burst_ratio.Step0.25": 3.6589769204226665, 
    "ISI_values.Step0.2": 1.7201455526146914, 
    "AP_width.Step0.25": 6.781881744950023, 
    "AHP_time_from_peak.Step0.25": 3.1785870058867483, 
    "AP_duration.Step0.25": 4.1210817455541084, 
    "voltage_base.Step0.05": 9.156218313297906, 
    "peak_voltage.Step0.15": 1.841830889922931, 
    "minimum_voltage.Step-0.1": 7.2201105200510325, 
    "minimum_voltage.Step-0.2": 4.574279534294799, 
    "AP_begin_voltage.Step0.15": 6.721113082641962, 
    "steady_state_voltage.Step-0.1": 16.51078276638479, 
    "AP_rise_rate.Step0.15": 1.6617883275887484, 
    "AP_amplitude_change.Step0.15": 3.6981792260235253, 
    "AP_height.Step0.25": 1.3378076271576143, 
    "sag_ratio2.Step-0.2": 6.662068949054117, 
    "sag_ratio2.Step-0.1": 5.7303030303055476, 
    "decay_time_constant_after_stim.Step-0.1": 3.152812284743573, 
    "decay_time_constant_after_stim.Step-0.2": 2.2405333860662564, 
    "sag_amplitude.Step-0.15": 5.351714285601411, 
    "AHP_depth.Step0.2": 1.008641864286245, 
    "inv_fourth_ISI.Step0.15": 0.20735560913824586, 
    "sag_ratio1.Step-0.15": 7.12359550546346, 
    "doublet_ISI.Step0.2": 0.46220568152830377, 
    "AHP_depth_abs.Step0.15": 5.165260145472449, 
    "ISI_values.Step0.15": 0.4086834701568149, 
    "time_to_last_spike.Step0.2": 2.0238326556458954, 
    "AP_rise_rate_change.Step0.15": 4.775549414620456, 
    "sag_amplitude.Step-0.05": 6.204711616573856, 
    "AP_amplitude.Step0.2": 0.7527217981668641, 
    "voltage_deflection_vb_ssse.Step-0.25": 2.628046513505151, 
    "spike_half_width.Step0.25": 6.843037341453822, 
    "AP2_begin_width.Step0.2": 1.6607423269106487, 
    "AP2_peak.Step0.15": 2.129975528060881, 
    "maximum_voltage_from_voltagebase.Step0.05": 2.7121696384746032, 
    "AP2_amp.Step0.25": 1.2055158869560354, 
    "number_initial_spikes.Step0.15": 0.9129005751848809, 
    "AP_amplitude_from_voltagebase.Step0.15": 0.521158469939102, 
    "AP_width.Step0.15": 6.286171063154424, 
    "burst_mean_freq.Step0.2": 0.4781041493368479, 
    "AP_begin_voltage.Step0.25": 6.041259896945765, 
    "voltage_base.Step0.15": 8.624538405725197, 
    "voltage_base.Step0.25": 7.522258644109084, 
    "AHP_depth.Step0.25": 3.1414254051175927, 
    "APlast_amp.Step0.15": 0.9995924112061616, 
    "voltage_deflection_begin.Step-0.1": 0.027584532925687067, 
    "voltage_base.Step-0.05": 15.82014915465047, 
    "AP_amplitude.Step0.25": 1.223736709504481, 
    "initburst_sahp_ssse.Step0.25": NaN, 
    "AHP_depth_diff.Step0.2": 2.9509138914991295, 
    "amp_drop_second_last.Step0.25": 0.2635080263638431, 
    "initburst_sahp.Step0.25": NaN, 
    "voltage_base.Step-0.15": 15.741855704312353, 
    "steady_state_voltage.Step-0.2": 15.055195131351477, 
    "AHP_depth_abs.Step0.2": 5.8831969026244995, 
    "AP_duration_change.Step0.25": 1.2362300231122765, 
    "AP_width.Step0.2": 6.5486526946155434, 
    "steady_state_voltage_stimend.Step-0.1": 9.723183905702996, 
    "sag_ratio1.Step-0.05": 9.302631578951118,