{
    "AP2_begin_width.Step0.8": 0.41918063314321824,
    "time_to_last_spike.Step0.8": 0.901466454039922,
    "AP2_width.Step1.0": 2.429050754204486,
    "AP_duration_half_width_change.Step0.8": 0.9199428163056848,
    "AP_rise_rate_change.Step1.0": 1.621573397898922,
    "AP_fall_time.Step0.8": 1.2447989551146696,
    "AHP_depth_diff.Step0.8": 1.5761533775743042,
    "AP_amplitude.Step1.0": 0.8109831431860153,
    "voltage_after_stim.Step0.4": 1.1660712624118292,
    "AP_width.Step0.8": 2.353946297794212,
    "AP1_peak.Step1.0": 0.3244398011617312,
    "voltage_deflection_begin.Step-0.2": 1.710832467678581,
    "Spikecount_stimint.Step0.8": 2.0862834513380535,
    "AHP1_depth_from_peak.Step0.8": 0.10060053701893291,
    "sag_ratio1.Step-0.8": 0.1756088669626907,
    "AHP1_depth_from_peak.Step1.0": 0.2629480285897705,
    "steady_state_hyper.Step-0.6": 1.9188295237163824,
    "steady_state_voltage.Step0.2": 1.04460360942093,
    "AHP_time_from_peak.Step0.8": 11.666709451059228,
    "Spikecount.Step0.2": 0.7125494357094627,
    "steady_state_voltage.Step1.0": 1.3000475266739466,
    "voltage_after_stim.Step0.6": 1.2799140629400207,
    "sag_ratio2.Step-0.2": 1.2090244221247712,
    "AP_rise_rate.Step0.8": 1.6659348719200073,
    "inv_second_ISI.Step0.6": 0.28806369391379066,
    "voltage_after_stim.Step-0.8": 1.1720204557616138,
    "amp_drop_first_second.Step1.0": 1.671999293949725,
    "ISI_values.Step0.8": 0.8582003820741657,
    "Spikecount_stimint.Step1.0": 2.5272203822759054,
    "AP_duration_half_width.Step1.0": 2.1747732097956542,
    "steady_state_voltage.Step-1.0": 1.2324158366312032,
    "AP_height.Step0.8": 0.3270817416256182,
    "fast_AHP.Step0.8": 2.4847188934934246,
    "AP_begin_voltage.Step1.0": 0.09413425681485683,
    "voltage_deflection_vb_ssse.Step-1.0": 1.624733491710489,
    "sag_ratio2.Step-0.6": 0.5478480207358338,
    "AP2_peak.Step0.8": 0.037949389486349516,
    "sag_amplitude.Step-0.4": 0.5197888193689715,
    "maximum_voltage_from_voltagebase.Step1.0": 0.9395808628344646,
    "inv_fifth_ISI.Step0.2": 0.19267591481285065,
    "number_initial_spikes.Step1.0": 1.176431935165918,
    "maximum_voltage.Step0.8": 0.4161005075547382,
    "steady_state_hyper.Step-1.0": 1.8832337785794304,
    "AP2_begin_voltage.Step1.0": 0.21520287880991673,
    "time_to_second_spike.Step1.0": 0.4028555972182128,
    "inv_third_ISI.Step0.6": 0.39043141077201116,
    "AP2_width.Step0.8": 2.8503597750542893,
    "APlast_amp.Step0.8": 1.0029238057342023,
    "voltage_base.Step-0.6": 1.019916428214562,
    "inv_time_to_first_spike.Step0.6": 0.20273848889118457,
    "doublet_ISI.Step0.8": 0.6328286965402247,
    "inv_second_ISI.Step0.2": 0.5128997356474407,
    "Spikecount.Step0.8": 2.0862834513380535,
    "inv_second_ISI.Step0.8": 0.5644026507659996,
    "inv_first_ISI.Step0.6": 0.7307505583722022,
    "voltage_base.Step-0.2": 0.9980594936419864,
    "sag_ratio2.Step-0.4": 0.5879901950008333,
    "voltage_after_stim.Step-0.2": 0.9877486532422756,
    "sag_ratio1.Step-0.2": 1.2090244221247715,
    "voltage_deflection_begin.Step-0.8": 1.653164398102559,
    "max_amp_difference.Step0.8": 1.5210609849764356,
    "AP_rise_time.Step0.8": 4.423529411755951,
    "steady_state_hyper.Step-0.2": 1.5356195205815302,
    "spike_half_width.Step0.8": 2.5206696168858373,
    "minimum_voltage.Step-0.4": 1.3781844289797667,
    "AHP2_depth_from_peak.Step0.8": 1.1117490298858987,
    "AHP_depth.Step0.8": 2.960857129197969,
    "fast_AHP_change.Step0.8": 0.3083395711806508,
    "sag_ratio2.Step-0.8": 0.17560886696269157,
    "inv_fourth_ISI.Step0.6": 0.863839706989644,
    "steady_state_voltage_stimend.Step-0.8": 1.9654849003364336,
    "AP2_begin_width.Step1.0": 0.15112008813820865,
    "sag_ratio1.Step-1.0": 0.042115090495098255,
    "voltage_after_stim.Step1.0": 1.4246867161163468,
    "steady_state_voltage.Step0.8": 1.3547754256993845,
    "AP_height.Step1.0": 0.5871089389941639,
    "voltage_deflection_begin.Step-0.6": 1.7024698477007996,
    "voltage_deflection_vb_ssse.Step-0.8": 1.7120341817950988,
    "AP_fall_time.Step1.0": 0.7945805266284969,
    "inv_fourth_ISI.Step0.4": 0.2597983542661491,
    "AP_duration_change.Step1.0": 1.811420143291366,
    "voltage_deflection_begin.Step-1.0": 1.6057793546987553,
    "AP2_AP1_peak_diff.Step1.0": 1.671999293949725,
    "inv_fifth_ISI.Step0.4": 0.6187249141992903,
    "inv_last_ISI.Step0.4": 0.5641767731628984,
    "ISI_values.Step1.0": 1.4036801737094973,
    "steady_state_voltage_stimend.Step-0.4": 1.8196382694326794,
    "AP_begin_width.Step0.8": 1.280228280669275,
    "inv_time_to_first_spike.Step0.8": 0.20320821125758945,
    "number_initial_spikes.Step0.4": 0.009015707779533453,
    "voltage_base.Step1.0": 1.0752992999978188,
    "time_to_first_spike.Step1.0": 0.4316784517811478,
    "min_AHP_values.Step0.8": 1.2492833838715462,
    "spike_width2.Step0.8": 0.16261188575505636,
    "voltage_deflection.Step-0.4": 1.8041443561273152,
    "AP2_AP1_peak_diff.Step0.8": 1.2428068558042547,
    "mean_frequency.Step1.0": 2.233803106466649,
    "irregularity_index.Step0.8": 1.052665874306687,
    "AP_rise_time.Step1.0": 4.003360276079763,
    "minimum_voltage.Step-0.6": 1.8762563299029447,
    "doublet_ISI.Step1.0": 1.6511595319843786,
    "AP1_peak.Step0.8": 0.4161005075547382,
    "voltage_deflection_begin.Step-0.4": 1.7450767095682447,
    "peak_voltage.Step0.8": 0.3270817416256182,
    "inv_first_ISI.Step0.4": 0.7053561188471952,
    "fast_AHP.Step1.0": 2.2442367861959442,
    "voltage_deflection.Step-1.0": 1.63505440185117,
    "inv_time_to_first_spike.Step1.0": 0.17426858739263443,
    "voltage_base.Step0.2": 0.9421515409806646,
    "inv_fifth_ISI.Step0.8": 1.1442198013146434,
    "voltage_deflection.Step-0.8": 1.659861235033533,
    "AP_duration.Step1.0": 3.017129356159355,
    "maximum_voltage_from_voltagebase.Step0.6": 0.6261129859875426,
    "voltage_deflection_vb_ssse.Step-0.4": 1.8020700120724698,
    "time_to_first_spike.Step0.8": 0.46231950302653113,
    "inv_third_ISI.Step1.0": 0.17759495719558954,
    "AHP_depth_abs.Step1.0": 0.8891267696153164,
    "irregularity_index.Step1.0": 0.8002635387437399,
    "steady_state_voltage_stimend.Step-0.2": 1.5181335396879734,
    "inv_fourth_ISI.Step0.2": 0.2731177689518218,
    "voltage_base.Step-1.0": 1.0478131190091284,
    "amp_drop_first_last.Step1.0": 1.9562052859093815,
    "peak_voltage.Step1.0": 0.5871089389941639,
    "number_initial_spikes.Step0.6": 0.6234372527298624,
    "voltage_deflection.Step-0.6": 1.775905873259043,
    "amp_drop_first_last.Step0.8": 1.700616112073901,
    "amp_drop_first_second.Step0.8": 1.2428068558042547,
    "AHP_depth_diff.Step1.0": 1.482186964534239,
    "Spikecount.Step0.6": 1.5722777694871413,
    "Spikecount.Step1.0": 2.5272203822759054,
    "steady_state_voltage.Step-0.4": 1.1184925692579775,
    "Spikecount_stimint.Step0.4": 0.3045276059019514,
    "sag_ratio1.Step-0.4": 0.5879901950008327,
    "min_AHP_values.Step1.0": 0.8891267696153164,
    "time_to_last_spike.Step1.0": 0.8308422690332348,
    "sag_ratio1.Step-0.6": 0.5478480207358334,
    "inv_fifth_ISI.Step0.6": 1.1689333722312352,
    "AP_amplitude_from_voltagebase.Step1.0": 0.17213950330456482,
    "AP_duration_half_width_change.Step1.0": 1.6736965436541427,
    "voltage_base.Step0.6": 1.0331728922332963,
    "max_amp_difference.Step1.0": 1.9735139463686953,
    "AP_fall_rate.Step1.0": 0.27838588501241557,
    "spike_half_width.Step1.0": 1.6336720663710325,
    "voltage_base.Step-0.8": 1.0465944095835695,
    "voltage_after_stim.Step0.2": 1.0750790510978423,
    "AP_amplitude_from_voltagebase.Step0.8": 0.10458297046622807,
    "AP2_amp.Step1.0": 0.15131217573947123,
    "AP_amplitude.Step0.8": 0.4635235718867082,
    "amp_drop_second_last.Step0.8": 1.4410620255963766,
    "AP_begin_voltage.Step0.8": 0.09026692930047346,
    "inv_third_ISI.Step0.8": 0.28150040719677083,
    "spike_width2.Step1.0": 0.11720492171931439,
    "Spikecount.Step0.4": 0.3045276059019514,