{
    "doublet_ISI.Step1.0": 1.6511595319843786, 
    "steady_state_voltage.Step-0.2": 1.0492362660062233, 
    "fast_AHP.Step1.0": 2.2442367861959442, 
    "steady_state_hyper.Step-0.2": 1.5356195205815302, 
    "AP_begin_voltage.Step0.8": 0.09026692930047346, 
    "AHP_depth.Step1.0": 2.3446869314611742, 
    "AP_amplitude_from_voltagebase.Step1.0": 0.17213950330456482, 
    "voltage_deflection_vb_ssse.Step-1.0": 1.624733491710489, 
    "steady_state_voltage.Step1.0": 1.3000475266739466, 
    "AP_height.Step0.8": 0.3270817416256182, 
    "voltage_base.Step-0.4": 1.00443474264706, 
    "inv_second_ISI.Step0.8": 0.5644026507659996, 
    "amp_drop_first_last.Step0.8": 1.700616112073901, 
    "inv_fourth_ISI.Step1.0": 1.0147651307440317, 
    "voltage_after_stim.Step-1.0": 1.1370465791044284, 
    "voltage_deflection_begin.Step-0.6": 1.7024698477007996, 
    "AHP_depth_from_peak.Step0.8": 1.2402300015449168, 
    "voltage_base.Step-0.8": 1.0465944095835695, 
    "peak_voltage.Step1.0": 0.5871089389941639, 
    "AP_begin_width.Step0.8": 1.280228280669275, 
    "AP2_AP1_peak_diff.Step1.0": 1.671999293949725, 
    "AHP_depth.Step0.8": 2.960857129197969, 
    "sag_amplitude.Step-1.0": 0.8375504927765168, 
    "AP_fall_rate.Step0.8": 0.1830304278913995, 
    "AP_amplitude_change.Step1.0": 2.3825727294599552, 
    "doublet_ISI.Step0.8": 0.6328286965402247, 
    "inv_fifth_ISI.Step0.8": 1.1442198013146434, 
    "AHP_time_from_peak.Step1.0": 9.767715851467011, 
    "inv_fifth_ISI.Step0.4": 0.6187249141992903, 
    "AP_duration_half_width_change.Step0.8": 0.9199428163056848, 
    "inv_fifth_ISI.Step0.6": 1.1689333722312352, 
    "AHP1_depth_from_peak.Step0.8": 0.10060053701893291, 
    "inv_fifth_ISI.Step0.2": 0.19267591481285065, 
    "maximum_voltage_from_voltagebase.Step0.6": 0.6261129859875426, 
    "maximum_voltage_from_voltagebase.Step0.4": 0.37236217463645366, 
    "maximum_voltage_from_voltagebase.Step0.2": 1.0358539553803807, 
    "steady_state_voltage_stimend.Step-1.0": 1.8928914461117485, 
    "min_voltage_between_spikes.Step0.8": 1.1079259112812294, 
    "AP2_peak.Step0.8": 0.037949389486349516, 
    "AP_amplitude.Step1.0": 0.8109831431860153, 
    "Spikecount_stimint.Step1.0": 2.5272203822759054, 
    "maximum_voltage_from_voltagebase.Step0.8": 0.9998152839791763, 
    "amp_drop_first_second.Step0.8": 1.2428068558042547, 
    "voltage_after_stim.Step0.2": 1.0750790510978423, 
    "voltage_deflection_begin.Step-0.4": 1.7450767095682447, 
    "steady_state_voltage_stimend.Step-0.4": 1.8196382694326794, 
    "inv_third_ISI.Step1.0": 0.17759495719558954, 
    "AP2_width.Step1.0": 2.429050754204486, 
    "inv_second_ISI.Step1.0": 0.744131491520508, 
    "amp_drop_second_last.Step0.8": 1.4410620255963766, 
    "voltage_base.Step-0.6": 1.019916428214562, 
    "voltage_deflection.Step-0.2": 1.6827075734817292, 
    "AHP2_depth_from_peak.Step0.8": 1.1117490298858987, 
    "inv_last_ISI.Step1.0": 4.596499044084314, 
    "AP_rise_time.Step0.8": 4.423529411755951, 
    "voltage_deflection_begin.Step-0.2": 1.710832467678581, 
    "AP_duration_half_width.Step0.8": 2.4020335599676157, 
    "AP2_begin_voltage.Step1.0": 0.21520287880991673, 
    "Spikecount.Step0.8": 2.0862834513380535, 
    "Spikecount.Step0.6": 1.5722777694871413, 
    "Spikecount.Step0.4": 0.3045276059019514, 
    "Spikecount.Step0.2": 0.7125494357094627, 
    "AP_fall_time.Step1.0": 0.7945805266284969, 
    "inv_first_ISI.Step0.4": 0.7053561188471952, 
    "voltage_deflection_vb_ssse.Step-0.8": 1.7120341817950988, 
    "inv_first_ISI.Step0.6": 0.7307505583722022, 
    "voltage_base.Step-0.2": 0.9980594936419864, 
    "inv_first_ISI.Step0.2": 0.590739108988115, 
    "voltage_deflection_vb_ssse.Step-0.2": 1.704817589752539, 
    "voltage_deflection_vb_ssse.Step-0.6": 1.7217211763848224, 
    "AP_begin_voltage.Step1.0": 0.09413425681485683, 
    "sag_ratio2.Step-1.0": 0.042115090495097394, 
    "AP_rise_rate.Step0.8": 1.6659348719200073, 
    "steady_state_voltage.Step0.4": 1.1300895941321931, 
    "steady_state_voltage.Step0.6": 1.2454715378169878, 
    "inv_time_to_first_spike.Step0.8": 0.20320821125758945, 
    "ISI_values.Step0.8": 0.8582003820741657, 
    "inv_time_to_first_spike.Step1.0": 0.17426858739263443, 
    "inv_time_to_first_spike.Step0.4": 0.4398605347658339, 
    "Spikecount_stimint.Step0.4": 0.3045276059019514, 
    "inv_time_to_first_spike.Step0.6": 0.20273848889118457, 
    "steady_state_voltage.Step0.8": 1.3547754256993845, 
    "inv_time_to_first_spike.Step0.2": 0.6944853634392383, 
    "minimum_voltage.Step-0.4": 1.3781844289797667, 
    "steady_state_voltage.Step-0.8": 1.2606517007036315, 
    "minimum_voltage.Step-0.6": 1.8762563299029447, 
    "min_AHP_values.Step0.8": 1.2492833838715462, 
    "minimum_voltage.Step-0.2": 1.4404859479861285, 
    "sag_ratio1.Step-1.0": 0.042115090495098255, 
    "minimum_voltage.Step-0.8": 1.831270705367693, 
    "steady_state_voltage.Step-0.4": 1.1184925692579775, 
    "steady_state_voltage.Step-0.6": 1.1857522452309768, 
    "APlast_amp.Step0.8": 1.0029238057342023, 
    "sag_ratio2.Step-0.2": 1.2090244221247712, 
    "AP_duration_half_width_change.Step1.0": 1.6736965436541427, 
    "sag_ratio2.Step-0.6": 0.5478480207358338, 
    "sag_ratio2.Step-0.4": 0.5879901950008333, 
    "sag_ratio2.Step-0.8": 0.17560886696269157, 
    "AP_fall_rate.Step1.0": 0.27838588501241557, 
    "maximum_voltage_from_voltagebase.Step1.0": 0.9395808628344646, 
    "AP_amplitude.Step0.8": 0.4635235718867082, 
    "AHP_depth_abs.Step1.0": 0.8891267696153164, 
    "amp_drop_first_second.Step1.0": 1.671999293949725, 
    "number_initial_spikes.Step1.0": 1.176431935165918, 
    "voltage_deflection_vb_ssse.Step-0.4": 1.8020700120724698, 
    "time_to_last_spike.Step0.8": 0.901466454039922, 
    "AP1_peak.Step1.0": 0.3244398011617312, 
    "irregularity_index.Step0.8": 1.052665874306687, 
    "AP_height.Step1.0": 0.5871089389941639, 
    "AP2_begin_width.Step0.8": 0.41918063314321824, 
    "amp_drop_second_last.Step1.0": 1.6044579690886192, 
    "min_voltage_between_spikes.Step1.0": 0.7228323036729314, 
    "fast_AHP_change.Step0.8": 0.3083395711806508, 
    "AP_rise_rate_change.Step1.0": 1.621573397898922, 
    "AHP2_depth_from_peak.Step1.0": 1.2674442173456677, 
    "AP_width.Step0.8": 2.353946297794212, 
    "voltage_deflection.Step-0.4": 1.8041443561273152, 
    "AP_duration_half_width.Step1.0": 2.1747732097956542, 
    "time_to_last_spike.Step1.0": 0.8308422690332348, 
    "AHP_depth_abs.Step0.8": 1.2492833838715462, 
    "min_AHP_values.Step1.0": 0.8891267696153164, 
    "steady_state_hyper.Step-0.6": 1.9188295237163824, 
    "steady_state_hyper.Step-0.4": 1.8367991631125604, 
    "maximum_voltage.Step1.0": 0.3149176749307646, 
    "time_to_second_spike.Step1.0": 0.4028555972182128, 
    "steady_state_hyper.Step-0.8": 1.9653747476098493, 
    "AP_fall_time.Step0.8": 1.2447989551146696, 
    "time_to_second_spike.Step0.8": 0.0039651392607132725, 
    "spike_width2.Step0.8": 0.16261188575505636, 
    "ISI_values.Step1.0": 1.4036801737094973, 
    "AP_rise_rate.Step1.0": 1.4436465003153556, 
    "sag_ratio1.Step-0.6": 0.5478480207358334, 
    "minimum_voltage.Step-1.0": 1.7255054448952576, 
    "sag_ratio1.Step-0.4": 0.5879901950008327, 
    "sag_ratio1.Step-0.2": 1.2090244221247715, 
    "voltage_after_stim.Step0.6": 1.2799140629400207, 
    "voltage_after_stim.Step0.4": 1.1660712624118292, 
    "inv_second_ISI.Step0.4": 0.3747446336950842, 
    "voltage_after_stim.Step0.8": 1.3618430883483739, 
    "steady_state_voltage.Step-1.0": 1.2324158366312032, 
    "sag_ratio1.Step-0.8": 0.1756088669626907, 
    "maximum_voltage.Step0.4": 0.4775399836437386, 
    "steady_state_voltage_stimend.Step-0.8": 1.9654849003364336, 
    "APlast_amp.Step1.0": 1.2841265492065375, 
    "spike_width2.Step1.0": 0.11720492171931439, 
    "mean_frequency.Step0.8": 1.484225748572539, 
    "inv_third_ISI.Step0.8": 0.28150040719677083, 
    "steady_state_voltage.Step0.2": 1.04460360942093,