{
    "Z_score_avg_weak_propagating": 3.037263060216457, 
    "Z_score_avg_strong_propagating": 1.7932868534743878
}