{
    "Z_score_avg_strong_propagating": 1.7372717825451984,
    "Z_score_avg_weak_propagating": 2.9621936523984087
}