{
    "AP1_amp_at_50": 1.0039165560925827,
    "AP1_amp_at_150": 0.08412472025096396,
    "AP1_amp_at_250": 0.5133044611063675,
    "AP1_amp_strong_propagating_at_350": 1.9610579982527754,
    "AP1_amp_weak_propagating_at_350": 11.912861514420939,
    "APlast_amp_at_50": 1.680702772546081,
    "APlast_amp_at_150": 0.5675090543378023,
    "APlast_amp_at_250": 6.187214752458405,
    "APlast_amp_at_350": 2.349065166710045
}