{
    "AP1_amp_at_50": 1.0009019198279454,
    "AP1_amp_at_150": 0.07748511290798021,
    "AP1_amp_at_250": 0.6582226240143454,
    "AP1_amp_strong_propagating_at_350": 1.9981336034841584,
    "AP1_amp_weak_propagating_at_350": 11.797508562309842,
    "APlast_amp_at_50": 1.6812144792649928,
    "APlast_amp_at_150": 0.571881511371655,
    "APlast_amp_at_250": 5.647687260931389,
    "APlast_amp_at_350": 2.2626477485591203
}