{
    "Z_score_avg_strong_propagating": 1.793361935219378,
    "Z_score_avg_weak_propagating": 3.0373373747403987
}