{
    "AP1_amp_at_50": 1.0039174120397885, 
    "AP1_amp_at_150": 0.08412536585944459, 
    "AP1_amp_at_250": 0.5133050925432721, 
    "AP1_amp_strong_propagating_at_350": 1.9610565053469722, 
    "AP1_amp_weak_propagating_at_350": 11.912866159283526, 
    "APlast_amp_at_50": 1.6828211743860417, 
    "APlast_amp_at_150": 0.5666388414005428, 
    "APlast_amp_at_250": 6.185623936981401, 
    "APlast_amp_at_350": 2.348806499237641
}