{
    "AP2_amp.Step0.15": 2.0354505889975867, 
    "decay_time_constant_after_stim.Step0.15": 3.9825190179661827, 
    "AP_begin_voltage.Step0.2": 6.615938954919452, 
    "doublet_ISI.Step0.15": 0.060754522215172475, 
    "peak_voltage.Step0.25": 0.2674011054153785, 
    "AP_duration_half_width.Step0.15": 5.5026123302051895, 
    "AHP_time_from_peak.Step0.15": 0.650749903855405, 
    "inv_third_ISI.Step0.25": 2.1475180968149887, 
    "irregularity_index.Step0.25": 4.8215470759019645, 
    "inv_time_to_first_spike.Step0.15": 3.0119263504131166, 
    "voltage_base.Step-0.2": 16.581663856661496, 
    "inv_first_ISI.Step0.25": 1.871211115696905, 
    "spike_width2.Step0.2": 8.318598016548112, 
    "AP_amplitude_from_voltagebase.Step0.25": 1.1152087355684561, 
    "spike_half_width.Step0.15": 6.176416420082953, 
    "voltage_deflection.Step-0.25": 2.6043533087359645, 
    "steady_state_voltage_stimend.Step-0.25": 6.126503574129634, 
    "amp_drop_first_last.Step0.2": 0.05714358996279992, 
    "mean_frequency.Step0.15": 0.9996313540737392, 
    "AHP_depth_diff.Step0.25": 3.2095693900660347, 
    "AP_begin_width.Step0.25": 1.5181295678714573, 
    "steady_state_hyper.Step-0.1": 9.931326918992744, 
    "AP_fall_rate.Step0.25": 7.232348724653376, 
    "AP1_peak.Step0.15": 1.0746482325159692, 
    "AP2_width.Step0.15": 4.538069679609376, 
    "time_to_last_spike.Step0.15": 0.8534318222528684, 
    "AP_duration_half_width_change.Step0.2": 1.1982272361090802, 
    "spike_width2.Step0.25": 7.749721426866874, 
    "voltage_base.Step0.2": 7.940196140578363, 
    "AHP1_depth_from_peak.Step0.2": 1.9550179908665897, 
    "AP2_begin_width.Step0.15": 0.9024017697262101, 
    "AP_rise_time.Step0.25": 0.06369648452217452, 
    "AP_fall_rate.Step0.2": 5.285316951276292, 
    "voltage_after_stim.Step-0.25": 13.485266079061358, 
    "inv_fifth_ISI.Step0.1": 0.5, 
    "inv_fifth_ISI.Step0.2": 2.674867887815332, 
    "voltage_base.Step-0.25": 16.780046755215242, 
    "min_voltage_between_spikes.Step0.2": 11.207150432898137, 
    "AP2_peak.Step0.2": 0.6922191721745693, 
    "decay_time_constant_after_stim.Step0.25": 2.8469102565044735, 
    "amp_drop_first_second.Step0.2": 0.7752505182092303, 
    "inv_second_ISI.Step0.25": 0.5088421043262712, 
    "maximum_voltage_from_voltagebase.Step0.1": 1.6423620530094798, 
    "inv_last_ISI.Step0.15": 1.1624327979062825, 
    "inv_fifth_ISI.Step0.25": 2.1166310316169334, 
    "mean_frequency.Step0.25": 3.5467823454573177, 
    "ISI_semilog_slope.Step0.25": 8.943061958033006, 
    "AHP1_depth_from_peak.Step0.15": 1.5842469348366057, 
    "amp_drop_second_last.Step0.2": 0.5729375986248646, 
    "AP1_peak.Step0.2": 0.6012540076801316, 
    "number_initial_spikes.Step0.2": 7.001500375093774, 
    "maximum_voltage_from_voltagebase.Step0.25": 0.9950590344979, 
    "AP_duration.Step0.15": 3.347017318805765, 
    "inv_fifth_ISI.Step0.15": 1.3491200729294406, 
    "AHP2_depth_from_peak.Step0.25": 2.9716740941711057, 
    "APlast_amp.Step0.2": 2.3202557023852015, 
    "voltage_after_stim.Step0.25": 5.61988919357725, 
    "AHP2_depth_from_peak.Step0.2": 2.0793441184437924, 
    "Spikecount.Step0.15": 1.0164563617245006, 
    "decay_time_constant_after_stim.Step-0.05": 3.13422346573265, 
    "time_to_first_spike.Step0.2": 3.4922653832507504, 
    "AP_rise_time.Step0.2": 1.5435698088609064, 
    "irregularity_index.Step0.15": 1.8988707617694878, 
    "min_AHP_values.Step0.25": 11.246155919010151, 
    "voltage_deflection.Step-0.15": 1.2939217070506355, 
    "time_to_last_spike.Step0.25": 1.7652890962982322, 
    "voltage_deflection_vb_ssse.Step-0.1": 0.561909611355604, 
    "voltage_after_stim.Step-0.15": 14.748445854164695, 
    "AP1_peak.Step0.25": 0.5316517631434103, 
    "AP_duration_half_width.Step0.2": 5.104051565383394, 
    "voltage_deflection_begin.Step-0.25": 0.8174279342158807, 
    "Spikecount.Step0.2": 3.1190919240788983, 
    "Spikecount.Step0.1": 1.2461059190031152, 
    "Spikecount_stimint.Step0.15": 1.0164563617245006, 
    "AP_rise_rate_change.Step0.25": 4.78116472875404, 
    "inv_first_ISI.Step0.1": 0.6617676236947112, 
    "voltage_after_stim.Step-0.1": 15.249933280283976, 
    "inv_first_ISI.Step0.2": 0.8551645384051816, 
    "burst_mean_freq.Step0.25": 3.0873673029290885, 
    "spike_width2.Step0.15": 8.101660389886932, 
    "fast_AHP_change.Step0.25": 0.3968026300415717, 
    "AHP_depth_from_peak.Step0.2": 2.0898106240476206, 
    "Spikecount_stimint.Step0.2": 3.1190919240788983, 
    "time_to_first_spike.Step0.15": 2.5525851119345795, 
    "max_amp_difference.Step0.25": 0.31031733236559356, 
    "steady_state_voltage.Step0.1": 7.665742477071473, 
    "time_constant.Step-0.25": 3.011803770383665, 
    "ISI_log_slope_skip.Step0.2": 1.8801349318450011, 
    "steady_state_voltage.Step0.2": 6.678684549469507, 
    "voltage_base.Step-0.1": 14.923821646797375, 
    "voltage_deflection.Step-0.2": 2.1789070633781233, 
    "AP_rise_rate.Step0.2": 0.07427773869972082, 
    "single_burst_ratio.Step0.25": 3.682625410907991, 
    "ISI_values.Step0.2": 1.6813552839673058, 
    "AP_width.Step0.25": 6.384002575042549, 
    "AHP_time_from_peak.Step0.25": 0.9367383614989943, 
    "AP_duration.Step0.25": 3.9583860587976005, 
    "voltage_base.Step0.05": 9.1536670891706, 
    "peak_voltage.Step0.15": 0.8326748040555302, 
    "minimum_voltage.Step-0.1": 7.220813997725517, 
    "minimum_voltage.Step-0.2": 4.574591782790241, 
    "AP_begin_voltage.Step0.15": 6.646539734416545, 
    "steady_state_voltage.Step-0.1": 16.506945127317394, 
    "AP_rise_rate.Step0.15": 0.28967080846753707, 
    "AP_amplitude_change.Step0.15": 2.6551285597255228, 
    "AP_height.Step0.25": 0.2674011054153785, 
    "sag_ratio2.Step-0.2": 6.662068949119398, 
    "sag_ratio2.Step-0.1": 5.73030303030217, 
    "decay_time_constant_after_stim.Step-0.1": 3.1511672817468055, 
    "decay_time_constant_after_stim.Step-0.2": 2.239282458101885, 
    "sag_amplitude.Step-0.15": 5.351714285602021, 
    "AHP_depth.Step0.2": 13.883254636311555, 
    "inv_fourth_ISI.Step0.15": 0.8942875658670948, 
    "sag_ratio1.Step-0.15": 7.123595505464341, 
    "doublet_ISI.Step0.2": 0.5222323934151071, 
    "AHP_depth_abs.Step0.15": 11.195860401617542, 
    "ISI_values.Step0.15": 0.9019604069899774, 
    "time_to_last_spike.Step0.2": 0.34463195518084494, 
    "AP_rise_rate_change.Step0.15": 1.0202674597045125, 
    "sag_amplitude.Step-0.05": 6.204711616570046, 
    "AP_amplitude.Step0.2": 1.840616584737459, 
    "voltage_deflection_vb_ssse.Step-0.25": 2.6292817064085194, 
    "spike_half_width.Step0.25": 6.336322492005193, 
    "AP2_begin_width.Step0.2": 1.6607423269106487, 
    "AP2_peak.Step0.15": 0.7721075859221869, 
    "maximum_voltage_from_voltagebase.Step0.05": 2.701619177050224, 
    "AP2_amp.Step0.25": 3.064534424735285, 
    "number_initial_spikes.Step0.15": 1.8260750479320738, 
    "AP_amplitude_from_voltagebase.Step0.15": 0.4983300292463807, 
    "AP_width.Step0.15": 5.897910243239281, 
    "burst_mean_freq.Step0.2": 0.4397193730934212, 
    "AP_begin_voltage.Step0.25": 6.155812626239387, 
    "voltage_base.Step0.15": 8.62216044247768, 
    "voltage_base.Step0.25": 7.520032366204891, 
    "AHP_depth.Step0.25": 14.165710395222474, 
    "APlast_amp.Step0.15": 1.8926877862403282, 
    "voltage_deflection_begin.Step-0.1": 0.030322217452918455, 
    "voltage_base.Step-0.05": 15.815993923548653, 
    "AP_amplitude.Step0.25": 2.641475271310855, 
    "initburst_sahp_ssse.Step0.25": 1.4058380459130235, 
    "AHP_depth_diff.Step0.2": 2.9725670817314827, 
    "amp_drop_second_last.Step0.25": 0.44562455560459124, 
    "initburst_sahp.Step0.25": 7.670555323743843, 
    "voltage_base.Step-0.15": 15.73776452149203, 
    "steady_state_voltage.Step-0.2": 15.05201809149428, 
    "AHP_depth_abs.Step0.2": 11.644177871482606, 
    "AP_duration_change.Step0.25": 1.7243047158539622, 
    "AP_width.Step0.2": 5.800149700604249, 
    "steady_state_voltage_stimend.Step-0.1": 9.72399097499397,