{
    "sag_amplitude.Step-0.25": 4.679734949382772,
    "AP2_amp.Step0.25": 3.064534424735285,
    "AP_begin_width.Step0.15": 0.8552154635671424,
    "inv_last_ISI.Step0.2": 4.218046200890758,
    "AP_fall_time.Step0.15": 3.889682024666838,
    "AHP_depth_abs.Step0.2": 11.644177871482606,
    "Spikecount_stimint.Step0.2": 3.1190919240788983,
    "minimum_voltage.Step-0.05": 12.072473192847976,
    "adaptation_index2.Step0.2": 3.7727272727272725,
    "AP_duration_half_width.Step0.15": 5.5026123302051895,
    "steady_state_hyper.Step-0.2": 6.76406672406811,
    "sag_ratio1.Step-0.15": 7.123595505464341,
    "decay_time_constant_after_stim.Step-0.2": 2.239282458101885,
    "spike_width2.Step0.2": 8.318598016548112,
    "initburst_sahp_vb.Step0.25": 6.085951124271294,
    "voltage_deflection.Step-0.2": 2.1789070633781233,
    "sag_ratio1.Step-0.25": 6.629628719561609,
    "decay_time_constant_after_stim.Step-0.1": 3.1511672817468055,
    "amp_drop_first_last.Step0.25": 4.2109449837281705,
    "inv_fifth_ISI.Step0.25": 2.1166310316169334,
    "voltage_deflection_begin.Step-0.2": 0.7291113878350781,
    "voltage_deflection_begin.Step-0.05": 0.23710078924404032,
    "AP1_peak.Step0.15": 1.0746482325159692,
    "voltage_deflection_begin.Step-0.25": 0.8174279342158807,
    "spike_width2.Step0.25": 7.749721426866874,
    "min_voltage_between_spikes.Step0.2": 11.207150432898137,
    "AP_width.Step0.2": 5.800149700604249,
    "voltage_deflection.Step-0.25": 2.6043533087359645,
    "fast_AHP.Step0.15": 2.076024402534932,
    "AP2_AP1_peak_diff.Step0.2": 0.7752505182092303,
    "voltage_base.Step-0.2": 16.581663856661496,
    "voltage_after_stim.Step-0.15": 14.748445854164695,
    "AP2_width.Step0.2": 4.219340686045345,
    "min_voltage_between_spikes.Step0.25": 11.09794491621254,
    "AP_rise_rate.Step0.2": 0.07427773869972082,
    "voltage_deflection_begin.Step-0.15": 0.3449739990881649,
    "AP_amplitude.Step0.2": 1.840616584737459,
    "inv_second_ISI.Step0.25": 0.5088421043262712,
    "AP_duration_half_width_change.Step0.2": 1.1982272361090802,
    "doublet_ISI.Step0.25": 2.4580531751280144,
    "ISI_log_slope_skip.Step0.2": 1.8801349318450011,
    "maximum_voltage.Step0.05": 7.3401180435001026,
    "AP2_begin_width.Step0.2": 1.6607423269106487,
    "steady_state_voltage.Step-0.1": 16.506945127317394,
    "voltage_base.Step-0.15": 15.73776452149203,
    "minimum_voltage.Step-0.15": 5.422625238270283,
    "AP_amplitude_change.Step0.2": 2.301452024421144,
    "time_constant.Step-0.15": 1.37976388270637,
    "AHP_depth.Step0.2": 13.883254636311555,
    "maximum_voltage_from_voltagebase.Step0.25": 0.9950590344979,
    "spike_half_width.Step0.25": 6.336322492005193,
    "ISI_semilog_slope.Step0.25": 8.943061958033006,
    "maximum_voltage.Step0.2": 0.6408093734118292,
    "AP_height.Step0.2": 0.7682442731065287,
    "time_to_last_spike.Step0.15": 0.8534318222528684,
    "voltage_after_stim.Step-0.1": 15.249933280283976,
    "steady_state_voltage_stimend.Step-0.05": 13.95482585666677,
    "inv_first_ISI.Step0.15": 0.5881237622314366,
    "AHP_time_from_peak.Step0.2": 0.1800984188472281,
    "minimum_voltage.Step-0.1": 7.220813997725517,
    "voltage_deflection.Step-0.15": 1.2939217070506355,
    "inv_fifth_ISI.Step0.2": 2.674867887815332,
    "sag_amplitude.Step-0.2": 4.512008721768915,
    "AHP_depth_diff.Step0.25": 3.2095693900660347,
    "AHP_depth_from_peak.Step0.15": 1.9429371156565807,
    "ISI_log_slope_skip.Step0.25": 9.051409848939784,
    "sag_ratio2.Step-0.2": 6.662068949119398,
    "irregularity_index.Step0.15": 1.8988707617694878,
    "AP2_begin_voltage.Step0.25": 6.444472654877545,
    "steady_state_voltage.Step-0.15": 16.17944274483327,
    "amp_drop_first_second.Step0.25": 2.578943112068416,
    "AP_duration_half_width_change.Step0.25": 3.7741492865090778,
    "voltage_base.Step0.25": 7.520032366204891,
    "time_to_second_spike.Step0.25": 2.2523759790267253,
    "AP_duration.Step0.25": 3.9583860587976005,
    "voltage_base.Step-0.05": 15.815993923548653,
    "AP2_amp.Step0.15": 2.0354505889975867,
    "voltage_base.Step0.15": 8.62216044247768,
    "inv_third_ISI.Step0.1": 0.5000035408006458,
    "inv_second_ISI.Step0.1": 0.4999832152808084,
    "AP_begin_width.Step0.2": 1.0853597827738046,
    "inv_first_ISI.Step0.1": 0.6617676236947112,
    "sag_ratio1.Step-0.05": 9.302631578943844,
    "APlast_amp.Step0.2": 2.3202557023852015,
    "fast_AHP_change.Step0.2": 0.5599843437995843,
    "AP_duration_change.Step0.2": 0.856366797055427,
    "voltage_deflection_vb_ssse.Step-0.05": 0.036947893556169446,
    "AHP2_depth_from_peak.Step0.25": 2.9716740941711057,
    "AHP_depth_abs.Step0.15": 11.195860401617542,
    "max_amp_difference.Step0.15": 2.882889466306099,
    "AP_duration_half_width_change.Step0.15": 1.311731843575419,
    "burst_mean_freq.Step0.2": 0.4397193730934212,
    "time_to_first_spike.Step0.2": 3.4922653832507504,
    "Spikecount_stimint.Step0.15": 1.0164563617245006,
    "time_constant.Step-0.05": 1.8431114370544128,
    "fast_AHP.Step0.2": 2.6174240957547847,
    "peak_voltage.Step0.15": 0.8326748040555302,
    "voltage_after_stim.Step-0.2": 13.691980550405397,
    "AHP2_depth_from_peak.Step0.2": 2.0793441184437924,
    "AP2_peak.Step0.25": 0.03199363363718894,
    "maximum_voltage_from_voltagebase.Step0.2": 0.7287133297106626,
    "AP_width.Step0.25": 6.384002575042549,
    "min_voltage_between_spikes.Step0.15": 9.309367545363369,
    "spike_half_width.Step0.15": 6.176416420082953,
    "AP_amplitude_change.Step0.25": 4.027529857631618,
    "AHP1_depth_from_peak.Step0.15": 1.5842469348366057,
    "APlast_amp.Step0.15": 1.8926877862403282,
    "AP1_peak.Step0.25": 0.5316517631434103,
    "steady_state_voltage.Step0.25": 6.058732555091523,
    "Spikecount.Step0.2": 3.1190919240788983,
    "time_to_last_spike.Step0.25": 1.7652890962982322,
    "steady_state_voltage_stimend.Step-0.25": 6.126503574129634,
    "AHP_time_from_peak.Step0.25": 0.9367383614989943,
    "inv_first_ISI.Step0.25": 1.871211115696905,
    "inv_first_ISI.Step0.2": 0.8551645384051816,
    "AHP_depth_abs.Step0.25": 11.246155919010151,
    "steady_state_hyper.Step-0.25": 6.17806463075125,
    "time_constant.Step-0.1": 3.5941774743706247,
    "amp_drop_first_second.Step0.15": 3.8178356209589457,
    "single_burst_ratio.Step0.25": 3.682625410907991,
    "steady_state_voltage.Step-0.2": 15.05201809149428,
    "decay_time_constant_after_stim.Step-0.25": 1.6562096907243873,
    "AHP_depth_diff.Step0.2": 2.9725670817314827,
    "time_constant.Step-0.25": 3.011803770383665,
    "voltage_deflection.Step-0.1": 0.5259505144638752,
    "steady_state_voltage.Step0.1": 7.665742477071473,
    "AP2_AP1_peak_diff.Step0.15": 3.8178356209589457,
    "initburst_sahp.Step0.25": 7.670555323743843,
    "adaptation_index2.Step0.25": 5.870186106505307,
    "number_initial_spikes.Step0.25": 0.5003750937734432,
    "AP_begin_width.Step0.25": 1.5181295678714573,
    "mean_frequency.Step0.15": 0.9996313540737392,
    "sag_ratio2.Step-0.1": 5.73030303030217,
    "steady_state_voltage.Step0.15": 8.22290932602992,
    "inv_fifth_ISI.Step0.15": 1.3491200729294406,
    "voltage_after_stim.Step-0.05": 15.962317100346285,
    "voltage_after_stim.Step0.15": 7.590363546331889,
    "decay_time_constant_after_stim.Step0.25": 2.8469102565044735,
    "time_to_first_spike.Step0.15": 2.5525851119345795,
    "peak_voltage.Step0.2": 0.7682442731065287,
    "inv_time_to_first_spike.Step0.25": 8.7788525718353,
    "AP_amplitude_from_voltagebase.Step0.15": 0.4983300292463807,
    "ISI_CV.Step0.2": 3.4372878209350026,
    "time_to_last_spike.Step0.2": 0.34463195518084494,
    "AP_duration_half_width.Step0.25": 7.271896939547301,
    "inv_second_ISI.Step0.2": 1.2444676292601349,
    "APlast_amp.Step0.25": 3.378756397330029,
    "decay_time_constant_after_stim.Step0.15": 3.9825190179661827,
    "AP2_begin_voltage.Step0.2": 6.399376357868531,
    "burst_number.Step0.2": 0.5003750937734432,