{
    "threshold_error": 0.07058271575252464,
    "prox_threshold_error": 0.04913699883676983,
    "dist_threshold_error": 0.5366431082860291,
    "nonlin_at_th_error": 1.3436110081997557,
    "nonlin_suprath_error": 1.5006416751734102,
    "peak_deriv_error": 0.8143734655905704,
    "amp_at_th_error": 0.8082021015403903,
    "time_to_peak_error": 4.9261530320983855,
    "async_nonlin_error": 0.6857953243307525
}