{
    "threshold": 0.9124142980439024,
    "proximal_threshold": NaN,
    "distal_threshold": NaN,
    "peak_dV/dt_at_th": 0.08599912721464086,
    "degree_of_nonlinearity_at_th": 0.35498099891262247,
    "suprath_degree_of_nonlinearity": 0.38076272842246334,
    "amplitude_at_th": 8.19031810717003e-08,
    "time_to_peak_at_th": 2.9014761300619652e-06,
    "asynch_degree_of_nonlin_at_th": 0.004152543132004868
}