{
    "AP2_amp.Step0.15": 1.961861324906695, 
    "decay_time_constant_after_stim.Step0.15": 1792.7283813462402, 
    "AP_begin_voltage.Step0.2": 3.4955721003268216, 
    "doublet_ISI.Step0.15": 0.257796433840635, 
    "peak_voltage.Step0.25": 2.0041574369254453, 
    "AP_duration_half_width.Step0.15": 8.637408568446853, 
    "AHP_time_from_peak.Step0.15": 9.832265094207266, 
    "inv_third_ISI.Step0.25": 0.44938377324939477, 
    "irregularity_index.Step0.25": 4.756739941932996, 
    "inv_time_to_first_spike.Step0.15": 8.552364429026643, 
    "voltage_base.Step-0.2": 10.92138562650325, 
    "inv_first_ISI.Step0.25": 2.22293360048518, 
    "spike_width2.Step0.2": 3.6468208403979396, 
    "AP_amplitude_from_voltagebase.Step0.25": 1.2306620390158696, 
    "spike_half_width.Step0.15": 5.652893666855427, 
    "voltage_deflection.Step-0.25": 0.6969650492009847, 
    "steady_state_voltage_stimend.Step-0.25": 3.1043899076833608, 
    "amp_drop_first_last.Step0.2": 3.8173516681642155, 
    "mean_frequency.Step0.15": 2.604480129635758, 
    "AHP_depth_diff.Step0.25": 5.289041132969466, 
    "AP_begin_width.Step0.25": 0.4635408471899022, 
    "steady_state_hyper.Step-0.1": 6.9951364084209295, 
    "AP_fall_rate.Step0.25": 3.2577764875761877, 
    "AP1_peak.Step0.15": 2.4200121833115964, 
    "AP2_width.Step0.15": 3.1217278882119315, 
    "time_to_last_spike.Step0.15": 0.7427108706854768, 
    "AP_duration_half_width_change.Step0.2": 4.352851642940281, 
    "spike_width2.Step0.25": 2.3797360061766826, 
    "voltage_base.Step0.2": 4.9953731832362145, 
    "AHP1_depth_from_peak.Step0.2": 1.0956274482334603, 
    "AP2_begin_width.Step0.15": 0.2036763931296258, 
    "AP_rise_time.Step0.25": 1.222222222208918, 
    "AP_fall_rate.Step0.2": 3.9884815379726004, 
    "voltage_after_stim.Step-0.25": 7.174568224848655, 
    "inv_fifth_ISI.Step0.1": 0.5, 
    "inv_fifth_ISI.Step0.2": 0.9544488359920512, 
    "voltage_base.Step-0.25": 11.067421762172541, 
    "min_voltage_between_spikes.Step0.2": 4.328948619329047, 
    "AP2_peak.Step0.2": 1.9785178853896763, 
    "decay_time_constant_after_stim.Step0.25": 294.4435305603669, 
    "amp_drop_first_second.Step0.2": 1.8164656953727023, 
    "inv_second_ISI.Step0.25": 0.4299267791399512, 
    "maximum_voltage_from_voltagebase.Step0.1": 1.5294227486318408, 
    "inv_last_ISI.Step0.15": 0.45197932809113367, 
    "inv_fifth_ISI.Step0.25": 0.6728985092292228, 
    "mean_frequency.Step0.25": 0.8851980596568224, 
    "ISI_semilog_slope.Step0.25": 9.236686626420441, 
    "AHP1_depth_from_peak.Step0.15": 1.507287375212686, 
    "amp_drop_second_last.Step0.2": 1.2019738896319445, 
    "AP1_peak.Step0.2": 1.7758699220795604, 
    "number_initial_spikes.Step0.2": 8.00225056264066, 
    "maximum_voltage_from_voltagebase.Step0.25": 0.8585126693060396, 
    "AP_duration.Step0.15": 11.044259140479328, 
    "inv_fifth_ISI.Step0.15": 1.3801822628099805, 
    "AHP2_depth_from_peak.Step0.25": 0.5196529617269436, 
    "APlast_amp.Step0.2": 0.9552832065095991, 
    "voltage_after_stim.Step0.25": 4.8562963289294725, 
    "AHP2_depth_from_peak.Step0.2": 0.8094086174332453, 
    "Spikecount.Step0.15": 2.138117770767613, 
    "decay_time_constant_after_stim.Step-0.05": 1.0526199605952218, 
    "time_to_first_spike.Step0.2": 5.4984001904296465, 
    "AP_rise_time.Step0.2": 2.0294784580344194, 
    "irregularity_index.Step0.15": NaN, 
    "min_AHP_values.Step0.25": 5.170146815919417, 
    "voltage_deflection.Step-0.15": 0.9569180088913966, 
    "time_to_last_spike.Step0.25": 0.6770971876106139, 
    "voltage_deflection_vb_ssse.Step-0.1": 0.9047880402680464, 
    "voltage_after_stim.Step-0.15": 8.650311025884854, 
    "AP1_peak.Step0.25": 1.628109034547669, 
    "AP_duration_half_width.Step0.2": 2.9861878453116555, 
    "voltage_deflection_begin.Step-0.25": 0.027941346346305584, 
    "Spikecount.Step0.2": 0.9924504226699983, 
    "Spikecount.Step0.1": 1.2461059190031152, 
    "Spikecount_stimint.Step0.15": 2.138117770767613, 
    "AP_rise_rate_change.Step0.25": 5.397610127446196, 
    "inv_first_ISI.Step0.1": 0.6617676236947112, 
    "voltage_after_stim.Step-0.1": 9.291356780558234, 
    "inv_first_ISI.Step0.2": 1.0976152582095489, 
    "burst_mean_freq.Step0.25": 1.2206414071499985, 
    "spike_width2.Step0.15": 4.408879773384992, 
    "fast_AHP_change.Step0.25": 1.0737555386070363, 
    "AHP_depth_from_peak.Step0.2": 0.8415075786895365, 
    "Spikecount_stimint.Step0.2": 0.4607900473177733, 
    "time_to_first_spike.Step0.15": 59.37238623338254, 
    "max_amp_difference.Step0.25": 0.6422333192597924, 
    "steady_state_voltage.Step0.1": 0.436228822959741, 
    "time_constant.Step-0.25": 5.55101456527554, 
    "ISI_log_slope_skip.Step0.2": 2.5257055409108102, 
    "steady_state_voltage.Step0.2": 4.495464343693994, 
    "voltage_base.Step-0.1": 9.770648502910106, 
    "voltage_deflection.Step-0.2": 1.0367408311039787, 
    "AP_rise_rate.Step0.2": 1.748212567980049, 
    "single_burst_ratio.Step0.25": 3.551181637481841, 
    "ISI_values.Step0.2": 1.01055575517097, 
    "AP_width.Step0.25": 0.4190606475039859, 
    "AHP_time_from_peak.Step0.25": 0.02473830678982076, 
    "AP_duration.Step0.25": 0.5869698832347652, 
    "voltage_base.Step0.05": 5.78181509968509, 
    "peak_voltage.Step0.15": 2.341520057376755, 
    "minimum_voltage.Step-0.1": 5.66535371701318, 
    "minimum_voltage.Step-0.2": 3.5648767708634077, 
    "AP_begin_voltage.Step0.15": 3.27101619868692, 
    "steady_state_voltage.Step-0.1": 10.873125197103299, 
    "AP_rise_rate.Step0.15": 1.4849161419449173, 
    "AP_amplitude_change.Step0.15": 0.4500867523663142, 
    "AP_height.Step0.25": 2.0041574369254453, 
    "sag_ratio2.Step-0.2": 0.5448044607089827, 
    "sag_ratio2.Step-0.1": 1.6672912089967962, 
    "decay_time_constant_after_stim.Step-0.1": 1.0637753843486515, 
    "decay_time_constant_after_stim.Step-0.2": 1.2871534173505748, 
    "sag_amplitude.Step-0.15": 0.4214057108439435, 
    "AHP_depth.Step0.2": 4.594851348886832, 
    "inv_fourth_ISI.Step0.15": 1.6510882117793375, 
    "sag_ratio1.Step-0.15": 1.200766630029776, 
    "doublet_ISI.Step0.2": 0.8973993427044883, 
    "AHP_depth_abs.Step0.15": 4.541144852766811, 
    "ISI_values.Step0.15": NaN, 
    "time_to_last_spike.Step0.2": 2.779472970855168, 
    "AP_rise_rate_change.Step0.15": NaN, 
    "sag_amplitude.Step-0.05": 3.115050929830647, 
    "AP_amplitude.Step0.2": 1.299466603997252, 
    "voltage_deflection_vb_ssse.Step-0.25": 0.7160782628292358, 
    "spike_half_width.Step0.25": 2.639584284876638, 
    "AP2_begin_width.Step0.2": 0.12369735902634368, 
    "AP2_peak.Step0.15": 2.604606526094518, 
    "maximum_voltage_from_voltagebase.Step0.05": 0.9206492450274258, 
    "AP2_amp.Step0.25": 0.953347001055689, 
    "number_initial_spikes.Step0.15": 0.9129005751848809, 
    "AP_amplitude_from_voltagebase.Step0.15": 1.5148990304152912, 
    "AP_width.Step0.15": 1.8673061550635808, 
    "burst_mean_freq.Step0.2": 0.09816596769805817, 
    "AP_begin_voltage.Step0.25": 2.849200255329004, 
    "voltage_base.Step0.15": 5.479300502715, 
    "voltage_base.Step0.25": 4.577648943258386, 
    "AHP_depth.Step0.25": 4.746282890584546, 
    "APlast_amp.Step0.15": 1.2842252041846398, 
    "voltage_deflection_begin.Step-0.1": 0.11542516388554203, 
    "voltage_base.Step-0.05": 10.324189378632843, 
    "AP_amplitude.Step0.25": 1.2827826759880807, 
    "initburst_sahp_ssse.Step0.25": 1.4645637332178143, 
    "AHP_depth_diff.Step0.2": 6.239024769325934, 
    "amp_drop_second_last.Step0.25": 0.6599980520070488, 
    "initburst_sahp.Step0.25": 2.7534632712577434, 
    "voltage_base.Step-0.15": 10.330610056145808, 
    "steady_state_voltage.Step-0.2": 9.63767776688497, 
    "AHP_depth_abs.Step0.2": 5.47287845440971, 
    "AP_duration_change.Step0.25": 3.954893554651716, 
    "AP_width.Step0.2": 1.0860778442996684, 
    "steady_state_voltage_stimend.Step-0.1": 6.852652441520102, 
    "sag_ratio1.Step-0.05": 4.632786675431589,