{
    "ISI_semilog_slope.Step0.2": 3.465468040638755,
    "ISI_log_slope.Step0.25": 6.344540833831544,
    "AHP2_depth_from_peak.Step0.2": 0.809408617433963,
    "maximum_voltage_from_voltagebase.Step0.15": 1.5968851282538352,
    "sag_ratio1.Step-0.15": 1.200766630029776,
    "AP_rise_rate.Step0.15": 1.4849161419448413,
    "AP_amplitude_from_voltagebase.Step0.2": 1.3627219540655113,
    "AP2_width.Step0.15": 3.121727888213841,
    "AP_duration_half_width_change.Step0.25": 6.333011786359756,
    "AHP_depth.Step0.2": 4.594851348886764,
    "min_voltage_between_spikes.Step0.15": 2.6615830657242125,
    "time_constant.Step-0.05": 0.02236581240084457,
    "time_constant.Step-0.2": 4.52250016007736,
    "inv_time_to_first_spike.Step0.25": 2.484902323999811,
    "AP_begin_voltage.Step0.25": 2.849200255330727,
    "AHP_time_from_peak.Step0.25": 0.02473830678982076,
    "AHP2_depth_from_peak.Step0.25": 0.5196529617271476,
    "time_to_first_spike.Step0.25": 4.1706785414504965,
    "steady_state_voltage.Step0.05": 5.451542262398884,
    "decay_time_constant_after_stim.Step0.15": 1792.7283813462402,
    "AP_width.Step0.15": 1.8673061550635808,
    "AP_duration_half_width.Step0.15": 8.637408568446853,
    "AP_duration_half_width_change.Step0.15": NaN,
    "steady_state_voltage.Step-0.25": 9.272841735540618,
    "AHP_depth_diff.Step0.15": 6.316551886769134,
    "AP_width.Step0.25": 0.4190606475039859,
    "AP_rise_time.Step0.2": 2.0294784580344194,
    "sag_ratio2.Step-0.05": 4.632786675431588,
    "decay_time_constant_after_stim.Step-0.2": 1.2871534173505748,
    "AP_rise_rate_change.Step0.15": NaN,
    "irregularity_index.Step0.2": 3.450951478126792,
    "AP_width.Step0.2": 1.0860778442996684,
    "spike_half_width.Step0.15": 5.652893666856938,
    "initburst_sahp_vb.Step0.25": 0.5601085592496703,
    "ISI_semilog_slope.Step0.25": 9.236686626420441,
    "AP2_AP1_peak_diff.Step0.15": 2.832716125963132,
    "AHP1_depth_from_peak.Step0.25": 1.0113219369909656,
    "doublet_ISI.Step0.2": 0.8973993427044883,
    "fast_AHP.Step0.15": NaN,
    "steady_state_hyper.Step-0.15": 5.075864664847566,
    "steady_state_voltage.Step0.1": 0.436228822959741,
    "voltage_after_stim.Step0.1": 0.1604805295827049,
    "irregularity_index.Step0.15": NaN,
    "AP2_width.Step0.2": 2.631451742281222,
    "Spikecount_stimint.Step0.15": 2.138117770767613,
    "voltage_after_stim.Step-0.15": 8.650311025884854,
    "steady_state_hyper.Step-0.1": 6.9951364084209295,
    "adaptation_index.Step0.25": 5.876504574082124,
    "voltage_deflection_vb_ssse.Step-0.1": 0.9047880402680464,
    "maximum_voltage.Step0.1": 1.6386727377728891,
    "min_voltage_between_spikes.Step0.2": 4.328948619328926,
    "decay_time_constant_after_stim.Step-0.05": 1.0526199605952218,
    "AP_amplitude_change.Step0.2": 1.8888280750887387,
    "burst_mean_freq.Step0.2": 0.09816596769805817,
    "time_to_second_spike.Step0.2": 6.071318427168509,
    "minimum_voltage.Step-0.05": 8.652593397572414,
    "steady_state_voltage_stimend.Step-0.2": 4.085903175743604,
    "voltage_base.Step0.2": 4.9953731832362145,
    "decay_time_constant_after_stim.Step-0.25": 1.8400376036653443,
    "AP2_amp.Step0.2": 1.107076642899264,
    "ISI_log_slope_skip.Step0.25": 9.67969156291,
    "AP_height.Step0.15": 2.3415200573766732,
    "maximum_voltage_from_voltagebase.Step0.1": 1.5294227486318408,
    "inv_last_ISI.Step0.1": 0.725294342231532,
    "AP2_amp.Step0.25": 0.9533470010561068,
    "AP_duration.Step0.2": 2.4117647058905214,
    "inv_fourth_ISI.Step0.25": 0.8169717176073588,
    "AP_amplitude_from_voltagebase.Step0.25": 1.230662039015864,
    "AP_rise_rate.Step0.25": 1.3561502833175494,
    "AHP_depth.Step0.25": 4.746282890584558,
    "voltage_deflection.Step-0.2": 1.0367408311039787,
    "AP2_peak.Step0.2": 1.9785178853903747,
    "AP2_AP1_peak_diff.Step0.25": 0.6723347545163824,
    "AP_duration.Step0.15": 11.044259140479328,
    "minimum_voltage.Step-0.15": 4.3954432053845585,
    "AP_begin_voltage.Step0.15": 3.271016198686949,
    "AP_duration_half_width.Step0.25": 1.6315179606149333,
    "inv_fifth_ISI.Step0.25": 0.6728985092292228,
    "peak_voltage.Step0.15": 2.3415200573766732,
    "max_amp_difference.Step0.25": 0.6422333192610007,
    "voltage_base.Step-0.15": 10.330610056145808,
    "AP_duration_half_width.Step0.2": 2.9861878453116555,
    "voltage_deflection.Step-0.1": 0.8475195504150609,
    "AP_fall_rate.Step0.2": 3.9884815379549274,
    "voltage_base.Step-0.25": 11.067421762172541,
    "voltage_deflection.Step-0.05": 0.981879508498759,
    "amp_drop_second_last.Step0.25": 0.6599980520090738,
    "inv_last_ISI.Step0.15": 0.45197932809113367,
    "time_to_last_spike.Step0.2": 2.779472970855168,
    "AP_fall_rate.Step0.15": 5.482642084144481,
    "APlast_amp.Step0.15": 1.2842252041844762,
    "inv_second_ISI.Step0.1": 0.4999832152808084,
    "burst_number.Step0.2": 0.5003750937734432,
    "AHP1_depth_from_peak.Step0.2": 1.095627448233448,
    "Spikecount_stimint.Step0.25": 0.9009676198713447,
    "amp_drop_second_last.Step0.15": NaN,
    "decay_time_constant_after_stim.Step-0.1": 1.0637753843486515,
    "decay_time_constant_after_stim.Step0.05": 1.0868581758566376,
    "AP2_peak.Step0.15": 2.6046065260943836,
    "inv_first_ISI.Step0.25": 2.22293360048518,
    "voltage_after_stim.Step0.15": 3.862729907544462,
    "max_amp_difference.Step0.2": 1.9088241261303023,
    "sag_ratio1.Step-0.2": 0.5448044607089808,
    "min_AHP_values.Step0.2": 5.472878454409686,
    "maximum_voltage.Step0.2": 1.8395790077900975,
    "ISI_CV.Step0.25": 4.916166541306697,
    "AP_amplitude_change.Step0.25": 1.2697923124221735,
    "time_to_first_spike.Step0.2": 5.4984001904296465,
    "sag_amplitude.Step-0.2": 0.17108510817532893,
    "inv_time_to_first_spike.Step0.2": 2.967448087349721,
    "maximum_voltage_from_voltagebase.Step0.25": 0.8585126693060048,
    "maximum_voltage_from_voltagebase.Step0.05": 0.9206492450274258,
    "mean_frequency.Step0.2": 0.5603299796064561,
    "time_to_last_spike.Step0.15": 0.7427108706854768,
    "AP_fall_time.Step0.2": 3.0150328022535935,
    "AP_begin_voltage.Step0.2": 3.495572100314863,
    "inv_third_ISI.Step0.2": 0.5795388313633208,
    "inv_first_ISI.Step0.2": 1.0976152582095489,
    "AP2_peak.Step0.25": 1.754052820384818,
    "sag_ratio1.Step-0.05": 4.632786675431589,
    "AHP_depth_abs.Step0.2": 5.472878454409686,
    "time_to_second_spike.Step0.25": 10.959112271615128,
    "sag_ratio2.Step-0.2": 0.5448044607089827,
    "AP_amplitude.Step0.25": 1.2827826759872427,
    "amp_drop_first_last.Step0.2": 3.8173516681616437,
    "peak_voltage.Step0.25": 2.0041574369254387,
    "AP_amplitude.Step0.15": 1.7675057376803387,
    "AP_fall_rate.Step0.25": 3.2577764875778166,
    "steady_state_hyper.Step-0.05": 9.936471006280891,
    "voltage_deflection_begin.Step-0.15": 0.02074769850578588,
    "fast_AHP.Step0.25": 1.4186420194814282,
    "AP2_width.Step0.25": 2.2848399197862044,
    "AP2_begin_voltage.Step0.25": 2.7427643319416575,
    "voltage_deflection.Step-0.25": 0.6969650492009847,
    "AHP_depth_from_peak.Step0.15": 1.185695744198103,
    "APlast_amp.Step0.25": 0.76018501090892,
    "inv_third_ISI.Step0.15": 1.78034990212528,
    "AP2_begin_voltage.Step0.2": 3.339840191716374,
    "fast_AHP.Step0.2": 0.7500315358250207,
    "ISI_log_slope_skip.Step0.2": 2.5257055409108102,
    "ISI_CV.Step0.2": 2.7028420456437376,
    "voltage_after_stim.Step-0.05": 10.127975857819097,
    "min_AHP_values.Step0.25": 5.170146815919437,
    "sag_amplitude.Step-0.05": 3.115050929830647,
    "sag_ratio2.Step-0.1": 1.6672912089967962,
    "AHP_depth_from_peak.Step0.25": 0.6696162306987791,
    "spike_width2.Step0.2": 3.6468208403737417,
    "voltage_deflection_vb_ssse.Step-0.25": 0.7160782628292358,
    "steady_state_voltage_stimend.Step-0.15": 5.008923218195807,
    "sag_amplitude.Step-0.1": 1.1451643559660516,
    "voltage_base.Step0.05": 5.78181509968509,
    "voltage_deflection_begin.Step-0.1": 0.11542516388554203,