{
    "('trunk[8]', 0.8999999999999999)": {
        "distance": 295.7186981349863, 
        "EPSP_amp_dendrite": 0.28313090581079337, 
        "EPSP_amp_soma": 0.17021517846035294
    }, 
    "('trunk[3]', 0.30000000000000004)": {
        "distance": 171.69383535091063, 
        "EPSP_amp_dendrite": 0.2665329292791938, 
        "EPSP_amp_soma": 0.22588500103758236
    }, 
    "('trunk[5]', 0.30000000000000004)": {
        "distance": 231.66661907483078, 
        "EPSP_amp_dendrite": 0.2682046998072991, 
        "EPSP_amp_soma": 0.19855876317495813
    }, 
    "('trunk[8]', 0.30000000000000004)": {
        "distance": 272.31794525218913, 
        "EPSP_amp_dendrite": 0.2748793425769094, 
        "EPSP_amp_soma": 0.18112559293699348
    }, 
    "('trunk[1]', 0.7)": {
        "distance": 142.02098789498996, 
        "EPSP_amp_dendrite": 0.2694748435491334, 
        "EPSP_amp_soma": 0.23947865727323858
    }, 
    "('trunk[4]', 0.30000000000000004)": {
        "distance": 199.85222085386718, 
        "EPSP_amp_dendrite": 0.2668812461506036, 
        "EPSP_amp_soma": 0.21354512399757652
    }, 
    "('trunk[5]', 0.8999999999999999)": {
        "distance": 252.78459772590983, 
        "EPSP_amp_dendrite": 0.2699310709701308, 
        "EPSP_amp_soma": 0.1895155185743107
    }, 
    "('trunk[3]', 0.5)": {
        "distance": 177.13638522170342, 
        "EPSP_amp_dendrite": 0.26657963359573955, 
        "EPSP_amp_soma": 0.22354579177012113
    }, 
    "('trunk[4]', 0.8999999999999999)": {
        "distance": 218.07114276423067, 
        "EPSP_amp_dendrite": 0.26717165972409873, 
        "EPSP_amp_soma": 0.20473130258837102
    }, 
    "('trunk[1]', 0.8999999999999999)": {
        "distance": 147.1071067155342, 
        "EPSP_amp_dendrite": 0.2687392924290748, 
        "EPSP_amp_soma": 0.23730390554923986
    }, 
    "('trunk[3]', 0.8999999999999999)": {
        "distance": 188.021484963289, 
        "EPSP_amp_dendrite": 0.26666440872820374, 
        "EPSP_amp_soma": 0.21898134447334883
    }, 
    "('trunk[10]', 0.1)": {
        "distance": 311.5067320671102, 
        "EPSP_amp_dendrite": 0.28982466013121666, 
        "EPSP_amp_soma": 0.16316855487438886
    }, 
    "('trunk[5]', 0.7)": {
        "distance": 245.7452715088835, 
        "EPSP_amp_dendrite": 0.2694109320053144, 
        "EPSP_amp_soma": 0.19246794259197486
    }, 
    "('trunk[0]', 0.8999999999999999)": {
        "distance": 113.95401747905855, 
        "EPSP_amp_dendrite": 0.27344222250437156, 
        "EPSP_amp_soma": 0.25092492960126833
    }, 
    "('trunk[5]', 0.5)": {
        "distance": 238.70594529185715, 
        "EPSP_amp_dendrite": 0.2688335551534635, 
        "EPSP_amp_soma": 0.1954820843932481
    }
}