{
    "('trunk[3]', 0.5)": {
        "EPSP_amp_dendrite": 0.2665795892665983,
        "EPSP_amp_soma": 0.22354570975272736,
        "distance": 177.13638522170342
    },
    "('trunk[8]', 0.30000000000000004)": {
        "EPSP_amp_dendrite": 0.27487930399291827,
        "EPSP_amp_soma": 0.18112546086217662,
        "distance": 272.31794525218913
    },
    "('trunk[5]', 0.7)": {
        "EPSP_amp_dendrite": 0.26941088801694946,
        "EPSP_amp_soma": 0.19246782280735886,
        "distance": 245.7452715088835
    },
    "('trunk[0]', 0.8999999999999999)": {
        "EPSP_amp_dendrite": 0.2734421834890668,
        "EPSP_amp_soma": 0.2509248773280035,
        "distance": 113.95401747905855
    },
    "('trunk[5]', 0.8999999999999999)": {
        "EPSP_amp_dendrite": 0.2699310261395169,
        "EPSP_amp_soma": 0.18951539491717995,
        "distance": 252.78459772590983
    },
    "('trunk[5]', 0.5)": {
        "EPSP_amp_dendrite": 0.2688335110499338,
        "EPSP_amp_soma": 0.1954819684644491,
        "distance": 238.70594529185715
    },
    "('trunk[1]', 0.8999999999999999)": {
        "EPSP_amp_dendrite": 0.26873924852645814,
        "EPSP_amp_soma": 0.23730383883864192,
        "distance": 147.1071067155342
    },
    "('trunk[3]', 0.8999999999999999)": {
        "EPSP_amp_dendrite": 0.26666436414517136,
        "EPSP_amp_soma": 0.21898125749987685,
        "distance": 188.021484963289
    },
    "('trunk[8]', 0.8999999999999999)": {
        "EPSP_amp_dendrite": 0.28313087548552573,
        "EPSP_amp_soma": 0.17021503560813755,
        "distance": 295.7186981349863
    },
    "('trunk[4]', 0.8999999999999999)": {
        "EPSP_amp_dendrite": 0.2671716155574444,
        "EPSP_amp_soma": 0.2047311982285578,
        "distance": 218.07114276423067
    },
    "('trunk[3]', 0.30000000000000004)": {
        "EPSP_amp_dendrite": 0.2665328846554047,
        "EPSP_amp_soma": 0.22588492221647982,
        "distance": 171.69383535091063
    },
    "('trunk[1]', 0.7)": {
        "EPSP_amp_dendrite": 0.26947480020631076,
        "EPSP_amp_soma": 0.23947859301185304,
        "distance": 142.02098789498996
    },
    "('trunk[5]', 0.30000000000000004)": {
        "EPSP_amp_dendrite": 0.26820465630424906,
        "EPSP_amp_soma": 0.19855865108431203,
        "distance": 231.66661907483078
    },
    "('trunk[4]', 0.30000000000000004)": {
        "EPSP_amp_dendrite": 0.2668812024945879,
        "EPSP_amp_soma": 0.21354503073176545,
        "distance": 199.85222085386718
    },
    "('trunk[10]', 0.1)": {
        "EPSP_amp_dendrite": 0.28982463615739107,
        "EPSP_amp_soma": 0.16316840567320412,
        "distance": 311.5067320671102
    }
}