{
    "('trunk[5]', 0.5)": {
        "distance": 217.14191870903784,
        "EPSP_amp_dendrite": 0.2688335110499338,
        "EPSP_amp_soma": 0.1954819684644491
    },
    "('trunk[3]', 0.30000000000000004)": {
        "distance": 150.12980876809132,
        "EPSP_amp_dendrite": 0.2665328846554047,
        "EPSP_amp_soma": 0.22588492221647982
    },
    "('trunk[3]', 0.5)": {
        "distance": 155.5723586388841,
        "EPSP_amp_dendrite": 0.2665795892665983,
        "EPSP_amp_soma": 0.22354570975272736
    },
    "('trunk[8]', 0.30000000000000004)": {
        "distance": 250.75391866936985,
        "EPSP_amp_dendrite": 0.27487930399291827,
        "EPSP_amp_soma": 0.18112546086217662
    },
    "('trunk[0]', 0.8999999999999999)": {
        "distance": 92.38999089623924,
        "EPSP_amp_dendrite": 0.2734421834890668,
        "EPSP_amp_soma": 0.2509248773280035
    },
    "('trunk[10]', 0.1)": {
        "distance": 289.94270548429085,
        "EPSP_amp_dendrite": 0.28982463615739107,
        "EPSP_amp_soma": 0.16316840567320412
    },
    "('trunk[5]', 0.7)": {
        "distance": 224.18124492606418,
        "EPSP_amp_dendrite": 0.26941088801694946,
        "EPSP_amp_soma": 0.19246782280735886
    },
    "('trunk[5]', 0.8999999999999999)": {
        "distance": 231.22057114309052,
        "EPSP_amp_dendrite": 0.2699310261395169,
        "EPSP_amp_soma": 0.18951539491717995
    },
    "('trunk[10]', 0.8999999999999999)": {
        "distance": 340.5903704473975,
        "EPSP_amp_dendrite": 0.30020960809869734,
        "EPSP_amp_soma": 0.1377303149306357
    },
    "('trunk[8]', 0.8999999999999999)": {
        "distance": 274.154671552167,
        "EPSP_amp_dendrite": 0.28313087548552573,
        "EPSP_amp_soma": 0.17021503560813755
    },
    "('trunk[5]', 0.30000000000000004)": {
        "distance": 210.10259249201147,
        "EPSP_amp_dendrite": 0.26820465630424906,
        "EPSP_amp_soma": 0.19855865108431203
    },
    "('trunk[1]', 0.8999999999999999)": {
        "distance": 125.54308013271489,
        "EPSP_amp_dendrite": 0.26873924852645814,
        "EPSP_amp_soma": 0.23730383883864192
    },
    "('trunk[3]', 0.8999999999999999)": {
        "distance": 166.4574583804697,
        "EPSP_amp_dendrite": 0.26666436414517136,
        "EPSP_amp_soma": 0.21898125749987685
    },
    "('trunk[1]', 0.7)": {
        "distance": 120.45696131217065,
        "EPSP_amp_dendrite": 0.26947480020631076,
        "EPSP_amp_soma": 0.23947859301185304
    },
    "('trunk[4]', 0.8999999999999999)": {
        "distance": 196.50711618141136,
        "EPSP_amp_dendrite": 0.2671716155574444,
        "EPSP_amp_soma": 0.2047311982285578
    }
}