{
    "mean_attenuation_soma/dend_100_um": {
        "std": 0.01516585516932637,
        "mean": 0.8964550566886773
    },
    "mean_attenuation_soma/dend_200_um": {
        "std": 0.054497840735332384,
        "mean": 0.7696882969394007
    },
    "mean_attenuation_soma/dend_300_um": {
        "std": 0.0729705485904285,
        "mean": 0.5704715977665222
    }
}