{
    "mean_attenuation_soma/dend_100_um": {
        "std": 0.01516583623121266, 
        "mean": 0.896455143270566
    }, 
    "mean_attenuation_soma/dend_200_um": {
        "std": 0.048626387127052126, 
        "mean": 0.7819462773795971
    }, 
    "mean_attenuation_soma/dend_300_um": {
        "std": 0.05326151762370793, 
        "mean": 0.6312989377102385
    }
}