{
    "error_attenuation_soma/dend_100_um": 3.032397333810043,
    "error_attenuation_soma/dend_200_um": 2.626723572558922,
    "error_attenuation_soma/dend_300_um": 5.97371937019726
}