{
    "error_attenuation_soma/dend_100_um": 3.032397333810043,
    "error_attenuation_soma/dend_200_um": 2.739831281018596,
    "error_attenuation_soma/dend_300_um": 7.233849536251517
}