{
    "mean_attenuation_soma/dend_200_um": {
        "mean": 0.7819460359812901,
        "std": 0.04862645081430409
    },
    "mean_attenuation_soma/dend_100_um": {
        "mean": 0.8964550566886773,
        "std": 0.01516585516932637
    },
    "mean_attenuation_soma/dend_300_um": {
        "mean": 0.6312985282414015,
        "std": 0.053261566169106045
    }
}