{
    "error_attenuation_soma/dend_100_um": 3.032398495147503, 
    "error_attenuation_soma/dend_200_um": 2.7398335085100807, 
    "error_attenuation_soma/dend_300_um": 7.233858019073673
}