{
    "('trunk[2]', 0.1)": {
        "EPSP_amp_soma": 0.24398518526511737,
        "EPSP_amp_dendrite": 0.28181040741544905,
        "distance": 147.0310408362326
    },
    "('trunk[0]', 0.8999999999999999)": {
        "EPSP_amp_soma": 0.26825614475723114,
        "EPSP_amp_dendrite": 0.2833543654789423,
        "distance": 107.18338675606768
    },
    "('trunk[4]', 0.8999999999999999)": {
        "EPSP_amp_soma": 0.19043032258473147,
        "EPSP_amp_dendrite": 0.3261778209599697,
        "distance": 251.53764553808594
    },
    "('trunk[1]', 0.7)": {
        "EPSP_amp_soma": 0.2521243182314379,
        "EPSP_amp_dendrite": 0.28159214839296,
        "distance": 133.67344351146681
    },
    "('trunk[7]', 0.5)": {
        "EPSP_amp_soma": 0.16803897123884326,
        "EPSP_amp_dendrite": 0.36610724366704517,
        "distance": 309.9748021722534
    },
    "('trunk[5]', 0.7)": {
        "EPSP_amp_soma": 0.18415006749424379,
        "EPSP_amp_dendrite": 0.33235811006979077,
        "distance": 265.8784569057232
    },
    "('trunk[3]', 0.1)": {
        "EPSP_amp_soma": 0.22268243814916389,
        "EPSP_amp_dendrite": 0.29188331702637527,
        "distance": 188.99047135157517
    },
    "('trunk[3]', 0.30000000000000004)": {
        "EPSP_amp_soma": 0.2180164183525619,
        "EPSP_amp_dendrite": 0.29757578989881495,
        "distance": 197.81852958164
    },
    "('trunk[7]', 0.7)": {
        "EPSP_amp_soma": 0.16280124162337017,
        "EPSP_amp_dendrite": 0.37553178776109064,
        "distance": 323.5615623584028
    },
    "('trunk[4]', 0.1)": {
        "EPSP_amp_soma": 0.20031515435267977,
        "EPSP_amp_dendrite": 0.3179447962831432,
        "distance": 231.252390292558
    },
    "('trunk[5]', 0.1)": {
        "EPSP_amp_soma": 0.1885065758138893,
        "EPSP_amp_dendrite": 0.3277630719586284,
        "distance": 255.7597530811978
    },
    "('trunk[1]', 0.5)": {
        "EPSP_amp_soma": 0.2561956656707025,
        "EPSP_amp_dendrite": 0.28197382635669044,
        "distance": 127.54951947275707
    },
    "('trunk[3]', 0.5)": {
        "EPSP_amp_soma": 0.2132895045983787,
        "EPSP_amp_dendrite": 0.30346913166835066,
        "distance": 206.64658781170488
    },
    "('trunk[2]', 0.7)": {
        "EPSP_amp_soma": 0.23100396014137914,
        "EPSP_amp_dendrite": 0.2867883360137853,
        "distance": 172.06130843643933
    },
    "('trunk[4]', 0.7)": {
        "EPSP_amp_soma": 0.19283365595792645,
        "EPSP_amp_dendrite": 0.324531569594555,
        "distance": 246.46633172670397
    }
}