{
    "('trunk[1]', 0.7)": {
        "distance": 133.67344351146681, 
        "EPSP_amp_dendrite": 0.281592184487252, 
        "EPSP_amp_soma": 0.2521243745215287
    }, 
    "('trunk[7]', 0.7)": {
        "distance": 323.5615623584028, 
        "EPSP_amp_dendrite": 0.37553184398142037, 
        "EPSP_amp_soma": 0.16280146356695013
    }, 
    "('trunk[3]', 0.30000000000000004)": {
        "distance": 197.81852958164, 
        "EPSP_amp_dendrite": 0.2975758206124084, 
        "EPSP_amp_soma": 0.21801652607557287
    }, 
    "('trunk[3]', 0.1)": {
        "distance": 188.99047135157517, 
        "EPSP_amp_dendrite": 0.29188335128124265, 
        "EPSP_amp_soma": 0.22268253862192466
    }, 
    "('trunk[5]', 0.1)": {
        "distance": 255.7597530811978, 
        "EPSP_amp_dendrite": 0.32776310897293115, 
        "EPSP_amp_soma": 0.1885067427769087
    }, 
    "('trunk[4]', 0.1)": {
        "distance": 231.252390292558, 
        "EPSP_amp_dendrite": 0.31794482541941704, 
        "EPSP_amp_soma": 0.20031529491656386
    }, 
    "('trunk[7]', 0.5)": {
        "distance": 309.9748021722534, 
        "EPSP_amp_dendrite": 0.3661072914050294, 
        "EPSP_amp_soma": 0.1680391819409266
    }, 
    "('trunk[2]', 0.1)": {
        "distance": 147.0310408362326, 
        "EPSP_amp_dendrite": 0.2818104454801471, 
        "EPSP_amp_soma": 0.24398525276066607
    }, 
    "('trunk[3]', 0.5)": {
        "distance": 206.64658781170488, 
        "EPSP_amp_dendrite": 0.30346915976836897, 
        "EPSP_amp_soma": 0.21328961981976136
    }, 
    "('trunk[4]', 0.8999999999999999)": {
        "distance": 251.53764553808594, 
        "EPSP_amp_dendrite": 0.32617785581709313, 
        "EPSP_amp_soma": 0.19043048488175884
    }, 
    "('trunk[5]', 0.7)": {
        "distance": 265.8784569057232, 
        "EPSP_amp_dendrite": 0.3323581522996193, 
        "EPSP_amp_soma": 0.18415024412288972
    }, 
    "('trunk[1]', 0.5)": {
        "distance": 127.54951947275707, 
        "EPSP_amp_dendrite": 0.2819738610703979, 
        "EPSP_amp_soma": 0.25619571666462093
    }, 
    "('trunk[2]', 0.7)": {
        "distance": 172.06130843643933, 
        "EPSP_amp_dendrite": 0.2867883718052582, 
        "EPSP_amp_soma": 0.2310040462338776
    }, 
    "('trunk[0]', 0.8999999999999999)": {
        "distance": 107.18338675606768, 
        "EPSP_amp_dendrite": 0.2833543959568203, 
        "EPSP_amp_soma": 0.2682561827068781
    }, 
    "('trunk[4]', 0.7)": {
        "distance": 246.46633172670397, 
        "EPSP_amp_dendrite": 0.3245316021754121, 
        "EPSP_amp_soma": 0.19283381248504838
    }
}