{
    "('trunk[4]', 0.1)": {
        "EPSP_amp_dendrite": 0.3179447962831432,
        "distance": 169.57590711572573,
        "EPSP_amp_soma": 0.20031515435267977
    },
    "('trunk[2]', 0.7)": {
        "EPSP_amp_dendrite": 0.2867883360137853,
        "distance": 110.38482525960706,
        "EPSP_amp_soma": 0.23100396014137914
    },
    "('trunk[3]', 0.30000000000000004)": {
        "EPSP_amp_dendrite": 0.29757578989881495,
        "distance": 136.14204640480773,
        "EPSP_amp_soma": 0.2180164183525619
    },
    "('trunk[5]', 0.1)": {
        "EPSP_amp_dendrite": 0.3277630719586284,
        "distance": 194.0832699043655,
        "EPSP_amp_soma": 0.1885065758138893
    },
    "('trunk[2]', 0.1)": {
        "EPSP_amp_dendrite": 0.28181040741544905,
        "distance": 85.35455765940029,
        "EPSP_amp_soma": 0.24398518526511737
    },
    "('trunk[1]', 0.7)": {
        "EPSP_amp_dendrite": 0.28159214839296,
        "distance": 71.99696033463454,
        "EPSP_amp_soma": 0.2521243182314379
    },
    "('trunk[3]', 0.1)": {
        "EPSP_amp_dendrite": 0.29188331702637527,
        "distance": 127.31398817474287,
        "EPSP_amp_soma": 0.22268243814916389
    },
    "('trunk[11]', 0.30000000000000004)": {
        "EPSP_amp_dendrite": 0.4283263903540018,
        "distance": 313.06106711081975,
        "EPSP_amp_soma": 0.14071280411610587
    },
    "('trunk[10]', 0.1)": {
        "EPSP_amp_dendrite": 0.41024177289486374,
        "distance": 303.0226602797179,
        "EPSP_amp_soma": 0.1441397732099432
    },
    "('trunk[7]', 0.7)": {
        "EPSP_amp_dendrite": 0.37553178776109064,
        "distance": 261.8850791815705,
        "EPSP_amp_soma": 0.16280124162337017
    },
    "('trunk[12]', 0.30000000000000004)": {
        "EPSP_amp_dendrite": 0.4899441019756807,
        "distance": 348.93606991549643,
        "EPSP_amp_soma": 0.1295757092672858
    },
    "('trunk[4]', 0.8999999999999999)": {
        "EPSP_amp_dendrite": 0.3261778209599697,
        "distance": 189.86116236125363,
        "EPSP_amp_soma": 0.19043032258473147
    },
    "('trunk[3]', 0.5)": {
        "EPSP_amp_dendrite": 0.30346913166835066,
        "distance": 144.9701046348726,
        "EPSP_amp_soma": 0.2132895045983787
    },
    "('trunk[4]', 0.7)": {
        "EPSP_amp_dendrite": 0.324531569594555,
        "distance": 184.78984854987166,
        "EPSP_amp_soma": 0.19283365595792645
    },
    "('trunk[5]', 0.7)": {
        "EPSP_amp_dendrite": 0.33235811006979077,
        "distance": 204.20197372889092,
        "EPSP_amp_soma": 0.18415006749424379
    }
}