{
    "error_attenuation_soma/dend_100_um": 3.1350283745593632,
    "error_attenuation_soma/dend_200_um": 2.0268980285698324,
    "error_attenuation_soma/dend_300_um": 4.951053354505269
}