{
    "error_attenuation_soma/dend_100_um": 3.1350294100217693, 
    "error_attenuation_soma/dend_200_um": 2.0269008927288876, 
    "error_attenuation_soma/dend_300_um": 4.9510632257967915
}