{
    "error_attenuation_soma/dend_100_um": 1.6604119177302006,
    "error_attenuation_soma/dend_200_um": 0.945123620553276,
    "error_attenuation_soma/dend_300_um": 1.2916365996748336
}