{
    "('trunk[2]', 0.1)": {
        "distance": 147.0310408362326,
        "attenuation_soma/dendrite": 0.8657777670553906
    },
    "('trunk[0]', 0.8999999999999999)": {
        "distance": 107.18338675606768,
        "attenuation_soma/dendrite": 0.9467161174799926
    },
    "('trunk[4]', 0.8999999999999999)": {
        "distance": 251.53764553808594,
        "attenuation_soma/dendrite": 0.5838236395849309
    },
    "('trunk[1]', 0.7)": {
        "distance": 133.67344351146681,
        "attenuation_soma/dendrite": 0.8953527989693806
    },
    "('trunk[7]', 0.5)": {
        "distance": 309.9748021722534,
        "attenuation_soma/dendrite": 0.45898838153463484
    },
    "('trunk[5]', 0.7)": {
        "distance": 265.8784569057232,
        "attenuation_soma/dendrite": 0.5540712319478972
    },
    "('trunk[3]', 0.1)": {
        "distance": 188.99047135157517,
        "attenuation_soma/dendrite": 0.7629159501741642
    },
    "('trunk[3]', 0.30000000000000004)": {
        "distance": 197.81852958164,
        "attenuation_soma/dendrite": 0.7326416521542102
    },
    "('trunk[7]', 0.7)": {
        "distance": 323.5615623584028,
        "attenuation_soma/dendrite": 0.4335218666680292
    },
    "('trunk[4]', 0.1)": {
        "distance": 231.252390292558,
        "attenuation_soma/dendrite": 0.630031240310946
    },
    "('trunk[5]', 0.1)": {
        "distance": 255.7597530811978,
        "attenuation_soma/dendrite": 0.5751306109239889
    },
    "('trunk[1]', 0.5)": {
        "distance": 127.54951947275707,
        "attenuation_soma/dendrite": 0.9085795975496707
    },
    "('trunk[3]', 0.5)": {
        "distance": 206.64658781170488,
        "attenuation_soma/dendrite": 0.7028375618495337
    },
    "('trunk[2]', 0.7)": {
        "distance": 172.06130843643933,
        "attenuation_soma/dendrite": 0.80548589720286
    },
    "('trunk[4]', 0.7)": {
        "distance": 246.46633172670397,
        "attenuation_soma/dendrite": 0.5941907476022691
    }
}