{
    "mean_attenuation_soma/dend_300_um": {
        "std": 0.06048145685694182,
        "mean": 0.3444658002448593
    },
    "mean_attenuation_soma/dend_100_um": {
        "std": 0.06903845318059657,
        "mean": 0.7941686045675898
    },
    "mean_attenuation_soma/dend_200_um": {
        "std": 0.025050587606355378,
        "mean": 0.5874494940740065
    }
}