{
    "mean_attenuation_soma/dend_300_um": {
        "mean": 0.5211071461318962,
        "std": 0.06239943324538348
    },
    "mean_attenuation_soma/dend_200_um": {
        "mean": 0.7046838415489972,
        "std": 0.07316512773978151
    },
    "mean_attenuation_soma/dend_100_um": {
        "mean": 0.9041065702636086,
        "std": 0.029074504098664654
    }
}