{
    "AP1_amp_at_50": 2.10014238824605, 
    "AP1_amp_at_150": 0.8336279267079478, 
    "AP1_amp_at_250": 0.2158192546762608, 
    "AP1_amp_strong_propagating_at_350": 0.5179896020380679, 
    "AP1_amp_weak_propagating_at_350": 19.625897008590655, 
    "APlast_amp_at_50": 1.0263223837620528, 
    "APlast_amp_at_150": 1.3578496480553368, 
    "APlast_amp_at_250": 13.894024290495054, 
    "APlast_amp_at_350": 10.03147505773964
}