{
    "Z_score_avg_strong_propagating": 3.7472865448760864,
    "Z_score_avg_weak_propagating": 6.1357857267845155
}