{
    "AP1_amp_at_50": 2.1000397891324574,
    "AP1_amp_at_150": 0.8335665922487349,
    "AP1_amp_at_250": 0.21587499217114975,
    "AP1_amp_strong_propagating_at_350": 0.5180303585060586,
    "AP1_amp_weak_propagating_at_350": 19.626023813773493,
    "APlast_amp_at_50": 1.0253793596847882,
    "APlast_amp_at_150": 1.3585948281203617,
    "APlast_amp_at_250": 13.894676247377216,
    "APlast_amp_at_350": 10.032130191767921
}