{
    "Z_score_avg_weak_propagating": 6.135644744784125, 
    "Z_score_avg_strong_propagating": 3.747156318965051
}