{
    "AP1_amp_at_50": 2.0305398893377813,
    "AP1_amp_at_150": 0.7385139168968203,
    "AP1_amp_at_250": 0.2157337753571282,
    "AP1_amp_strong_propagating_at_350": 0.5128417650468667,
    "AP1_amp_weak_propagating_at_350": 19.609880595905928,
    "APlast_amp_at_50": 0.9647179996555719,
    "APlast_amp_at_150": 1.4328347827016883,
    "APlast_amp_at_250": 13.79394578441124,
    "APlast_amp_at_350": 9.752344699235525
}