{
    "Z_score_avg_weak_propagating": 6.06731393043771,
    "Z_score_avg_strong_propagating": 3.6801840765803275
}