{
    "AP2_amp.Step0.15": NaN, 
    "decay_time_constant_after_stim.Step0.15": 4.170872803175084, 
    "AP_begin_voltage.Step0.2": 6.881867349943237, 
    "doublet_ISI.Step0.15": NaN, 
    "peak_voltage.Step0.25": 2.334937996526568, 
    "AP_duration_half_width.Step0.15": NaN, 
    "AHP_time_from_peak.Step0.15": NaN, 
    "inv_third_ISI.Step0.25": 1.7818031982411484, 
    "irregularity_index.Step0.25": 4.9226462048942725, 
    "inv_time_to_first_spike.Step0.15": 9.952343602936564, 
    "voltage_base.Step-0.2": 17.39225119568588, 
    "inv_first_ISI.Step0.25": 2.0215473549106306, 
    "spike_width2.Step0.2": 9.042064106247352, 
    "AP_amplitude_from_voltagebase.Step0.25": 0.9508171446120339, 
    "spike_half_width.Step0.15": NaN, 
    "voltage_deflection.Step-0.25": 2.0383059304763504, 
    "steady_state_voltage_stimend.Step-0.25": 5.781734417881776, 
    "amp_drop_first_last.Step0.2": 5.428599693758891, 
    "mean_frequency.Step0.15": NaN, 
    "AHP_depth_diff.Step0.25": 3.0850678981799176, 
    "AP_begin_width.Step0.25": 1.5048250904713967, 
    "steady_state_hyper.Step-0.1": 9.964753504278777, 
    "AP_fall_rate.Step0.25": 7.384383307908008, 
    "AP1_peak.Step0.15": NaN, 
    "AP2_width.Step0.15": NaN, 
    "time_to_last_spike.Step0.15": 13.334667257178408, 
    "AP_duration_half_width_change.Step0.2": 1.5121759787440092, 
    "spike_width2.Step0.25": 8.240146866127445, 
    "voltage_base.Step0.2": 8.361913255502438, 
    "AHP1_depth_from_peak.Step0.2": 1.512562879445125, 
    "AP2_begin_width.Step0.15": NaN, 
    "AP_rise_time.Step0.25": 2.86587771201746, 
    "AP_fall_rate.Step0.2": 5.536083417521958, 
    "voltage_after_stim.Step-0.25": 14.092355205036633, 
    "inv_fifth_ISI.Step0.1": 0.5, 
    "inv_fifth_ISI.Step0.2": 1.791334445366905, 
    "voltage_base.Step-0.25": 17.59813047895919, 
    "min_voltage_between_spikes.Step0.2": 10.11568320928696, 
    "AP2_peak.Step0.2": 2.5143354828818616, 
    "decay_time_constant_after_stim.Step0.25": 2.9078828981897202, 
    "amp_drop_first_second.Step0.2": 2.282922974886216, 
    "inv_second_ISI.Step0.25": 0.31364354538547234, 
    "maximum_voltage_from_voltagebase.Step0.1": 1.6520373663579575, 
    "inv_last_ISI.Step0.15": 2.695599335646867, 
    "inv_fifth_ISI.Step0.25": 1.8348329724343049, 
    "mean_frequency.Step0.25": 3.0638142128752373, 
    "ISI_semilog_slope.Step0.25": 8.947770541252098, 
    "AHP1_depth_from_peak.Step0.15": NaN, 
    "amp_drop_second_last.Step0.2": 1.9169506312019067, 
    "AP1_peak.Step0.2": 2.9157606461372496, 
    "number_initial_spikes.Step0.2": 0.5003750937734432, 
    "maximum_voltage_from_voltagebase.Step0.25": 1.040543478756757, 
    "AP_duration.Step0.15": NaN, 
    "inv_fifth_ISI.Step0.15": 1.3801822628099805, 
    "AHP2_depth_from_peak.Step0.25": 0.2822465508751972, 
    "APlast_amp.Step0.2": 0.49415299536066676, 
    "voltage_after_stim.Step0.25": 5.977967487734631, 
    "AHP2_depth_from_peak.Step0.2": 0.9171977603336393, 
    "Spikecount.Step0.15": 3.1896424815983178, 
    "decay_time_constant_after_stim.Step-0.05": 3.361069001386572, 
    "time_to_first_spike.Step0.2": 2.4874262897211565, 
    "AP_rise_time.Step0.2": 4.863945578213247, 
    "irregularity_index.Step0.15": NaN, 
    "min_AHP_values.Step0.25": 6.95038161156799, 
    "voltage_deflection.Step-0.15": 0.7891512865853415, 
    "time_to_last_spike.Step0.25": 1.2332841631620632, 
    "voltage_deflection_vb_ssse.Step-0.1": 0.09489242198792233, 
    "voltage_after_stim.Step-0.15": 15.435574999168516, 
    "AP1_peak.Step0.25": 2.6985189394785882, 
    "AP_duration_half_width.Step0.2": 5.334254143652061, 
    "voltage_deflection_begin.Step-0.25": 0.5349279792885092, 
    "Spikecount.Step0.2": 2.055771173374448, 
    "Spikecount.Step0.1": 1.2461059190031152, 
    "Spikecount_stimint.Step0.15": 3.1896424815983178, 
    "AP_rise_rate_change.Step0.25": 6.59292337514958, 
    "inv_first_ISI.Step0.1": 0.6617676236947112, 
    "voltage_after_stim.Step-0.1": 15.980546349977352, 
    "inv_first_ISI.Step0.2": 1.1478570285176763, 
    "burst_mean_freq.Step0.25": 2.6810044796825054, 
    "spike_width2.Step0.15": NaN, 
    "fast_AHP_change.Step0.25": 0.39460098462588583, 
    "AHP_depth_from_peak.Step0.2": 0.7982829150921242, 
    "Spikecount_stimint.Step0.2": 2.055771173374448, 
    "time_to_first_spike.Step0.15": NaN, 
    "max_amp_difference.Step0.25": 1.2875808337431256, 
    "steady_state_voltage.Step0.1": 8.084075387914236, 
    "time_constant.Step-0.25": 1.9327717346296671, 
    "ISI_log_slope_skip.Step0.2": 1.872910417455043, 
    "steady_state_voltage.Step0.2": 7.071340089304935, 
    "voltage_base.Step-0.1": 15.661788357334625, 
    "voltage_deflection.Step-0.2": 1.61408829186614, 
    "AP_rise_rate.Step0.2": 2.3720886010513498, 
    "single_burst_ratio.Step0.25": 3.664060703830297, 
    "ISI_values.Step0.2": 1.376921766292273, 
    "AP_width.Step0.25": 7.218878248977895, 
    "AHP_time_from_peak.Step0.25": 2.8130637521059842, 
    "AP_duration.Step0.25": 4.197910264300716, 
    "voltage_base.Step0.05": 9.636537439461618, 
    "peak_voltage.Step0.15": NaN, 
    "minimum_voltage.Step-0.1": 7.249261669478421, 
    "minimum_voltage.Step-0.2": 4.338564035064264, 
    "AP_begin_voltage.Step0.15": NaN, 
    "steady_state_voltage.Step-0.1": 17.249505446952877, 
    "AP_rise_rate.Step0.15": NaN, 
    "AP_amplitude_change.Step0.15": NaN, 
    "AP_height.Step0.25": 2.334937996526568, 
    "sag_ratio2.Step-0.2": 6.662068964365773, 
    "sag_ratio2.Step-0.1": 5.73030303030142, 
    "decay_time_constant_after_stim.Step-0.1": 3.4225569036480556, 
    "decay_time_constant_after_stim.Step-0.2": 2.6074275905752056, 
    "sag_amplitude.Step-0.15": 5.351714285712337, 
    "AHP_depth.Step0.2": 2.6317799514495595, 
    "inv_fourth_ISI.Step0.15": 1.6510882117793375, 
    "sag_ratio1.Step-0.15": 7.123595505615128, 
    "doublet_ISI.Step0.2": 0.9874394105366552, 
    "AHP_depth_abs.Step0.15": NaN, 
    "ISI_values.Step0.15": NaN, 
    "time_to_last_spike.Step0.2": 0.60850635096821, 
    "AP_rise_rate_change.Step0.15": NaN, 
    "sag_amplitude.Step-0.05": 6.204711616570739, 
    "AP_amplitude.Step0.2": 0.1383141637500537, 
    "voltage_deflection_vb_ssse.Step-0.25": 2.0578773681451055, 
    "spike_half_width.Step0.25": 7.0980223047973325, 
    "AP2_begin_width.Step0.2": 1.589364739473169, 
    "AP2_peak.Step0.15": NaN, 
    "maximum_voltage_from_voltagebase.Step0.05": 3.0383268589599126, 
    "AP2_amp.Step0.25": 0.30515621582105507, 
    "number_initial_spikes.Step0.15": 0.9129005751848809, 
    "AP_amplitude_from_voltagebase.Step0.15": NaN, 
    "AP_width.Step0.15": NaN, 
    "burst_mean_freq.Step0.2": 0.13731469763010687, 
    "AP_begin_voltage.Step0.25": 6.368835061895959, 
    "voltage_base.Step0.15": 9.072237695204414, 
    "voltage_base.Step0.25": 7.941400124504818, 
    "AHP_depth.Step0.25": 3.563172570855737, 
    "APlast_amp.Step0.15": NaN, 
    "voltage_deflection_begin.Step-0.1": 0.2730157203773281, 
    "voltage_base.Step-0.05": 16.60245477432221, 
    "AP_amplitude.Step0.25": 0.07412629205775915, 
    "initburst_sahp_ssse.Step0.25": 1.1205936489213204, 
    "AHP_depth_diff.Step0.2": 2.9509023112147323, 
    "amp_drop_second_last.Step0.25": 1.0828258783472284, 
    "initburst_sahp.Step0.25": 6.816524009026094, 
    "voltage_base.Step-0.15": 16.512102950017702, 
    "steady_state_voltage.Step-0.2": 15.613882203570164, 
    "AHP_depth_abs.Step0.2": 6.896576043358632, 
    "AP_duration_change.Step0.25": 1.9359129383446525, 
    "AP_width.Step0.2": 7.172405189624956, 
    "steady_state_voltage_stimend.Step-0.1": 9.756627749586045, 
    "sag_ratio1.Step-0.05": 9.302631578945018, 
    "steady_state_hyper.Step-0.2": 6.489559152725266, 
    "inv_third_ISI.Step0.15": 1.78034990212528, 
    "Spikecount.Step0.25": 3.063246661981729, 
    "AHP_depth_abs.Step0.25": 6.95038161156799, 
    "AP_fall_time.Step0.2": 3.26591593973408, 
    "voltage_after_stim.Step-0.05": 16.739229629274785, 
    "AP_rise_rate.Step0.25": 1.6100090153225812,