{
    "AP_duration_change.Step0.2": 0.5047756782925402,
    "ISI_log_slope.Step0.25": 6.205064163893056,
    "sag_ratio2.Step-0.1": 5.73030303030142,
    "AP_duration_change.Step0.15": NaN,
    "decay_time_constant_after_stim.Step0.05": 2.9350614831535204,
    "sag_amplitude.Step-0.15": 5.351714285712337,
    "maximum_voltage.Step0.15": 17.932925817565945,
    "Spikecount.Step0.2": 2.055771173374448,
    "AHP_depth_from_peak.Step0.15": NaN,
    "ISI_CV.Step0.2": 3.422783736676045,
    "number_initial_spikes.Step0.15": 0.9129005751848809,
    "maximum_voltage_from_voltagebase.Step0.1": 1.6520373663579575,
    "spike_width2.Step0.15": NaN,
    "voltage_after_stim.Step0.2": 7.106950920447303,
    "AP2_width.Step0.2": 5.208257743902802,
    "decay_time_constant_after_stim.Step0.25": 2.9078828981897202,
    "AHP2_depth_from_peak.Step0.15": NaN,
    "amp_drop_first_last.Step0.25": 2.2277497229907524,
    "AP_fall_time.Step0.25": 4.398065220788248,
    "number_initial_spikes.Step0.2": 0.5003750937734432,
    "adaptation_index2.Step0.25": 5.871018556203741,
    "AHP_depth_from_peak.Step0.25": 0.5298446813596233,
    "inv_fifth_ISI.Step0.2": 1.791334445366905,
    "voltage_deflection_vb_ssse.Step-0.15": 0.7779019974081456,
    "AP2_width.Step0.25": 6.854604943003358,
    "AHP_depth.Step0.2": 2.6317799514495595,
    "AP_amplitude_change.Step0.2": 11.226427632363471,
    "AHP2_depth_from_peak.Step0.25": 0.2822465508751972,
    "AP_rise_rate_change.Step0.2": 3.099489152473698,
    "inv_second_ISI.Step0.2": 0.5935203187835432,
    "AP_begin_voltage.Step0.2": 6.881867349943237,
    "maximum_voltage_from_voltagebase.Step0.25": 1.040543478756757,
    "time_constant.Step-0.05": 1.5903110173580917,
    "sag_ratio2.Step-0.2": 6.662068964365773,
    "ISI_semilog_slope.Step0.2": 2.8784352838921192,
    "voltage_after_stim.Step0.1": 8.74459906706278,
    "inv_time_to_first_spike.Step0.1": 1.5199476949900004,
    "Spikecount.Step0.15": 3.1896424815983178,
    "mean_frequency.Step0.15": NaN,
    "min_voltage_between_spikes.Step0.15": NaN,
    "steady_state_hyper.Step-0.2": 6.489559152725266,
    "min_AHP_values.Step0.25": 6.95038161156799,
    "inv_second_ISI.Step0.15": 2.8610258428440245,
    "irregularity_index.Step0.15": NaN,
    "maximum_voltage.Step0.25": 2.4206077262366965,
    "AP_height.Step0.2": 2.488848241563552,
    "AHP_depth_diff.Step0.15": NaN,
    "initburst_sahp_ssse.Step0.25": 1.1205936489213204,
    "time_to_second_spike.Step0.25": 1.1035509137524908,
    "inv_time_to_first_spike.Step0.2": 4.200677886213917,
    "AP_duration_change.Step0.25": 1.9359129383446525,
    "AP_begin_width.Step0.25": 1.5048250904713967,
    "ISI_CV.Step0.25": 5.14554578855868,
    "ISI_values.Step0.25": 1.8025073984421836,
    "AP_duration_half_width_change.Step0.25": 1.25478716918056,
    "fast_AHP.Step0.15": NaN,
    "min_AHP_values.Step0.15": NaN,
    "fast_AHP.Step0.25": 2.464685392232478,
    "mean_frequency.Step0.25": 3.0638142128752373,
    "AP_fall_time.Step0.2": 3.26591593973408,
    "maximum_voltage.Step0.1": 1.8505646429869682,
    "steady_state_voltage_stimend.Step-0.1": 9.756627749586045,
    "decay_time_constant_after_stim.Step0.1": 2.992179507493666,
    "AHP_depth_diff.Step0.2": 2.9509023112147323,
    "AP_fall_rate.Step0.2": 5.536083417521958,
    "decay_time_constant_after_stim.Step-0.15": 3.203433991306172,
    "voltage_base.Step-0.15": 16.512102950017702,
    "maximum_voltage_from_voltagebase.Step0.15": 16.595679601312842,
    "AP_rise_time.Step0.2": 4.863945578213247,
    "AP_duration.Step0.15": NaN,
    "minimum_voltage.Step-0.25": 3.8295510100176653,
    "inv_last_ISI.Step0.15": 2.695599335646867,
    "AP2_begin_width.Step0.15": NaN,
    "Spikecount_stimint.Step0.25": 3.063246661981729,
    "decay_time_constant_after_stim.Step0.15": 4.170872803175084,
    "steady_state_voltage.Step-0.25": 15.500383682492,
    "doublet_ISI.Step0.15": NaN,
    "AP_width.Step0.2": 7.172405189624956,
    "peak_voltage.Step0.2": 2.488848241563552,
    "time_constant.Step-0.25": 1.9327717346296671,
    "AP_width.Step0.25": 7.218878248977895,
    "ISI_log_slope_skip.Step0.2": 1.872910417455043,
    "AP_rise_time.Step0.15": NaN,
    "adaptation_index2.Step0.2": 3.7727272727272725,
    "minimum_voltage.Step-0.2": 4.338564035064264,
    "voltage_deflection_begin.Step-0.15": 0.039833665726922214,
    "steady_state_voltage.Step0.2": 7.071340089304935,
    "AP2_peak.Step0.15": NaN,
    "maximum_voltage_from_voltagebase.Step0.05": 3.0383268589599126,
    "voltage_base.Step-0.2": 17.39225119568588,
    "AP_width.Step0.15": NaN,
    "AHP_time_from_peak.Step0.15": NaN,
    "voltage_deflection.Step-0.15": 0.7891512865853415,
    "voltage_deflection_vb_ssse.Step-0.25": 2.0578773681451055,
    "steady_state_voltage.Step-0.2": 15.613882203570164,
    "decay_time_constant_after_stim.Step-0.2": 2.6074275905752056,
    "AHP_depth_diff.Step0.25": 3.0850678981799176,
    "time_constant.Step-0.2": 0.40085046808904756,
    "steady_state_voltage.Step0.15": 8.677297132044936,
    "inv_third_ISI.Step0.1": 0.5000035408006458,
    "AP_duration.Step0.2": 2.561442897777827,
    "spike_half_width.Step0.2": 8.089305554624511,
    "voltage_deflection_vb_ssse.Step-0.2": 1.6245587271559352,
    "AP2_width.Step0.15": NaN,
    "inv_first_ISI.Step0.15": 1.9066509146622859,
    "voltage_deflection.Step-0.2": 1.61408829186614,
    "voltage_after_stim.Step0.05": 10.000114746799719,
    "spike_width2.Step0.25": 8.240146866127445,
    "AP_rise_rate_change.Step0.25": 6.59292337514958,
    "steady_state_voltage.Step-0.05": 17.78331652809983,
    "burst_mean_freq.Step0.2": 0.13731469763010687,
    "AP_amplitude_change.Step0.15": NaN,
    "sag_ratio1.Step-0.25": 6.629629505164605,
    "voltage_base.Step0.05": 9.636537439461618,
    "burst_mean_freq.Step0.25": 2.6810044796825054,
    "time_to_last_spike.Step0.15": 13.334667257178408,
    "mean_frequency.Step0.2": 2.094737740164033,
    "AP_rise_rate.Step0.15": NaN,
    "inv_last_ISI.Step0.1": 0.725294342231532,
    "peak_voltage.Step0.25": 2.334937996526568,
    "time_constant.Step-0.15": 1.8430295839174609,
    "amp_drop_second_last.Step0.25": 1.0828258783472284,
    "steady_state_hyper.Step-0.15": 7.3916864157648945,
    "AP2_peak.Step0.25": 2.068906966601435,
    "AHP1_depth_from_peak.Step0.2": 1.512562879445125,
    "inv_last_ISI.Step0.25": 5.372844407683011,
    "steady_state_voltage.Step-0.15": 16.85052526284862,
    "AP2_amp.Step0.15": NaN,
    "AP2_begin_voltage.Step0.25": 6.201322011877664,
    "steady_state_voltage.Step0.1": 8.084075387914236,
    "voltage_after_stim.Step-0.2": 14.31602656483143,
    "Spikecount_stimint.Step0.1": 1.2461059190031152,
    "AP_rise_rate.Step0.2": 2.3720886010513498,
    "Spikecount_stimint.Step0.15": 3.1896424815983178,
    "AP_rise_time.Step0.25": 2.86587771201746,
    "ISI_values.Step0.2": 1.376921766292273,
    "spike_half_width.Step0.15": NaN,
    "steady_state_voltage.Step-0.1": 17.249505446952877,
    "amp_drop_second_last.Step0.15": NaN,
    "steady_state_voltage_stimend.Step-0.05": 14.347822614648361,
    "sag_ratio2.Step-0.25": 6.629629505164603,
    "sag_ratio1.Step-0.2": 6.662068964365771,
    "steady_state_hyper.Step-0.05": 14.661573326261639,
    "sag_ratio1.Step-0.05": 9.302631578945018,
    "AP_duration_half_width_change.Step0.15": NaN,
    "voltage_deflection.Step-0.25": 2.0383059304763504,
    "AP_duration_half_width.Step0.15": NaN,
    "AP2_AP1_peak_diff.Step0.2": 2.282922974886216,
    "fast_AHP_change.Step0.2": 0.512194338761178,
    "spike_width2.Step0.2": 9.042064106247352,
    "AP1_peak.Step0.15": NaN,
    "AP1_peak.Step0.25": 2.6985189394785882,
    "AP_rise_rate_change.Step0.15": NaN,
    "AP_height.Step0.25": 2.334937996526568,
    "single_burst_ratio.Step0.2": 3.508816996671646,
    "AP_amplitude_from_voltagebase.Step0.15": NaN,
    "AHP_depth_abs.Step0.2": 6.896576043358632,
    "AP_duration.Step0.25": 4.197910264300716,
    "AHP_depth_abs.Step0.25": 6.95038161156799,
    "AP_amplitude.Step0.15": NaN,