{
    "Z_score_avg_weak_propagating": 6.684751505801172,
    "Z_score_avg_strong_propagating": 4.0672881140850645
}