{
    "Z_score_avg_strong_propagating": 4.140954003297082,
    "Z_score_avg_weak_propagating": 6.807966109226704
}