{
    "Z_score_avg_weak_propagating": 6.685175708550288, 
    "Z_score_avg_strong_propagating": 4.067708011827427
}