{
    "AP1_amp_at_50": 1.5406819984627973,
    "AP1_amp_at_150": 0.4506179285203237,
    "AP1_amp_at_250": 0.47632603864470174,
    "AP1_amp_strong_propagating_at_350": 1.5733584333030188,
    "AP1_amp_weak_propagating_at_350": 22.90945528073999,
    "APlast_amp_at_50": 0.5765242375475401,
    "APlast_amp_at_150": 1.6499771952828444,
    "APlast_amp_at_250": 14.427991391326687,
    "APlast_amp_at_350": 12.432154803288746
}