{
    "AP1_amp_at_50": 1.6205835502025439,
    "AP1_amp_at_150": 0.5768072341304251,
    "AP1_amp_at_250": 0.35083605534453094,
    "AP1_amp_strong_propagating_at_350": 1.3856107754039027,
    "AP1_amp_weak_propagating_at_350": 22.32531790913276,
    "APlast_amp_at_50": 0.640614525964779,
    "APlast_amp_at_150": 1.5541285522171944,
    "APlast_amp_at_250": 14.282718513924232,
    "APlast_amp_at_350": 12.127005705492907
}