{
    "AP1_amp_at_50": 1.6206293600631636, 
    "AP1_amp_at_150": 0.5768183421049439, 
    "AP1_amp_at_250": 0.3508059922013237, 
    "AP1_amp_strong_propagating_at_350": 1.3856270877330548, 
    "AP1_amp_weak_propagating_at_350": 22.32536866151594, 
    "APlast_amp_at_50": 0.639317957535641, 
    "APlast_amp_at_150": 1.5556045136561465, 
    "APlast_amp_at_250": 14.285693760073704, 
    "APlast_amp_at_350": 12.127167081251434
}