{
    "('trunk[6]', 0.1)": {
        "distance": 305.3122613174445, 
        "EPSP_amp_dendrite": 0.12329580883053382, 
        "EPSP_amp_soma": 0.09026164100595224
    }, 
    "('trunk[1]', 0.5)": {
        "distance": 120.07993531352795, 
        "EPSP_amp_dendrite": 0.14041916114464925, 
        "EPSP_amp_soma": 0.1299913134757702
    }, 
    "('trunk[1]', 0.1)": {
        "distance": 80.405768523308, 
        "EPSP_amp_dendrite": 0.14694871317631453, 
        "EPSP_amp_soma": 0.1419907211301421
    }, 
    "('trunk[3]', 0.30000000000000004)": {
        "distance": 249.97819595354377, 
        "EPSP_amp_dendrite": 0.12151269426050249, 
        "EPSP_amp_soma": 0.0984565779169344
    }, 
    "('trunk[0]', 0.8999999999999999)": {
        "distance": 67.60684899727273, 
        "EPSP_amp_dendrite": 0.14884269895863156, 
        "EPSP_amp_soma": 0.1455403596196163
    }, 
    "('trunk[2]', 0.30000000000000004)": {
        "distance": 189.3851291185975, 
        "EPSP_amp_dendrite": 0.12925696183255297, 
        "EPSP_amp_soma": 0.11140704809278645
    }, 
    "('trunk[1]', 0.7)": {
        "distance": 139.91701870863795, 
        "EPSP_amp_dendrite": 0.1371647773276834, 
        "EPSP_amp_soma": 0.12432696550887101
    }, 
    "('trunk[2]', 0.1)": {
        "distance": 176.24347224040113, 
        "EPSP_amp_dendrite": 0.13124663645815815, 
        "EPSP_amp_soma": 0.11465105742399828
    }, 
    "('trunk[3]', 0.5)": {
        "distance": 259.7097077943831, 
        "EPSP_amp_dendrite": 0.12109045415076025, 
        "EPSP_amp_soma": 0.0968613412589292
    }, 
    "('trunk[1]', 0.8999999999999999)": {
        "distance": 159.75410210374795, 
        "EPSP_amp_dendrite": 0.1338864697204798, 
        "EPSP_amp_soma": 0.11891625743554357
    }, 
    "('trunk[3]', 0.8999999999999999)": {
        "distance": 279.1727314760617, 
        "EPSP_amp_dendrite": 0.1201780742039773, 
        "EPSP_amp_soma": 0.0938165301878513
    }, 
    "('trunk[3]', 0.7)": {
        "distance": 269.4412196352224, 
        "EPSP_amp_dendrite": 0.1206451635056709, 
        "EPSP_amp_soma": 0.09531472023688536
    }, 
    "('trunk[6]', 0.30000000000000004)": {
        "distance": 340.8243484496006, 
        "EPSP_amp_dendrite": 0.12927446760771488, 
        "EPSP_amp_soma": 0.08563675555161865
    }, 
    "('trunk[2]', 0.7)": {
        "distance": 215.66844287499023, 
        "EPSP_amp_dendrite": 0.12521354449457078, 
        "EPSP_amp_soma": 0.10525189485427688
    }, 
    "('trunk[1]', 0.30000000000000004)": {
        "distance": 100.24285191841798, 
        "EPSP_amp_dendrite": 0.14366863594190704, 
        "EPSP_amp_soma": 0.13589108007559503
    }
}