{
    "('trunk[2]', 0.30000000000000004)": {
        "distance": 147.70168057764724,
        "EPSP_amp_soma": 0.11140701194194946,
        "EPSP_amp_dendrite": 0.1292569446333829
    },
    "('trunk[1]', 0.5)": {
        "distance": 78.3964867725777,
        "EPSP_amp_soma": 0.129991289557978,
        "EPSP_amp_dendrite": 0.1404191452513146
    },
    "('trunk[2]', 0.5)": {
        "distance": 160.84333745584362,
        "EPSP_amp_soma": 0.10827310081815256,
        "EPSP_amp_dendrite": 0.12724984370703396
    },
    "('trunk[1]', 0.8999999999999999)": {
        "distance": 118.07065356279769,
        "EPSP_amp_soma": 0.11891622679232228,
        "EPSP_amp_dendrite": 0.1338864526059922
    },
    "('trunk[1]', 0.30000000000000004)": {
        "distance": 58.559403377467724,
        "EPSP_amp_soma": 0.13589105917746735,
        "EPSP_amp_dendrite": 0.14366862035601002
    },
    "('trunk[3]', 0.30000000000000004)": {
        "distance": 208.29474741259352,
        "EPSP_amp_soma": 0.09845652739087996,
        "EPSP_amp_dendrite": 0.12151267536494004
    },
    "('trunk[6]', 0.5)": {
        "distance": 334.65298704080635,
        "EPSP_amp_soma": 0.08112914413592875,
        "EPSP_amp_dendrite": 0.13401826399817196
    },
    "('trunk[3]', 0.8999999999999999)": {
        "distance": 237.48928293511145,
        "EPSP_amp_soma": 0.09381647185394115,
        "EPSP_amp_dendrite": 0.12017805395035452
    },
    "('trunk[6]', 0.1)": {
        "distance": 263.6288127764942,
        "EPSP_amp_soma": 0.09026157727608108,
        "EPSP_amp_dendrite": 0.12329579265929169
    },
    "('trunk[3]', 0.5)": {
        "distance": 218.02625925343284,
        "EPSP_amp_soma": 0.09686128805086014,
        "EPSP_amp_dendrite": 0.12109043496762695
    },
    "('trunk[2]', 0.7)": {
        "distance": 173.98499433403998,
        "EPSP_amp_soma": 0.10525185279831817,
        "EPSP_amp_dendrite": 0.12521352680123243
    },
    "('trunk[2]', 0.1)": {
        "distance": 134.56002369945088,
        "EPSP_amp_soma": 0.11465102362254243,
        "EPSP_amp_dendrite": 0.1312466187979595
    },
    "('trunk[1]', 0.7)": {
        "distance": 98.23357016768769,
        "EPSP_amp_soma": 0.12432693844718301,
        "EPSP_amp_dendrite": 0.137164761131217
    },
    "('trunk[6]', 0.30000000000000004)": {
        "distance": 299.14089990865034,
        "EPSP_amp_soma": 0.08563668390814883,
        "EPSP_amp_dendrite": 0.12927445653870961
    },
    "('trunk[3]', 0.7)": {
        "distance": 227.75777109427216,
        "EPSP_amp_soma": 0.09531466467657879,
        "EPSP_amp_dendrite": 0.12064514399112625
    }
}