{
    "('trunk[6]', 0.1)": {
        "EPSP_amp_dendrite": 0.12329579265929169,
        "distance": 305.3122613174445,
        "EPSP_amp_soma": 0.09026157727608108
    },
    "('trunk[3]', 0.8999999999999999)": {
        "EPSP_amp_dendrite": 0.12017805395035452,
        "distance": 279.1727314760617,
        "EPSP_amp_soma": 0.09381647185394115
    },
    "('trunk[6]', 0.30000000000000004)": {
        "EPSP_amp_dendrite": 0.12927445653870961,
        "distance": 340.8243484496006,
        "EPSP_amp_soma": 0.08563668390814883
    },
    "('trunk[0]', 0.8999999999999999)": {
        "EPSP_amp_dendrite": 0.1488426834834371,
        "distance": 67.60684899727273,
        "EPSP_amp_soma": 0.14554034243617764
    },
    "('trunk[1]', 0.30000000000000004)": {
        "EPSP_amp_dendrite": 0.14366862035601002,
        "distance": 100.24285191841798,
        "EPSP_amp_soma": 0.13589105917746735
    },
    "('trunk[2]', 0.30000000000000004)": {
        "EPSP_amp_dendrite": 0.1292569446333829,
        "distance": 189.3851291185975,
        "EPSP_amp_soma": 0.11140701194194946
    },
    "('trunk[3]', 0.7)": {
        "EPSP_amp_dendrite": 0.12064514399112625,
        "distance": 269.4412196352224,
        "EPSP_amp_soma": 0.09531466467657879
    },
    "('trunk[2]', 0.7)": {
        "EPSP_amp_dendrite": 0.12521352680123243,
        "distance": 215.66844287499023,
        "EPSP_amp_soma": 0.10525185279831817
    },
    "('trunk[3]', 0.30000000000000004)": {
        "EPSP_amp_dendrite": 0.12151267536494004,
        "distance": 249.97819595354377,
        "EPSP_amp_soma": 0.09845652739087996
    },
    "('trunk[2]', 0.1)": {
        "EPSP_amp_dendrite": 0.1312466187979595,
        "distance": 176.24347224040113,
        "EPSP_amp_soma": 0.11465102362254243
    },
    "('trunk[3]', 0.5)": {
        "EPSP_amp_dendrite": 0.12109043496762695,
        "distance": 259.7097077943831,
        "EPSP_amp_soma": 0.09686128805086014
    },
    "('trunk[1]', 0.5)": {
        "EPSP_amp_dendrite": 0.1404191452513146,
        "distance": 120.07993531352795,
        "EPSP_amp_soma": 0.129991289557978
    },
    "('trunk[1]', 0.8999999999999999)": {
        "EPSP_amp_dendrite": 0.1338864526059922,
        "distance": 159.75410210374795,
        "EPSP_amp_soma": 0.11891622679232228
    },
    "('trunk[1]', 0.1)": {
        "EPSP_amp_dendrite": 0.1469486976456409,
        "distance": 80.405768523308,
        "EPSP_amp_soma": 0.1419907025924516
    },
    "('trunk[1]', 0.7)": {
        "EPSP_amp_dendrite": 0.137164761131217,
        "distance": 139.91701870863795,
        "EPSP_amp_soma": 0.12432693844718301
    }
}