{
    "mean_attenuation_soma/dend_300_um": {
        "std": 0.051815528224783546,
        "mean": 0.6666243986743062
    },
    "mean_attenuation_soma/dend_100_um": {
        "std": 0.029145719757733318,
        "mean": 0.9002754682091969
    },
    "mean_attenuation_soma/dend_200_um": {
        "std": 0.025632484322035437,
        "mean": 0.8120503564873558
    }
}