{
    "error_attenuation_soma/dend_100_um": 3.6757099306833436,
    "error_attenuation_soma/dend_200_um": 3.412975380635934,
    "error_attenuation_soma/dend_300_um": 9.755552262331014
}