{
    "error_attenuation_soma/dend_100_um": 3.675710565065451, 
    "error_attenuation_soma/dend_200_um": 3.4129770918490006, 
    "error_attenuation_soma/dend_300_um": 9.755560207580213
}