{
    "error_attenuation_soma/dend_100_um": 3.0836411572185556,
    "error_attenuation_soma/dend_200_um": 3.017617477603493,
    "error_attenuation_soma/dend_300_um": 7.965683193269794
}