{
    "mean_attenuation_soma/dend_300_um": {
        "mean": 0.7530220140602044,
        "std": 0.050942409674837465
    },
    "mean_attenuation_soma/dend_100_um": {
        "mean": 0.9444163268069772,
        "std": 0.026031913963899384
    },
    "mean_attenuation_soma/dend_200_um": {
        "mean": 0.8548961896274383,
        "std": 0.02721443111489973
    }
}