{
    "AP1_amp_at_50": 1.084181765312476,
    "AP1_amp_at_150": 0.43693866409053117,
    "AP1_amp_at_250": 2.3329269900605722,
    "AP1_amp_strong_propagating_at_350": 3.667627514685749,
    "AP1_amp_weak_propagating_at_350": 6.603229197570188,
    "APlast_amp_at_50": 2.834188481092756,
    "APlast_amp_at_150": 2.1199218050177415,
    "APlast_amp_at_250": 8.389096618420123,
    "APlast_amp_at_350": 5.810279786634467
}