{
    "Z_score_avg_strong_propagating": 3.3343952031643016,
    "Z_score_avg_weak_propagating": 3.7013454135248565
}