{
    "Z_score_avg_strong_propagating": 3.3657167938646477,
    "Z_score_avg_weak_propagating": 4.756973914420921
}