{
    "AP1_amp_at_50": 1.084181765312476,
    "AP1_amp_at_150": 0.1834808485209601,
    "AP1_amp_at_250": 3.078283520756995,
    "AP1_amp_strong_propagating_at_350": 1.6744682641987525,
    "AP1_amp_weak_propagating_at_350": 12.804525228648936,
    "APlast_amp_at_50": 2.834188481092756,
    "APlast_amp_at_150": 2.8392681749261803,
    "APlast_amp_at_250": 6.267618903153267,
    "APlast_amp_at_350": 8.96424439295579
}