{
    "I_below_depol_block_error": 2.6666666666666674, 
    "Veq_error": 3.562047809073629, 
    "I_maxNumAP_error": 2.6666666666666674, 
    "I_diff_penalty": 0
}