{
    "Z_score_avg_strong_propagating": 11.534369055879214,
    "Z_score_avg_weak_propagating": 11.534369055879214
}