{
    "AP1_amp_at_50": NaN, 
    "AP1_amp_at_150": 3.902216046763167, 
    "AP1_amp_at_250": 6.164489180883631, 
    "AP1_amp_strong_propagating_at_350": NaN, 
    "AP1_amp_weak_propagating_at_350": NaN, 
    "APlast_amp_at_50": NaN, 
    "APlast_amp_at_150": 6.579595000134801, 
    "APlast_amp_at_250": 29.493736003279988, 
    "APlast_amp_at_350": NaN
}