{
    "Z_score_avg_weak_propagating": 11.535009057765397, 
    "Z_score_avg_strong_propagating": 11.535009057765397
}