{
    "maximum_voltage_from_voltagebase.Step0.6": 2.506557762883392,
    "max_amp_difference.Step0.8": 4.234008760833643,
    "AP2_width.Step0.8": 8.427112327228734,
    "doublet_ISI.Step1.0": 1.1046264508743247,
    "steady_state_hyper.Step-1.0": 2.5445550906254146,
    "AHP2_depth_from_peak.Step1.0": 6.709205493505542,
    "AP1_peak.Step0.8": 3.1893314739027576,
    "fast_AHP_change.Step0.8": 1.8745583584244183,
    "inv_time_to_first_spike.Step1.0": 0.10546003164528471,
    "amp_drop_second_last.Step0.8": 2.246505645324423,
    "voltage_base.Step0.4": 0.7047850980475499,
    "Spikecount.Step0.4": 1.7919145644930985,
    "voltage_after_stim.Step-0.4": 1.1446977120715809,
    "AP_begin_voltage.Step0.8": 1.0940700789111422,
    "Spikecount.Step1.0": 5.557720198281274,
    "maximum_voltage.Step0.6": 2.4171614596397033,
    "AP_fall_rate.Step0.8": 5.478732762019155,
    "sag_ratio2.Step-0.4": 0.4726675806593754,
    "voltage_deflection.Step-0.4": 4.378073199713476,
    "inv_first_ISI.Step0.6": 1.523517616758671,
    "sag_amplitude.Step-0.6": 1.8769016061169275,
    "AHP_depth_from_peak.Step1.0": 3.803445621026358,
    "AHP_depth.Step0.8": 1.396112828619234,
    "number_initial_spikes.Step0.4": 0.9204387024816432,
    "AP_fall_time.Step1.0": 10.044366197183654,
    "inv_fourth_ISI.Step0.2": 0.2731177689518218,
    "minimum_voltage.Step-0.8": 2.3317901399477807,
    "doublet_ISI.Step0.8": 0.9144544562764719,
    "maximum_voltage_from_voltagebase.Step0.8": 3.537520866253736,
    "steady_state_voltage.Step0.8": 0.27338439478659865,
    "number_initial_spikes.Step1.0": 3.204249260760048,
    "steady_state_voltage.Step-0.8": 1.0624445612684406,
    "inv_third_ISI.Step0.2": 0.428047773112136,
    "AP_height.Step0.8": 2.459772452288639,
    "mean_frequency.Step1.0": 8.53059771015826,
    "voltage_deflection_begin.Step-0.4": 3.8317588768104063,
    "inv_fifth_ISI.Step0.6": 7.2390461565347985,
    "amp_drop_first_last.Step0.8": 0.005005732491647022,
    "fast_AHP.Step0.8": 0.5633491488931504,
    "inv_last_ISI.Step0.2": 0.3492515362031409,
    "steady_state_voltage.Step0.2": 1.0003637202083373,
    "inv_second_ISI.Step0.4": 3.879290909067318,
    "voltage_deflection_vb_ssse.Step-0.6": 4.116980324228676,
    "sag_ratio1.Step-0.6": 0.19619917889918267,
    "min_AHP_values.Step0.8": 1.5961249500367334,
    "AP2_width.Step1.0": 8.950590047015647,
    "inv_fourth_ISI.Step0.4": 6.489295611892548,
    "voltage_after_stim.Step-1.0": 1.699742998065023,
    "AP_duration_change.Step1.0": 10.092830052378126,
    "Spikecount.Step0.8": 4.006360254410177,
    "irregularity_index.Step1.0": 0.7446009931863451,
    "AP2_peak.Step0.8": 3.8655215483563783,
    "maximum_voltage.Step0.4": 0.15110803725860092,
    "voltage_deflection_vb_ssse.Step-0.2": 4.109688437411527,
    "min_voltage_between_spikes.Step1.0": 1.588386092184816,
    "AP_amplitude_from_voltagebase.Step1.0": 2.5176645116016805,
    "peak_voltage.Step1.0": 2.1790968045515298,
    "voltage_after_stim.Step0.2": 0.7944819934285122,
    "AP2_begin_width.Step0.8": 3.02625698324179,
    "time_to_first_spike.Step0.8": 0.49978643845602316,
    "AP_width.Step0.8": 5.901545972324236,
    "irregularity_index.Step0.8": 0.9894595270862663,
    "AP1_peak.Step1.0": 2.7954086415214787,
    "number_initial_spikes.Step0.6": 1.7503560689982591,
    "AP_amplitude.Step0.8": 3.853784312107706,
    "sag_ratio1.Step-0.8": 0.05158836716930232,
    "AP_amplitude_change.Step1.0": 3.234779445786835,
    "inv_fourth_ISI.Step0.6": 6.800490077033391,
    "sag_ratio1.Step-1.0": 0.2211955490469931,
    "sag_ratio1.Step-0.2": 1.4529523850733266,
    "time_to_last_spike.Step0.8": 0.818869205170001,
    "AP_rise_time.Step0.8": 9.42887700533565,
    "AP_rise_rate.Step1.0": 2.798580236256393,
    "voltage_after_stim.Step-0.8": 1.6295930776586007,
    "minimum_voltage.Step-1.0": 2.3902380846111866,
    "AP2_peak.Step1.0": 4.183100895480094,
    "AP_duration_half_width.Step1.0": 0.16690257135382838,
    "APlast_amp.Step1.0": 1.9340633828910212,
    "inv_time_to_first_spike.Step0.2": 0.6944853634392383,
    "inv_time_to_first_spike.Step0.4": 0.17393521710513934,
    "number_initial_spikes.Step0.8": 3.027035992701941,
    "inv_third_ISI.Step0.6": 5.739370291201505,
    "amp_drop_first_second.Step0.8": 4.356479872911198,
    "time_to_last_spike.Step1.0": 0.03992768780872646,
    "inv_third_ISI.Step0.4": 5.944027928368996,
    "AP_width.Step1.0": 4.144261545487285,
    "steady_state_hyper.Step-0.8": 2.3164356764449923,
    "amp_drop_first_second.Step1.0": 6.276621056057063,
    "number_initial_spikes.Step0.2": 0.6436917421557043,
    "voltage_deflection.Step-0.6": 4.175272074658132,
    "inv_first_ISI.Step0.2": 0.590739108988115,
    "AP2_amp.Step0.8": 6.846493747527727,
    "steady_state_voltage.Step0.6": 0.09741743811255323,
    "inv_time_to_first_spike.Step0.8": 0.13057429028977843,
    "maximum_voltage.Step0.2": 0.7482126549432547,
    "inv_first_ISI.Step1.0": 1.5942234520946916,
    "AHP1_depth_from_peak.Step1.0": 8.823117687852722,
    "voltage_base.Step-0.4": 0.7553310156876076,
    "AP2_begin_voltage.Step1.0": 1.817798418977609,
    "voltage_after_stim.Step0.8": 0.30355423882440546,
    "voltage_base.Step1.0": 0.8388905903727808,
    "Spikecount_stimint.Step0.8": 4.006360254410177,
    "inv_fourth_ISI.Step1.0": 7.955515819366752,
    "sag_ratio2.Step-0.2": 1.4529523850733272,
    "spike_width2.Step1.0": 8.032396972982385,
    "inv_last_ISI.Step0.6": 5.559027926590023,
    "AP2_begin_voltage.Step0.8": 1.6054451532536427,
    "voltage_deflection_vb_ssse.Step-1.0": 3.8382973094560033,
    "steady_state_voltage_stimend.Step-0.6": 2.029785011625682,
    "AHP1_depth_from_peak.Step0.8": 8.6448164631841,
    "steady_state_voltage.Step0.4": 0.2887899661213516,
    "fast_AHP.Step1.0": 0.7099217484550123,
    "voltage_base.Step0.8": 0.8236197974395786,
    "Spikecount_stimint.Step0.4": 1.7919145644930985,
    "voltage_deflection.Step-1.0": 3.9115265934565793,
    "maximum_voltage_from_voltagebase.Step0.4": 0.23861746959152985,
    "inv_second_ISI.Step1.0": 2.506816236620038,
    "steady_state_voltage.Step1.0": 0.3670702852521793,
    "APlast_amp.Step0.8": 2.237049036061548,
    "minimum_voltage.Step-0.2": 0.2902628505227914,
    "spike_width2.Step0.8": 9.267108374995386,
    "AP2_begin_width.Step1.0": 1.9873301505706034,
    "voltage_base.Step-0.2": 0.7505651622657025,
    "sag_ratio2.Step-1.0": 0.22119554904699396,
    "max_amp_difference.Step1.0": 6.824562509900336,
    "AP_amplitude_change.Step0.8": 3.7117532270328675,
    "inv_fifth_ISI.Step0.4": 7.19981979818858,
    "maximum_voltage.Step1.0": 2.796560710341511,
    "AP_rise_time.Step1.0": 9.000888000876543,
    "maximum_voltage_from_voltagebase.Step1.0": 3.306889298477791,
    "voltage_after_stim.Step0.4": 0.13525308967029395,
    "inv_second_ISI.Step0.6": 3.382904000868739,
    "AP_amplitude.Step1.0": 3.537101728172582,
    "AP_fall_rate.Step1.0": 4.618868113474863,
    "steady_state_hyper.Step-0.4": 1.592864704792435,
    "time_to_first_spike.Step1.0": 0.47633792331074487,
    "spike_half_width.Step0.8": 9.732127664733113,
    "Spikecount_stimint.Step0.2": 0.7125494357094627,
    "steady_state_voltage_stimend.Step-0.8": 2.2947062261402134,
    "inv_third_ISI.Step1.0": 5.909315048488874,
    "sag_amplitude.Step-0.2": 0.2830283983406227,
    "AHP_depth_abs.Step1.0": 1.4220200558638307,
    "steady_state_voltage.Step-0.6": 0.9382812327348384,
    "inv_first_ISI.Step0.4": 1.4113210768169322,
    "voltage_after_stim.Step-0.6": 1.4109462591910917,
    "AP_begin_voltage.Step1.0": 0.9817584242735207,
    "AP_duration_half_width_change.Step1.0": 3.2972633693276006,
    "amp_drop_second_last.Step1.0": 3.09912540817993,
    "AHP2_depth_from_peak.Step0.8": 5.8688156421020174,
    "AP_duration_half_width_change.Step0.8": 2.409101739343988,
    "AHP_depth_diff.Step0.8": 2.830817202260874,
    "inv_fifth_ISI.Step1.0": 7.613705929150347,
    "voltage_deflection.Step-0.8": 3.8757765285368757,