{
    "doublet_ISI.Step1.0": 1.1046264508743247, 
    "steady_state_voltage.Step-0.2": 0.6986262622493981, 
    "fast_AHP.Step1.0": 0.7050345836714293, 
    "steady_state_hyper.Step-0.2": 0.6678219160391062, 
    "AP_begin_voltage.Step0.8": 1.095534584989754, 
    "AHP_depth.Step1.0": 1.2138465810858834, 
    "AP_amplitude_from_voltagebase.Step1.0": 2.5176588401180786, 
    "voltage_deflection_vb_ssse.Step-1.0": 3.838298941394899, 
    "steady_state_voltage.Step1.0": 0.3670661767425185, 
    "AP_height.Step0.8": 2.4597242260311125, 
    "voltage_base.Step-0.4": 0.7553309426009827, 
    "inv_second_ISI.Step0.8": 3.000503623395212, 
    "amp_drop_first_last.Step0.8": 0.004814147979240609, 
    "inv_fourth_ISI.Step1.0": 7.955515819366752, 
    "voltage_after_stim.Step-1.0": 1.6997493644324198, 
    "voltage_deflection_begin.Step-0.6": 3.8107047222049144, 
    "AHP_depth_from_peak.Step0.8": 4.142271168578872, 
    "voltage_base.Step-0.8": 0.7992242469365578, 
    "peak_voltage.Step1.0": 2.179091191614937, 
    "AP_begin_width.Step0.8": 5.127995324363268, 
    "AP2_AP1_peak_diff.Step1.0": 6.27533356161463, 
    "AHP_depth.Step0.8": 1.3960877207560394, 
    "sag_amplitude.Step-1.0": 1.3643580468345962, 
    "AP_fall_rate.Step0.8": 5.474801006494666, 
    "AP_amplitude_change.Step1.0": 3.236965705856209, 
    "doublet_ISI.Step0.8": 0.9144544562764719, 
    "inv_fifth_ISI.Step0.8": 6.9906135369132, 
    "AHP_time_from_peak.Step1.0": 5.83695428082236, 
    "inv_fifth_ISI.Step0.4": 7.19981979818858, 
    "AP_duration_half_width_change.Step0.8": 2.3793185608832164, 
    "inv_fifth_ISI.Step0.6": 7.2390461565347985, 
    "AHP1_depth_from_peak.Step0.8": 8.644681712781445, 
    "inv_fifth_ISI.Step0.2": 0.19267591481285065, 
    "maximum_voltage_from_voltagebase.Step0.6": 2.5065558566362034, 
    "maximum_voltage_from_voltagebase.Step0.4": 0.238620951499533, 
    "maximum_voltage_from_voltagebase.Step0.2": 0.8305864952777674, 
    "steady_state_voltage_stimend.Step-1.0": 2.531128102659707, 
    "min_voltage_between_spikes.Step0.8": 1.7816200088561227, 
    "AP2_peak.Step0.8": 3.8652726016291523, 
    "AP_amplitude.Step1.0": 3.5386734180325563, 
    "Spikecount_stimint.Step1.0": 5.557720198281274, 
    "maximum_voltage_from_voltagebase.Step0.8": 3.5375186333079696, 
    "amp_drop_first_second.Step0.8": 4.355654502860985, 
    "voltage_after_stim.Step0.2": 0.794482530033017, 
    "voltage_deflection_begin.Step-0.4": 3.8317632571252043, 
    "steady_state_voltage_stimend.Step-0.4": 1.5805559726882958, 
    "inv_third_ISI.Step1.0": 5.909315048488874, 
    "AP2_width.Step1.0": 8.952504642690897, 
    "inv_second_ISI.Step1.0": 2.506816236620038, 
    "amp_drop_second_last.Step0.8": 2.2463136048541776, 
    "voltage_base.Step-0.6": 0.7737203665802503, 
    "voltage_deflection.Step-0.2": 4.052916240920049, 
    "AHP2_depth_from_peak.Step0.8": 5.8685584876016, 
    "inv_last_ISI.Step1.0": 2.6926627722332355, 
    "AP_rise_time.Step0.8": 9.42887700533565, 
    "voltage_deflection_begin.Step-0.2": 3.3828571562810286, 
    "AP_duration_half_width.Step0.8": 0.1813361611805619, 
    "AP2_begin_voltage.Step1.0": 1.8175100064757808, 
    "Spikecount.Step0.8": 4.006360254410177, 
    "Spikecount.Step0.6": 2.5671541560961053, 
    "Spikecount.Step0.4": 1.7919145644930985, 
    "Spikecount.Step0.2": 0.7125494357094627, 
    "AP_fall_time.Step1.0": 10.044366197183654, 
    "inv_first_ISI.Step0.4": 1.4113210768169322, 
    "voltage_deflection_vb_ssse.Step-0.8": 3.8996479440906024, 
    "inv_first_ISI.Step0.6": 1.523517616758671, 
    "voltage_base.Step-0.2": 0.7505650896512716, 
    "inv_first_ISI.Step0.2": 0.590739108988115, 
    "voltage_deflection_vb_ssse.Step-0.2": 4.1096967194362515, 
    "voltage_deflection_vb_ssse.Step-0.6": 4.116982827906659, 
    "AP_begin_voltage.Step1.0": 0.9838119903237188, 
    "sag_ratio2.Step-1.0": 0.22119516074090556, 
    "AP_rise_rate.Step0.8": 2.92701395128502, 
    "steady_state_voltage.Step0.4": 0.2891973799970352, 
    "steady_state_voltage.Step0.6": 0.0973620092501184, 
    "inv_time_to_first_spike.Step0.8": 0.13057429028977843, 
    "ISI_values.Step0.8": 1.2693704392126992, 
    "inv_time_to_first_spike.Step1.0": 0.10546003164528471, 
    "inv_time_to_first_spike.Step0.4": 0.17393521710513934, 
    "Spikecount_stimint.Step0.4": 1.7919145644930985, 
    "inv_time_to_first_spike.Step0.6": 0.10085723763961858, 
    "steady_state_voltage.Step0.8": 0.27337422844455295, 
    "inv_time_to_first_spike.Step0.2": 0.6944853634392383, 
    "minimum_voltage.Step-0.4": 0.7524320175101039, 
    "steady_state_voltage.Step-0.8": 1.0624480696445768, 
    "minimum_voltage.Step-0.6": 2.1500620590202852, 
    "min_AHP_values.Step0.8": 1.5961074288709225, 
    "minimum_voltage.Step-0.2": 0.29026564881787925, 
    "sag_ratio1.Step-1.0": 0.22119516074090512, 
    "minimum_voltage.Step-0.8": 2.3317918830519466, 
    "steady_state_voltage.Step-0.4": 0.7990589255130365, 
    "steady_state_voltage.Step-0.6": 0.9382840733822168, 
    "APlast_amp.Step0.8": 2.242774305128435, 
    "sag_ratio2.Step-0.2": 1.4529501538481013, 
    "AP_duration_half_width_change.Step1.0": 3.2972633693276006, 
    "sag_ratio2.Step-0.6": 0.19619792716724138, 
    "sag_ratio2.Step-0.4": 0.47266672406579646, 
    "sag_ratio2.Step-0.8": 0.05158762857013048, 
    "AP_fall_rate.Step1.0": 4.61307921181588, 
    "maximum_voltage_from_voltagebase.Step1.0": 3.3068881976058515, 
    "AP_amplitude.Step0.8": 3.8547824110768785, 
    "AHP_depth_abs.Step1.0": 1.4220093875713131, 
    "amp_drop_first_second.Step1.0": 6.27533356161463, 
    "number_initial_spikes.Step1.0": 3.204249260760048, 
    "voltage_deflection_vb_ssse.Step-0.4": 4.32424569004854, 
    "time_to_last_spike.Step0.8": 0.818869205170001, 
    "AP1_peak.Step1.0": 2.7954075902915796, 
    "irregularity_index.Step0.8": 0.9894595270862663, 
    "AP_height.Step1.0": 2.179091191614937, 
    "AP2_begin_width.Step0.8": 3.02625698324179, 
    "amp_drop_second_last.Step1.0": 3.0981251732110446, 
    "min_voltage_between_spikes.Step1.0": 1.5883740395412833, 
    "fast_AHP_change.Step0.8": 1.8749653413409377, 
    "AP_rise_rate_change.Step1.0": 9.029239990490671, 
    "AHP2_depth_from_peak.Step1.0": 6.708675328339634, 
    "AP_width.Step0.8": 5.868999186319383, 
    "voltage_deflection.Step-0.4": 4.378077288127142, 
    "AP_duration_half_width.Step1.0": 0.16690257135382838, 
    "time_to_last_spike.Step1.0": 0.03992768780872646, 
    "AHP_depth_abs.Step0.8": 1.5961074288709225, 
    "min_AHP_values.Step1.0": 1.4220093875713131, 
    "steady_state_hyper.Step-0.6": 2.034319828110868, 
    "steady_state_hyper.Step-0.4": 1.5928668840904265, 
    "maximum_voltage.Step1.0": 2.7965596590590596, 
    "time_to_second_spike.Step1.0": 0.7660458286485857, 
    "steady_state_hyper.Step-0.8": 2.3164371198415146, 
    "AP_fall_time.Step0.8": 11.816120906801663, 
    "time_to_second_spike.Step0.8": 0.7087675138188085, 
    "spike_width2.Step0.8": 9.259902089514224, 
    "ISI_values.Step1.0": 2.145348438118262, 
    "AP_rise_rate.Step1.0": 2.798846996094107, 
    "sag_ratio1.Step-0.6": 0.19619792716724094, 
    "minimum_voltage.Step-1.0": 2.3902395075978045, 
    "sag_ratio1.Step-0.4": 0.4726667240657959, 
    "sag_ratio1.Step-0.2": 1.4529501538481018, 
    "voltage_after_stim.Step0.6": 0.1366358864503911, 
    "voltage_after_stim.Step0.4": 0.13558522638484116, 
    "inv_second_ISI.Step0.4": 3.879290909067318, 
    "voltage_after_stim.Step0.8": 0.3035433941775599, 
    "steady_state_voltage.Step-1.0": 1.0475131804043918, 
    "sag_ratio1.Step-0.8": 0.051587628570129614, 
    "maximum_voltage.Step0.4": 0.1511114647367514, 
    "steady_state_voltage_stimend.Step-0.8": 2.2947076626743494, 
    "APlast_amp.Step1.0": 1.9432837365496487, 
    "spike_width2.Step1.0": 8.022932633458462, 
    "mean_frequency.Step0.8": 7.4878521141479295, 
    "inv_third_ISI.Step0.8": 5.725840655344347, 
    "steady_state_voltage.Step0.2": 1.0003702350780035,