{
    "('trunk[12]', 0.1)": {
        "EPSP_amp_soma": 0.3400794802318643,
        "distance": 242.71230958135067,
        "EPSP_amp_dendrite": 0.6786730359490605
    },
    "('trunk[7]', 0.30000000000000004)": {
        "EPSP_amp_soma": 0.4224626297329195,
        "distance": 180.37072321249076,
        "EPSP_amp_dendrite": 0.6368926949230769
    },
    "('trunk[12]', 0.7)": {
        "EPSP_amp_soma": 0.2945494301173568,
        "distance": 281.37464601855845,
        "EPSP_amp_dendrite": 0.7293444242080369
    },
    "('trunk[13]', 0.1)": {
        "EPSP_amp_soma": 0.27365891974888257,
        "distance": 305.60211030509345,
        "EPSP_amp_dendrite": 0.7242154634192701
    },
    "('trunk[2]', 0.5)": {
        "EPSP_amp_soma": 0.5988294196409498,
        "distance": 67.824925546124,
        "EPSP_amp_dendrite": 0.6284810625699322
    },
    "('trunk[7]', 0.5)": {
        "EPSP_amp_soma": 0.41444254815849035,
        "distance": 185.4673099420653,
        "EPSP_amp_dendrite": 0.635614589561996
    },
    "('trunk[11]', 0.1)": {
        "EPSP_amp_soma": 0.38909778165293574,
        "distance": 202.4385331915214,
        "EPSP_amp_dendrite": 0.634143557267393
    },
    "('trunk[7]', 0.1)": {
        "EPSP_amp_soma": 0.43065337044477303,
        "distance": 175.27413648291622,
        "EPSP_amp_dendrite": 0.6376834912573344
    },
    "('trunk[4]', 0.5)": {
        "EPSP_amp_soma": 0.5536615800509708,
        "distance": 102.47762241797938,
        "EPSP_amp_dendrite": 0.6288226492929283
    },
    "('trunk[1]', 0.30000000000000004)": {
        "EPSP_amp_soma": 0.6077371127745437,
        "distance": 57.61428496667684,
        "EPSP_amp_dendrite": 0.6292234768583569
    },
    "('trunk[0]', 0.8999999999999999)": {
        "EPSP_amp_soma": 0.6106340700020638,
        "distance": 50.89491199669502,
        "EPSP_amp_dendrite": 0.6296729436327126
    },
    "('trunk[13]', 0.8999999999999999)": {
        "EPSP_amp_soma": 0.24828718605560596,
        "distance": 344.7724788485422,
        "EPSP_amp_dendrite": 0.7361012294469731
    },
    "('trunk[12]', 0.8999999999999999)": {
        "EPSP_amp_soma": 0.282605018935314,
        "distance": 294.2620914976277,
        "EPSP_amp_dendrite": 0.7245039441219632
    },
    "('trunk[7]', 0.8999999999999999)": {
        "EPSP_amp_soma": 0.39891475195456394,
        "distance": 195.66048340121438,
        "EPSP_amp_dendrite": 0.6315925636488942
    },
    "('trunk[13]', 0.30000000000000004)": {
        "EPSP_amp_soma": 0.2671516823897093,
        "distance": 315.39470244095565,
        "EPSP_amp_dendrite": 0.7308423636838199
    }
}