{
    "('trunk[1]', 0.30000000000000004)": {
        "distance": 52.768850544299504,
        "EPSP_amp_dendrite": 0.6292234768583569,
        "EPSP_amp_soma": 0.6077371127745437
    },
    "('trunk[2]', 0.5)": {
        "distance": 62.979491123746676,
        "EPSP_amp_dendrite": 0.6284810625699322,
        "EPSP_amp_soma": 0.5988294196409498
    },
    "('trunk[12]', 0.7)": {
        "distance": 276.52921159618114,
        "EPSP_amp_dendrite": 0.7293444242080369,
        "EPSP_amp_soma": 0.2945494301173568
    },
    "('trunk[12]', 0.8999999999999999)": {
        "distance": 289.4166570752504,
        "EPSP_amp_dendrite": 0.7245039441219632,
        "EPSP_amp_soma": 0.282605018935314
    },
    "('trunk[10]', 0.1)": {
        "distance": 195.83466377984138,
        "EPSP_amp_dendrite": 0.6445338568830863,
        "EPSP_amp_soma": 0.3937031961635
    },
    "('trunk[7]', 0.30000000000000004)": {
        "distance": 175.52528879011342,
        "EPSP_amp_dendrite": 0.6368926949230769,
        "EPSP_amp_soma": 0.4224626297329195
    },
    "('trunk[13]', 0.1)": {
        "distance": 300.75667588271614,
        "EPSP_amp_dendrite": 0.7242154634192701,
        "EPSP_amp_soma": 0.27365891974888257
    },
    "('trunk[11]', 0.1)": {
        "distance": 197.59309876914406,
        "EPSP_amp_dendrite": 0.634143557267393,
        "EPSP_amp_soma": 0.38909778165293574
    },
    "('trunk[13]', 0.8999999999999999)": {
        "distance": 339.9270444261649,
        "EPSP_amp_dendrite": 0.7361012294469731,
        "EPSP_amp_soma": 0.24828718605560596
    },
    "('trunk[7]', 0.1)": {
        "distance": 170.42870206053888,
        "EPSP_amp_dendrite": 0.6376834912573344,
        "EPSP_amp_soma": 0.43065337044477303
    },
    "('trunk[7]', 0.5)": {
        "distance": 180.62187551968796,
        "EPSP_amp_dendrite": 0.635614589561996,
        "EPSP_amp_soma": 0.41444254815849035
    },
    "('trunk[7]', 0.8999999999999999)": {
        "distance": 190.81504897883704,
        "EPSP_amp_dendrite": 0.6315925636488942,
        "EPSP_amp_soma": 0.39891475195456394
    },
    "('trunk[4]', 0.5)": {
        "distance": 97.63218799560204,
        "EPSP_amp_dendrite": 0.6288226492929283,
        "EPSP_amp_soma": 0.5536615800509708
    },
    "('trunk[12]', 0.1)": {
        "distance": 237.86687515897333,
        "EPSP_amp_dendrite": 0.6786730359490605,
        "EPSP_amp_soma": 0.3400794802318643
    },
    "('trunk[13]', 0.30000000000000004)": {
        "distance": 310.54926801857835,
        "EPSP_amp_dendrite": 0.7308423636838199,
        "EPSP_amp_soma": 0.2671516823897093
    }
}