{
    "('trunk[4]', 0.5)": {
        "distance": 102.47762241797938, 
        "EPSP_amp_dendrite": 0.6288227563841815, 
        "EPSP_amp_soma": 0.5536617690702172
    }, 
    "('trunk[0]', 0.8999999999999999)": {
        "distance": 50.89491199669502, 
        "EPSP_amp_dendrite": 0.6296730755608735, 
        "EPSP_amp_soma": 0.61063421577893
    }, 
    "('trunk[12]', 0.8999999999999999)": {
        "distance": 294.2620914976277, 
        "EPSP_amp_dendrite": 0.7245040274959962, 
        "EPSP_amp_soma": 0.28260551113912413
    }, 
    "('trunk[7]', 0.5)": {
        "distance": 185.4673099420653, 
        "EPSP_amp_dendrite": 0.6356146722333165, 
        "EPSP_amp_soma": 0.414442880437079
    }, 
    "('trunk[2]', 0.5)": {
        "distance": 67.824925546124, 
        "EPSP_amp_dendrite": 0.6284811914301258, 
        "EPSP_amp_soma": 0.5988295756066577
    }, 
    "('trunk[13]', 0.1)": {
        "distance": 305.60211030509345, 
        "EPSP_amp_dendrite": 0.7242155663350331, 
        "EPSP_amp_soma": 0.27365942472462734
    }, 
    "('trunk[7]', 0.1)": {
        "distance": 175.27413648291622, 
        "EPSP_amp_dendrite": 0.6376835743642317, 
        "EPSP_amp_soma": 0.43065368208897326
    }, 
    "('trunk[7]', 0.8999999999999999)": {
        "distance": 195.66048340121438, 
        "EPSP_amp_dendrite": 0.6315926512514238, 
        "EPSP_amp_soma": 0.3989151071710637
    }, 
    "('trunk[7]', 0.30000000000000004)": {
        "distance": 180.37072321249076, 
        "EPSP_amp_dendrite": 0.6368927786179484, 
        "EPSP_amp_soma": 0.42246295164541436
    }, 
    "('trunk[13]', 0.8999999999999999)": {
        "distance": 344.7724788485422, 
        "EPSP_amp_dendrite": 0.7361013975803132, 
        "EPSP_amp_soma": 0.24828772372657681
    }, 
    "('trunk[11]', 0.1)": {
        "distance": 202.4385331915214, 
        "EPSP_amp_dendrite": 0.6341436420412521, 
        "EPSP_amp_soma": 0.38909814810116927
    }, 
    "('trunk[12]', 0.7)": {
        "distance": 281.37464601855845, 
        "EPSP_amp_dendrite": 0.7293444852397357, 
        "EPSP_amp_soma": 0.29454990531101544
    }, 
    "('trunk[13]', 0.30000000000000004)": {
        "distance": 315.39470244095565, 
        "EPSP_amp_dendrite": 0.7308424790321908, 
        "EPSP_amp_soma": 0.26715219702299464
    }, 
    "('trunk[1]', 0.30000000000000004)": {
        "distance": 57.61428496667684, 
        "EPSP_amp_dendrite": 0.6292236086228229, 
        "EPSP_amp_soma": 0.6077372626389348
    }, 
    "('trunk[12]', 0.1)": {
        "distance": 242.71230958135067, 
        "EPSP_amp_dendrite": 0.67867308671579, 
        "EPSP_amp_soma": 0.3400799015089149
    }
}