{
    "('trunk[4]', 0.5)": {
        "distance": 102.47762241797938, 
        "attenuation_soma/dendrite": 0.880473493443287
    }, 
    "('trunk[0]', 0.8999999999999999)": {
        "distance": 50.89491199669502, 
        "attenuation_soma/dendrite": 0.9697638972970459
    }, 
    "('trunk[12]', 0.8999999999999999)": {
        "distance": 294.2620914976277, 
        "attenuation_soma/dendrite": 0.3900675502327499
    }, 
    "('trunk[7]', 0.5)": {
        "distance": 185.4673099420653, 
        "attenuation_soma/dendrite": 0.6520347917408498
    }, 
    "('trunk[2]', 0.5)": {
        "distance": 67.824925546124, 
        "attenuation_soma/dendrite": 0.9528202017374696
    }, 
    "('trunk[13]', 0.1)": {
        "distance": 305.60211030509345, 
        "attenuation_soma/dendrite": 0.3778701224409036
    }, 
    "('trunk[7]', 0.1)": {
        "distance": 175.27413648291622, 
        "attenuation_soma/dendrite": 0.6753407166216151
    }, 
    "('trunk[7]', 0.8999999999999999)": {
        "distance": 195.66048340121438, 
        "attenuation_soma/dendrite": 0.6316018819735506
    }, 
    "('trunk[7]', 0.30000000000000004)": {
        "distance": 180.37072321249076, 
        "attenuation_soma/dendrite": 0.6633187968658637
    }, 
    "('trunk[13]', 0.8999999999999999)": {
        "distance": 344.7724788485422, 
        "attenuation_soma/dendrite": 0.3373009812815728
    }, 
    "('trunk[11]', 0.1)": {
        "distance": 202.4385331915214, 
        "attenuation_soma/dendrite": 0.6135804608064773
    }, 
    "('trunk[12]', 0.7)": {
        "distance": 281.37464601855845, 
        "attenuation_soma/dendrite": 0.4038556694018147
    }, 
    "('trunk[13]', 0.30000000000000004)": {
        "distance": 315.39470244095565, 
        "attenuation_soma/dendrite": 0.3655400509515644
    }, 
    "('trunk[1]', 0.30000000000000004)": {
        "distance": 57.61428496667684, 
        "attenuation_soma/dendrite": 0.9658526067848676
    }, 
    "('trunk[12]', 0.1)": {
        "distance": 242.71230958135067, 
        "attenuation_soma/dendrite": 0.5010953110791783
    }
}