{
    "mean_attenuation_soma/dend_100_um": {
        "mean": 0.9422274828930071,
        "std": 0.03620143551204997
    },
    "mean_attenuation_soma/dend_200_um": {
        "mean": 0.6228281913754364,
        "std": 0.058068226484535704
    },
    "mean_attenuation_soma/dend_300_um": {
        "mean": 0.3749262357310245,
        "std": 0.02270947293238704
    }
}