{
    "error_attenuation_soma/dend_100_um": 3.646351496121815, 
    "error_attenuation_soma/dend_200_um": 1.2715832028814165, 
    "error_attenuation_soma/dend_300_um": 1.9226879895027251
}