{
    "mean_attenuation_soma/dend_300_um": {
        "mean": 0.3749262357310245,
        "std": 0.02270947293238704
    },
    "mean_attenuation_soma/dend_200_um": {
        "mean": 0.6211147359585221,
        "std": 0.05392431548001545
    },
    "mean_attenuation_soma/dend_100_um": {
        "mean": 0.9330486875344987,
        "std": 0.0375551697361449
    }
}