{
    "error_attenuation_soma/dend_100_um": 3.523233869839684,
    "error_attenuation_soma/dend_200_um": 1.2557680510869556,
    "error_attenuation_soma/dend_300_um": 1.9226747488564446
}