{
    "error_attenuation_soma/dend_100_um": 3.646350598476894,
    "error_attenuation_soma/dend_200_um": 1.271578880073663,
    "error_attenuation_soma/dend_300_um": 1.9226747488564446
}