{
    "AP2_amp.Step0.15": 1.731242572145371, 
    "decay_time_constant_after_stim.Step0.15": 1.119971351437035, 
    "AP_begin_voltage.Step0.2": 5.149229733168266, 
    "doublet_ISI.Step0.15": 0.8188251518157341, 
    "peak_voltage.Step0.25": 0.20309870189196386, 
    "AP_duration_half_width.Step0.15": 2.367816091963526, 
    "AHP_time_from_peak.Step0.15": 1.8807958255690054, 
    "inv_third_ISI.Step0.25": 3.1205463983871113, 
    "irregularity_index.Step0.25": 4.9641227706340825, 
    "inv_time_to_first_spike.Step0.15": 19.097224255258176, 
    "voltage_base.Step-0.2": 12.407284604693917, 
    "inv_first_ISI.Step0.25": 1.2648016401448392, 
    "spike_width2.Step0.2": 5.880193607471599, 
    "AP_amplitude_from_voltagebase.Step0.25": 1.2013068091594712, 
    "spike_half_width.Step0.15": 2.8096214637105335, 
    "voltage_deflection.Step-0.25": 4.871663185512412, 
    "steady_state_voltage_stimend.Step-0.25": 7.296297463733269, 
    "amp_drop_first_last.Step0.2": 2.571323859985233, 
    "mean_frequency.Step0.15": 6.01714612332368, 
    "AHP_depth_diff.Step0.25": 3.504263964440368, 
    "AP_begin_width.Step0.25": 0.5274889379021459, 
    "steady_state_hyper.Step-0.1": 9.603887766536113, 
    "AP_fall_rate.Step0.25": 2.8426640028403036, 
    "AP1_peak.Step0.15": 0.4896642355486517, 
    "AP2_width.Step0.15": 2.701957774544382, 
    "time_to_last_spike.Step0.15": 2.3033490451591874, 
    "AP_duration_half_width_change.Step0.2": 1.1982272361090802, 
    "spike_width2.Step0.25": 5.884724299211513, 
    "voltage_base.Step0.2": 5.7684287196148185, 
    "AHP1_depth_from_peak.Step0.2": 1.4587697764429048, 
    "AP2_begin_width.Step0.15": 0.3090171705444673, 
    "AP_rise_time.Step0.25": 10.459566074930443, 
    "AP_fall_rate.Step0.2": 1.7659259019781284, 
    "voltage_after_stim.Step-0.25": 11.193906996987394, 
    "inv_fifth_ISI.Step0.1": 8.217286204205127, 
    "inv_fifth_ISI.Step0.2": 4.333776832693686, 
    "voltage_base.Step-0.25": 12.567062467945993, 
    "min_voltage_between_spikes.Step0.2": 7.490784712500162, 
    "AP2_peak.Step0.2": 0.12278198211708885, 
    "decay_time_constant_after_stim.Step0.25": 2.055722066218339, 
    "amp_drop_first_second.Step0.2": 0.3952880349385826, 
    "inv_second_ISI.Step0.25": 1.1223232895695112, 
    "maximum_voltage_from_voltagebase.Step0.1": 1.1670642948801317, 
    "inv_last_ISI.Step0.15": 5.294408041534211, 
    "inv_fifth_ISI.Step0.25": 3.002282074762335, 
    "mean_frequency.Step0.25": 4.8650889769674865, 
    "ISI_semilog_slope.Step0.25": 8.934426229508967, 
    "AHP1_depth_from_peak.Step0.15": 1.2359875530545144, 
    "amp_drop_second_last.Step0.2": 1.3824369154578342, 
    "AP1_peak.Step0.2": 0.1831001746500701, 
    "number_initial_spikes.Step0.2": 7.001500375093774, 
    "maximum_voltage_from_voltagebase.Step0.25": 0.9210019330822414, 
    "AP_duration.Step0.15": 4.953929743783372, 
    "inv_fifth_ISI.Step0.15": 4.272219024224324, 
    "AHP2_depth_from_peak.Step0.25": 2.320600202184815, 
    "APlast_amp.Step0.2": 2.4571840552072137, 
    "voltage_after_stim.Step0.25": 3.639782407751224, 
    "AHP2_depth_from_peak.Step0.2": 1.8369538923121291, 
    "Spikecount.Step0.15": 6.274079915878023, 
    "decay_time_constant_after_stim.Step-0.05": 0.6701215501091854, 
    "time_to_first_spike.Step0.2": 3.6773673215325178, 
    "AP_rise_time.Step0.2": 15.508944318442406, 
    "irregularity_index.Step0.15": 1.8728638457234235, 
    "min_AHP_values.Step0.25": 7.987100564038733, 
    "voltage_deflection.Step-0.15": 3.637721762692247, 
    "time_to_last_spike.Step0.25": 3.9174908712581877, 
    "voltage_deflection_vb_ssse.Step-0.1": 2.79944832283165, 
    "voltage_after_stim.Step-0.15": 11.580051766024718, 
    "AP1_peak.Step0.25": 0.10413773225272502, 
    "AP_duration_half_width.Step0.2": 2.3416206261588055, 
    "voltage_deflection_begin.Step-0.25": 0.43234173802177295, 
    "Spikecount.Step0.2": 5.245733425487798, 
    "Spikecount.Step0.1": 12.105028927458834, 
    "Spikecount_stimint.Step0.15": 6.274079915878023, 
    "AP_rise_rate_change.Step0.25": 14.360689023956295, 
    "inv_first_ISI.Step0.1": 3.332017407793732, 
    "voltage_after_stim.Step-0.1": 11.703999567083864, 
    "inv_first_ISI.Step0.2": 0.19789680039271132, 
    "burst_mean_freq.Step0.25": 4.329462909394149, 
    "spike_width2.Step0.15": 5.229069626056852, 
    "fast_AHP_change.Step0.25": 3.6059486178482913, 
    "AHP_depth_from_peak.Step0.2": 1.961757040190424, 
    "Spikecount_stimint.Step0.2": 5.245733425487798, 
    "time_to_first_spike.Step0.15": 6.703633716377659, 
    "max_amp_difference.Step0.25": 1.5879328752491733, 
    "steady_state_voltage.Step0.1": 5.159610341415779, 
    "time_constant.Step-0.25": 10.879860011669617, 
    "ISI_log_slope_skip.Step0.2": 1.886121828559976, 
    "steady_state_voltage.Step0.2": 4.325827243231481, 
    "voltage_base.Step-0.1": 11.123425592231316, 
    "voltage_deflection.Step-0.2": 4.657520649555465, 
    "AP_rise_rate.Step0.2": 4.188346400520216, 
    "single_burst_ratio.Step0.25": 3.6544811320792103, 
    "ISI_values.Step0.2": 2.0713294630625056, 
    "AP_width.Step0.25": 3.9339045287701535, 
    "AHP_time_from_peak.Step0.25": 0.09835971880600484, 
    "AP_duration.Step0.25": 2.39397664411456, 
    "voltage_base.Step0.05": 6.666971486360912, 
    "peak_voltage.Step0.15": 0.331406886958853, 
    "minimum_voltage.Step-0.1": 6.942157121987117, 
    "minimum_voltage.Step-0.2": 5.455565924801793, 
    "AP_begin_voltage.Step0.15": 5.344538840538072, 
    "steady_state_voltage.Step-0.1": 13.390344716511901, 
    "AP_rise_rate.Step0.15": 4.521099621808755, 
    "AP_amplitude_change.Step0.15": 0.4158119770230065, 
    "AP_height.Step0.25": 0.20309870189196386, 
    "sag_ratio2.Step-0.2": 6.656544207319525, 
    "sag_ratio2.Step-0.1": 5.729878236188437, 
    "decay_time_constant_after_stim.Step-0.1": 1.334086727798411, 
    "decay_time_constant_after_stim.Step-0.2": 3.400075268055671, 
    "sag_amplitude.Step-0.15": 5.3497503225014675, 
    "AHP_depth.Step0.2": 9.596161730938013, 
    "inv_fourth_ISI.Step0.15": 3.6366269453552156, 
    "sag_ratio1.Step-0.15": 7.121521961069631, 
    "doublet_ISI.Step0.2": 0.16807479328249927, 
    "AHP_depth_abs.Step0.15": 7.792671135233099, 
    "ISI_values.Step0.15": 1.5998606765276635, 
    "time_to_last_spike.Step0.2": 0.9203579096260052, 
    "AP_rise_rate_change.Step0.15": 11.154991760503274, 
    "sag_amplitude.Step-0.05": 6.204626216486428, 
    "AP_amplitude.Step0.2": 2.1250888183214096, 
    "voltage_deflection_vb_ssse.Step-0.25": 4.913365597437205, 
    "spike_half_width.Step0.25": 3.9909124221665504, 
    "AP2_begin_width.Step0.2": 0.19507494646625778, 
    "AP2_peak.Step0.15": 0.467667567266816, 
    "maximum_voltage_from_voltagebase.Step0.05": 0.8580302622901765, 
    "AP2_amp.Step0.25": 2.6436180457116287, 
    "number_initial_spikes.Step0.15": 4.565050671049028, 
    "AP_amplitude_from_voltagebase.Step0.15": 0.6447380859070333, 
    "AP_width.Step0.15": 2.878896882502047, 
    "burst_mean_freq.Step0.2": 1.0097987146451652, 
    "AP_begin_voltage.Step0.25": 4.472216447923972, 
    "voltage_base.Step0.15": 6.30434340399994, 
    "voltage_base.Step0.25": 5.350064069127408, 
    "AHP_depth.Step0.25": 10.045957528918787, 
    "APlast_amp.Step0.15": 1.9414120804588484, 
    "voltage_deflection_begin.Step-0.1": 0.22697755579894774, 
    "voltage_base.Step-0.05": 11.765861754071025, 
    "AP_amplitude.Step0.25": 2.4368025134440923, 
    "initburst_sahp_ssse.Step0.25": NaN, 
    "AHP_depth_diff.Step0.2": 3.1734771336397074, 
    "amp_drop_second_last.Step0.25": 0.8987040231248798, 
    "initburst_sahp.Step0.25": NaN, 
    "voltage_base.Step-0.15": 11.750060649964485, 
    "steady_state_voltage.Step-0.2": 13.67539645202126, 
    "AHP_depth_abs.Step0.2": 8.24008292908335, 
    "AP_duration_change.Step0.25": 2.977014162133437, 
    "AP_width.Step0.2": 3.429890219567913, 
    "steady_state_voltage_stimend.Step-0.1": 9.404177625862111, 
    "sag_ratio1.Step-0.05": 9.30250677392235,