{
    "mean_attenuation_soma/dend_100_um": {
        "std": 0.025807087949037504,
        "mean": 0.8937445215557419
    },
    "mean_attenuation_soma/dend_300_um": {
        "std": 0.05796934942356178,
        "mean": 0.5650478923006123
    },
    "mean_attenuation_soma/dend_200_um": {
        "std": 0.055494856607604164,
        "mean": 0.7550714951213812
    }
}