{
    "error_attenuation_soma/dend_100_um": 2.9960404693862284, 
    "error_attenuation_soma/dend_200_um": 2.491847723677207, 
    "error_attenuation_soma/dend_300_um": 5.861358367989378
}