{
    "threshold_error": 0.17168150874617466,
    "prox_threshold_error": 0.012575459608579531,
    "dist_threshold_error": 0.3437351363818912,
    "nonlin_at_th_error": 0.1254367860772335,
    "nonlin_suprath_error": 0.21465914936775637,
    "peak_deriv_error": 0.3107787829345809,
    "amp_at_th_error": 0.10535297983745495,
    "time_to_peak_error": 4.471160981861788,
    "async_nonlin_error": 0.07070139705319964
}