{
    "threshold_error": 0.07783199528391622,
    "prox_threshold_error": 0.09320526791656539,
    "dist_threshold_error": 0.2375241454889268,
    "nonlin_at_th_error": 0.035988535848310854,
    "nonlin_suprath_error": 0.037113312633697174,
    "peak_deriv_error": 0.3922324764950726,
    "amp_at_th_error": 0.0521554158362361,
    "time_to_peak_error": 4.5771809919076185,
    "async_nonlin_error": 0.09688744538696631
}