{
    "proximal_threshold": 0.8092604900628103,
    "degree_of_nonlinearity_at_th": 0.8135644182036326,
    "asynch_degree_of_nonlin_at_th": 0.6615407755662559,
    "distal_threshold": 0.7047820074076112,
    "suprath_degree_of_nonlinearity": 0.8189243995847799,
    "peak_dV/dt_at_th": 0.04678567164529825,
    "threshold": 0.8240368734307226,
    "amplitude_at_th": 0.8562001582994087,
    "time_to_peak_at_th": 5.510818434640498e-23
}