{
    "doublet_ISI.Step1.0": 1.1046264508743247, 
    "steady_state_voltage.Step-0.2": 0.7324742509519583, 
    "fast_AHP.Step1.0": 0.8270362479577735, 
    "steady_state_hyper.Step-0.2": 0.7571884066764822, 
    "AP_begin_voltage.Step0.8": 0.5006216673755123, 
    "AHP_depth.Step1.0": 0.41944274500165646, 
    "AP_amplitude_from_voltagebase.Step1.0": 1.773273597814729, 
    "voltage_deflection_vb_ssse.Step-1.0": 4.195166045581036, 
    "steady_state_voltage.Step1.0": 0.716855870148112, 
    "AP_height.Step0.8": 1.663389141473445, 
    "voltage_base.Step-0.4": 0.7657820215141817, 
    "inv_second_ISI.Step0.8": 2.8488794759427654, 
    "amp_drop_first_last.Step0.8": 0.5882987917959476, 
    "inv_fourth_ISI.Step1.0": 7.955515819363758, 
    "voltage_after_stim.Step-1.0": 1.775194361300844, 
    "voltage_deflection_begin.Step-0.6": 4.366813626403357, 
    "AHP_depth_from_peak.Step0.8": 2.7276898628738135, 
    "voltage_base.Step-0.8": 0.8096025915869269, 
    "peak_voltage.Step1.0": 1.4350323557403126, 
    "AP_begin_width.Step0.8": 5.268264172989715, 
    "AP2_AP1_peak_diff.Step1.0": 9.320278866372467, 
    "AHP_depth.Step0.8": 0.48180784263967874, 
    "sag_amplitude.Step-1.0": 1.9141962611707708, 
    "AP_fall_rate.Step0.8": 5.425230677197652, 
    "AP_amplitude_change.Step1.0": 0.2390669323495178, 
    "doublet_ISI.Step0.8": 0.9549063034089508, 
    "inv_fifth_ISI.Step0.8": 6.74448508091626, 
    "AHP_time_from_peak.Step1.0": 6.161486170919031, 
    "inv_fifth_ISI.Step0.4": 7.015129765612488, 
    "AP_duration_half_width_change.Step0.8": 1.0560944892687762, 
    "inv_fifth_ISI.Step0.6": 6.936289913959657, 
    "AHP1_depth_from_peak.Step0.8": 6.527848855547309, 
    "inv_fifth_ISI.Step0.2": 0.19267591481285065, 
    "maximum_voltage_from_voltagebase.Step0.6": 1.7067750749465977, 
    "maximum_voltage_from_voltagebase.Step0.4": 0.005941371832429873, 
    "maximum_voltage_from_voltagebase.Step0.2": 0.6142353382148206, 
    "steady_state_voltage_stimend.Step-1.0": 2.80443819997673, 
    "min_voltage_between_spikes.Step0.8": 1.1471305949809958, 
    "AP2_peak.Step0.8": 4.071102978340828, 
    "AP_amplitude.Step1.0": 2.1896908631844685, 
    "Spikecount_stimint.Step1.0": 5.12479165313765, 
    "maximum_voltage_from_voltagebase.Step0.8": 2.433636788097738, 
    "amp_drop_first_second.Step0.8": 8.128832906447974, 
    "voltage_after_stim.Step0.2": 0.668660201309079, 
    "voltage_deflection_begin.Step-0.4": 4.430050199581664, 
    "steady_state_voltage_stimend.Step-0.4": 1.699538899933692, 
    "inv_third_ISI.Step1.0": 5.764416637677586, 
    "AP2_width.Step1.0": 10.262187138047087, 
    "inv_second_ISI.Step1.0": 2.761620247744723, 
    "amp_drop_second_last.Step0.8": 3.4824223510045487, 
    "voltage_base.Step-0.6": 0.7840494521573594, 
    "voltage_deflection.Step-0.2": 4.336679672124463, 
    "AHP2_depth_from_peak.Step0.8": 5.368695040379557, 
    "inv_last_ISI.Step1.0": 5.036756557396164, 
    "AP_rise_time.Step0.8": 6.904812834215097, 
    "voltage_deflection_begin.Step-0.2": 3.8885608050813154, 
    "AP_duration_half_width.Step0.8": 0.9639448568458711, 
    "AP2_begin_voltage.Step1.0": 1.863205380406803, 
    "Spikecount.Step0.8": 4.006360254410177, 
    "Spikecount.Step0.6": 2.815873252748346, 
    "Spikecount.Step0.4": 1.7919145644930985, 
    "Spikecount.Step0.2": 0.7343493778335102, 
    "AP_fall_time.Step1.0": 10.044366197183649, 
    "inv_first_ISI.Step0.4": 1.3878185213267262, 
    "voltage_deflection_vb_ssse.Step-0.8": 4.186459692847474, 
    "inv_first_ISI.Step0.6": 1.523517616758671, 
    "voltage_base.Step-0.2": 0.7609486468117953, 
    "inv_first_ISI.Step0.2": 0.00897804161495452, 
    "voltage_deflection_vb_ssse.Step-0.2": 4.4039825323574835, 
    "voltage_deflection_vb_ssse.Step-0.6": 4.364584069899383, 
    "AP_begin_voltage.Step1.0": 0.4458801197338575, 
    "sag_ratio2.Step-1.0": 0.04824392396208635, 
    "AP_rise_rate.Step0.8": 2.5497024256125216, 
    "steady_state_voltage.Step0.4": 0.25720864536043325, 
    "steady_state_voltage.Step0.6": 0.3364478513126394, 
    "inv_time_to_first_spike.Step0.8": 0.26372413781784054, 
    "ISI_values.Step0.8": 1.2699082679336093, 
    "inv_time_to_first_spike.Step1.0": 0.30629910353694234, 
    "inv_time_to_first_spike.Step0.4": 0.12612916160496146, 
    "Spikecount_stimint.Step0.4": 1.7919145644930985, 
    "inv_time_to_first_spike.Step0.6": 0.25605761845714137, 
    "steady_state_voltage.Step0.8": 0.5762509703180849, 
    "inv_time_to_first_spike.Step0.2": 0.25145263785312694, 
    "minimum_voltage.Step-0.4": 0.9611943519750399, 
    "steady_state_voltage.Step-0.8": 1.130740702664098, 
    "minimum_voltage.Step-0.6": 2.5348851402806325, 
    "min_AHP_values.Step0.8": 0.9678595016486583, 
    "minimum_voltage.Step-0.2": 0.44824916154249805, 
    "sag_ratio1.Step-1.0": 0.04824392396208721, 
    "minimum_voltage.Step-0.8": 2.7277621307347037, 
    "steady_state_voltage.Step-0.4": 0.8626356098849476, 
    "steady_state_voltage.Step-0.6": 1.0114379011037864, 
    "APlast_amp.Step0.8": 1.8559946136893104, 
    "sag_ratio2.Step-0.2": 1.102035900388116, 
    "AP_duration_half_width_change.Step1.0": 1.7764057852026458, 
    "sag_ratio2.Step-0.6": 0.30937217941824485, 
    "sag_ratio2.Step-0.4": 0.23416807613433105, 
    "sag_ratio2.Step-0.8": 0.343039951855981, 
    "AP_fall_rate.Step1.0": 4.543979613368443, 
    "maximum_voltage_from_voltagebase.Step1.0": 2.2360975772118863, 
    "AP_amplitude.Step0.8": 2.4475907351943427, 
    "AHP_depth_abs.Step1.0": 0.8765399680486714, 
    "amp_drop_first_second.Step1.0": 9.320278866372467, 
    "number_initial_spikes.Step1.0": 4.29941955974154, 
    "voltage_deflection_vb_ssse.Step-0.4": 4.571111549472997, 
    "time_to_last_spike.Step0.8": 0.8505750500837674, 
    "AP1_peak.Step1.0": 1.7285544277416112, 
    "irregularity_index.Step0.8": 0.9846810403548447, 
    "AP_height.Step1.0": 1.4350323557403126, 
    "AP2_begin_width.Step0.8": 2.2813780260721606, 
    "amp_drop_second_last.Step1.0": 4.383751181124305, 
    "min_voltage_between_spikes.Step1.0": 1.0450165955209938, 
    "fast_AHP_change.Step0.8": 4.674264723112743, 
    "AP_rise_rate_change.Step1.0": 0.6522158082522881, 
    "AHP2_depth_from_peak.Step1.0": 6.200198207235574, 
    "AP_width.Step0.8": 7.301057770533, 
    "voltage_deflection.Step-0.4": 4.624917427780281, 
    "AP_duration_half_width.Step1.0": 1.2398526289557528, 
    "time_to_last_spike.Step1.0": 0.3640286849026533, 
    "AHP_depth_abs.Step0.8": 0.9678595016486583, 
    "min_AHP_values.Step1.0": 0.8765399680486714, 
    "steady_state_hyper.Step-0.6": 2.1854969595402167, 
    "steady_state_hyper.Step-0.4": 1.713493545654885, 
    "maximum_voltage.Step1.0": 1.7296531631842953, 
    "time_to_second_spike.Step1.0": 0.8916302793615476, 
    "steady_state_hyper.Step-0.8": 2.519248059104925, 
    "AP_fall_time.Step0.8": 11.816120906801663, 
    "time_to_second_spike.Step0.8": 0.8125197354696653, 
    "spike_width2.Step0.8": 9.384624111991315, 
    "ISI_values.Step1.0": 2.2001128210849985, 
    "AP_rise_rate.Step1.0": 2.406863091384746, 
    "sag_ratio1.Step-0.6": 0.3093721794182444, 
    "minimum_voltage.Step-1.0": 2.7848840262052628, 
    "sag_ratio1.Step-0.4": 0.23416807613433052, 
    "sag_ratio1.Step-0.2": 1.1020359003881155, 
    "voltage_after_stim.Step0.6": 0.37731401129504105, 
    "voltage_after_stim.Step0.4": 0.0813562125440654, 
    "inv_second_ISI.Step0.4": 3.385225351461319, 
    "voltage_after_stim.Step0.8": 0.6025461915742316, 
    "steady_state_voltage.Step-1.0": 1.0952517481727657, 
    "sag_ratio1.Step-0.8": 0.343039951855981, 
    "maximum_voltage.Step0.4": 0.09024040290827802, 
    "steady_state_voltage_stimend.Step-0.8": 2.496662110182664, 
    "APlast_amp.Step1.0": 1.4264808589206859, 
    "spike_width2.Step1.0": 7.636201069405331, 
    "mean_frequency.Step0.8": 7.610273087169319, 
    "inv_third_ISI.Step0.8": 5.378430831814942, 
    "steady_state_voltage.Step0.2": 0.8577060501385385,