{
    "Spikecount_stimint.Step0.6": 2.815873252748346,
    "AP_rise_rate.Step0.8": 2.5495827774108877,
    "spike_half_width.Step0.8": 9.445925050516129,
    "AP2_begin_voltage.Step0.8": 1.3423118271267502,
    "Spikecount_stimint.Step0.8": 4.006360254410177,
    "time_to_second_spike.Step0.8": 0.8125197354696653,
    "Spikecount_stimint.Step0.4": 1.7919145644930985,
    "fast_AHP.Step1.0": 0.8284450572571843,
    "inv_second_ISI.Step1.0": 2.761620247744723,
    "AP_duration_half_width_change.Step0.8": 1.0560944892687762,
    "inv_first_ISI.Step0.8": 1.8234622646317815,
    "inv_time_to_first_spike.Step0.6": 0.25605761845714137,
    "inv_fifth_ISI.Step0.2": 0.19267591481285065,
    "amp_drop_first_second.Step1.0": 9.320517680920002,
    "mean_frequency.Step1.0": 9.604942042883954,
    "maximum_voltage.Step1.0": 1.7296531907840247,
    "steady_state_voltage.Step-0.8": 1.1307374849519076,
    "steady_state_hyper.Step-0.6": 2.18549557222509,
    "voltage_base.Step-0.2": 0.7609486764116921,
    "AP1_peak.Step0.8": 2.038844027465636,
    "Spikecount_stimint.Step0.2": 0.7343493778335102,
    "maximum_voltage_from_voltagebase.Step0.4": 0.005941482574204439,
    "steady_state_voltage.Step0.4": 0.25670701111266,
    "steady_state_voltage.Step1.0": 0.7168750291218682,
    "voltage_deflection_vb_ssse.Step-0.6": 4.364581950248455,
    "amp_drop_second_last.Step1.0": 4.383203924097817,
    "steady_state_voltage.Step-0.6": 1.0114351793128404,
    "min_voltage_between_spikes.Step0.8": 1.1471394541568276,
    "AP_rise_rate.Step1.0": 2.4067800723336936,
    "voltage_after_stim.Step0.2": 0.6686131017807402,
    "AP2_begin_voltage.Step1.0": 1.8631263946852727,
    "maximum_voltage_from_voltagebase.Step0.6": 1.7067748210467397,
    "voltage_deflection_begin.Step-0.4": 4.430046226884628,
    "AP_begin_voltage.Step0.8": 0.4995412639646001,
    "amp_drop_first_last.Step1.0": 0.39724373170547467,
    "AP_fall_rate.Step1.0": 4.54589671355723,
    "number_initial_spikes.Step0.2": 0.6436917421557043,
    "AHP_time_from_peak.Step0.8": 7.719024910387069,
    "voltage_after_stim.Step0.8": 0.6025679075193284,
    "peak_voltage.Step1.0": 1.4350371470206547,
    "maximum_voltage.Step0.6": 1.5316307583079698,
    "inv_third_ISI.Step0.4": 5.395248746925769,
    "AP_fall_rate.Step0.8": 5.429272899904845,
    "inv_fourth_ISI.Step0.6": 6.306858906396494,
    "voltage_base.Step0.4": 0.7149835165895648,
    "mean_frequency.Step0.8": 7.610273087169319,
    "Spikecount.Step0.8": 4.006360254410177,
    "steady_state_hyper.Step-1.0": 2.8180313302892928,
    "Spikecount_stimint.Step1.0": 5.12479165313765,
    "AHP_time_from_peak.Step1.0": 6.161486170919031,
    "spike_width2.Step1.0": 7.63960394282423,
    "time_to_first_spike.Step1.0": 0.6698622999389987,
    "minimum_voltage.Step-0.6": 2.5348833440585454,
    "maximum_voltage.Step0.8": 2.038844027465636,
    "voltage_deflection_begin.Step-0.8": 4.166641214022112,
    "max_amp_difference.Step0.8": 8.11205841708205,
    "inv_time_to_first_spike.Step0.4": 0.12612916160496146,
    "time_to_last_spike.Step0.8": 0.8505750500837674,
    "voltage_base.Step0.8": 0.8338824177635206,
    "AP_amplitude_change.Step1.0": 0.23839675238798963,
    "spike_width2.Step0.8": 9.39136773206001,
    "inv_third_ISI.Step1.0": 5.764416637677586,
    "AP2_peak.Step0.8": 4.071319613365753,
    "voltage_base.Step0.6": 0.798473207982769,
    "fast_AHP.Step0.8": 0.6474681166207937,
    "AP_duration_half_width.Step1.0": 1.2710753091105889,
    "inv_last_ISI.Step0.2": 0.035921974647230084,
    "steady_state_voltage_stimend.Step-1.0": 2.8044370034526467,
    "sag_ratio1.Step-0.2": 1.1020377561006929,
    "inv_fourth_ISI.Step0.4": 6.186281257333852,
    "sag_amplitude.Step-0.4": 0.09948453021538661,
    "ISI_values.Step0.8": 1.2699082679336093,
    "sag_ratio2.Step-1.0": 0.048243935410565035,
    "steady_state_voltage_stimend.Step-0.8": 2.4966608733118036,
    "steady_state_voltage.Step-0.2": 0.7324735869647816,
    "minimum_voltage.Step-0.4": 0.961192861911438,
    "inv_third_ISI.Step0.8": 5.378430831814942,
    "inv_fifth_ISI.Step0.4": 7.015129765612488,
    "sag_ratio2.Step-0.2": 1.1020377561006933,
    "sag_amplitude.Step-0.6": 2.8776336772544666,
    "voltage_deflection.Step-0.8": 4.15653403081144,
    "inv_first_ISI.Step0.6": 1.523517616758671,
    "steady_state_voltage_stimend.Step-0.2": 0.7552334824523121,
    "maximum_voltage_from_voltagebase.Step1.0": 2.236097621410793,
    "AP_amplitude_from_voltagebase.Step0.8": 1.9688968449765643,
    "sag_ratio2.Step-0.6": 0.3093714777561118,
    "inv_first_ISI.Step0.2": 0.00897804161495452,
    "AHP_depth_abs.Step1.0": 0.8765504516104767,
    "amp_drop_first_second.Step0.8": 8.129555253855122,
    "AHP_depth_diff.Step0.8": 3.0637369164650927,
    "AP_rise_rate_change.Step1.0": 0.6526740893135581,
    "voltage_deflection.Step-0.4": 4.62491404343967,
    "AP2_peak.Step1.0": 4.296837964592659,
    "inv_last_ISI.Step0.6": 3.5832925716902264,
    "AP_begin_width.Step1.0": 4.727384383589412,
    "voltage_after_stim.Step-0.4": 1.2226498495209823,
    "AP_fall_time.Step1.0": 10.044366197183649,
    "AHP1_depth_from_peak.Step1.0": 6.72578061252451,
    "AP2_AP1_peak_diff.Step1.0": 9.320517680920002,
    "voltage_deflection_vb_ssse.Step-0.8": 4.18645802387375,
    "min_voltage_between_spikes.Step1.0": 1.0450274822068206,
    "AHP_depth_diff.Step1.0": 2.724866890372522,
    "AHP_depth_abs.Step0.8": 0.9678672328830229,
    "voltage_after_stim.Step-0.6": 1.4943377399390656,
    "inv_first_ISI.Step0.4": 1.3878185213267262,
    "steady_state_voltage.Step0.2": 0.857650423772777,
    "inv_last_ISI.Step1.0": 5.036756557396164,
    "amp_drop_first_last.Step0.8": 0.5909247968461936,
    "inv_second_ISI.Step0.6": 2.948051078345114,
    "sag_ratio1.Step-1.0": 0.048243935410565465,
    "inv_fifth_ISI.Step0.8": 6.74448508091626,
    "max_amp_difference.Step1.0": 10.19375540769681,
    "AP_width.Step1.0": 5.529452110052177,
    "steady_state_voltage.Step-1.0": 1.095248327901255,
    "number_initial_spikes.Step1.0": 4.29941955974154,
    "voltage_deflection_begin.Step-1.0": 4.185313464336453,
    "inv_second_ISI.Step0.4": 3.385225351461319,
    "steady_state_hyper.Step-0.2": 0.7571859898275858,
    "voltage_after_stim.Step0.4": 0.08100497184967412,
    "inv_last_ISI.Step0.4": 4.766305161933608,
    "inv_second_ISI.Step0.2": 0.11444089577423569,
    "voltage_base.Step-0.6": 0.7840494816019767,
    "AP_begin_voltage.Step1.0": 0.44532981295712154,
    "irregularity_index.Step0.8": 0.9846810403548447,
    "steady_state_voltage.Step0.6": 0.3365197130193035,
    "minimum_voltage.Step-0.8": 2.727760729307971,
    "voltage_deflection.Step-1.0": 4.272131626227028,
    "sag_amplitude.Step-0.2": 0.13738167642357135,
    "amp_drop_second_last.Step0.8": 3.479578332753079,
    "AHP_depth.Step1.0": 0.4194577959485088,
    "AP2_AP1_peak_diff.Step0.8": 8.129555253855122,
    "AP_rise_time.Step0.8": 6.904812834215097,
    "AP_amplitude_change.Step0.8": 0.20244668195400486,
    "sag_ratio2.Step-0.8": 0.34303965449012686,
    "AP2_width.Step0.8": 9.606389422363657,
    "time_to_last_spike.Step1.0": 0.3640286849026533,
    "minimum_voltage.Step-1.0": 2.7848828796841416,
    "AP_height.Step1.0": 1.4350371470206547,
    "min_AHP_values.Step1.0": 0.8765504516104767,
    "voltage_after_stim.Step1.0": 0.7112771603684449,
    "inv_last_ISI.Step0.8": 4.0322315300224565,
    "AP_amplitude.Step1.0": 2.1892739570585675,
    "inv_time_to_first_spike.Step1.0": 0.30629910353694234,
    "inv_third_ISI.Step0.2": 0.428047773112136,
    "AHP_depth.Step0.8": 0.4818189241444669,
    "AP2_begin_width.Step1.0": 0.8856041131116675,
    "sag_ratio1.Step-0.8": 0.3430396544901286,
    "voltage_base.Step1.0": 0.8488090122088534,
    "steady_state_voltage.Step0.8": 0.5762732869397322,
    "voltage_base.Step0.2": 0.7091838605908529,
    "fast_AHP_change.Step0.8": 4.671977052762756,
    "APlast_amp.Step1.0": 1.4250450063323479,
    "inv_time_to_first_spike.Step0.2": 0.25145263785312694,