{
    "I_below_depol_block_error": 1.166666666666667, 
    "Veq_error": 0.4434351007605135, 
    "I_maxNumAP_error": 1.166666666666667, 
    "I_diff_penalty": 0
}