{
    "('dendA5_0111111111', 0.5)": {
        "distance": 213.20068049562843, 
        "EPSP_amp_dendrite": 0.46548374638632595, 
        "EPSP_amp_soma": 0.2221903494032489
    }, 
    "('dendA5_0111111111111', 0.07142857142857142)": {
        "distance": 249.96870011788712, 
        "EPSP_amp_dendrite": 0.48491604577178293, 
        "EPSP_amp_soma": 0.1959025629556379
    }, 
    "('dendA5_01111111111111', 0.9545454545454547)": {
        "distance": 327.083638729302, 
        "EPSP_amp_dendrite": 0.5849216051342836, 
        "EPSP_amp_soma": 0.1497714557877572
    }, 
    "('dendA5_011', 0.30000000000000004)": {
        "distance": 91.2775915157409, 
        "EPSP_amp_dendrite": 0.5017729659989385, 
        "EPSP_amp_soma": 0.40612699157297527
    }, 
    "('dendA5_01111', 0.9285714285714284)": {
        "distance": 142.45692935032375, 
        "EPSP_amp_dendrite": 0.47861602143987625, 
        "EPSP_amp_soma": 0.3175204933799307
    }, 
    "('dendA5_011', 0.8999999999999999)": {
        "distance": 103.9835181978471, 
        "EPSP_amp_dendrite": 0.4940814374082265, 
        "EPSP_amp_soma": 0.38706600638134603
    }, 
    "('dendA5_01111111111111', 0.13636363636363635)": {
        "distance": 287.8113986230707, 
        "EPSP_amp_dendrite": 0.5339011637100128, 
        "EPSP_amp_soma": 0.17163288188461934
    }, 
    "('dendA5_01', 0.8636363636363638)": {
        "distance": 77.09033393311545, 
        "EPSP_amp_dendrite": 0.5100065516842278, 
        "EPSP_amp_soma": 0.42697796273118627
    }, 
    "('dendA5_0111111111111', 0.3571428571428571)": {
        "distance": 259.5986463191625, 
        "EPSP_amp_dendrite": 0.49607896436356214, 
        "EPSP_amp_soma": 0.19016776272982838
    }, 
    "('dendA5_01111111111111', 0.045454545454545456)": {
        "distance": 283.447816389045, 
        "EPSP_amp_dendrite": 0.5261995192217483, 
        "EPSP_amp_soma": 0.17445000105117003
    }, 
    "('dendA5_0111111111111', 0.21428571428571427)": {
        "distance": 254.78367321852483, 
        "EPSP_amp_dendrite": 0.49056658133214626, 
        "EPSP_amp_soma": 0.1930115942839734
    }, 
    "('dendA5_0111111111111', 0.9285714285714284)": {
        "distance": 278.8585387217133, 
        "EPSP_amp_dendrite": 0.5192217086071622, 
        "EPSP_amp_soma": 0.17764701226955992
    }, 
    "('dendA5_01', 0.40909090909090906)": {
        "distance": 50.976019794540925, 
        "EPSP_amp_dendrite": 0.5248156971316575, 
        "EPSP_amp_soma": 0.46643418020620686
    }, 
    "('dendA5_011111111111', 0.5)": {
        "distance": 239.79096715191383, 
        "EPSP_amp_dendrite": 0.4760825665190964, 
        "EPSP_amp_soma": 0.20273377072714993
    }, 
    "('dendA5_01111111111111', 0.6818181818181819)": {
        "distance": 313.99289202722485, 
        "EPSP_amp_dendrite": 0.5724801855690771, 
        "EPSP_amp_soma": 0.15578580493864536
    }
}