{
    "error_attenuation_soma/dend_100_um": 1.6907767982201036, 
    "error_attenuation_soma/dend_200_um": 0.45494607372386975, 
    "error_attenuation_soma/dend_300_um": 0.9626687581689298
}