{
    "('dendA5_0111111111111', 0.3571428571428571)": {
        "distance": 259.5986463191625,
        "attenuation_soma/dendrite": 0.3833417185383008
    },
    "('dendA5_0111111111111', 0.9285714285714284)": {
        "distance": 278.8585387217133,
        "attenuation_soma/dendrite": 0.34214095698368774
    },
    "('dendA5_0111111111', 0.5)": {
        "distance": 213.20068049562843,
        "attenuation_soma/dendrite": 0.4773321327074718
    },
    "('dendA5_011', 0.30000000000000004)": {
        "distance": 91.2775915157409,
        "attenuation_soma/dendrite": 0.8093839626542065
    },
    "('dendA5_01', 0.40909090909090906)": {
        "distance": 50.976019794540925,
        "attenuation_soma/dendrite": 0.8887580587918185
    },
    "('dendA5_011111111111', 0.5)": {
        "distance": 239.79096715191383,
        "attenuation_soma/dendrite": 0.4258374176762004
    },
    "('dendA5_01111111111111', 0.045454545454545456)": {
        "distance": 283.447816389045,
        "attenuation_soma/dendrite": 0.3315282410542344
    },
    "('dendA5_01111111111111', 0.6818181818181819)": {
        "distance": 313.99289202722485,
        "attenuation_soma/dendrite": 0.2721243614463016
    },
    "('dendA5_01111111111111', 0.13636363636363635)": {
        "distance": 287.8113986230707,
        "attenuation_soma/dendrite": 0.32146939087370363
    },
    "('dendA5_01111', 0.9285714285714284)": {
        "distance": 142.45692935032375,
        "attenuation_soma/dendrite": 0.6634138414854917
    },
    "('dendA5_011', 0.8999999999999999)": {
        "distance": 103.9835181978471,
        "attenuation_soma/dendrite": 0.7834052791211
    },
    "('dendA5_01111111111111', 0.9545454545454547)": {
        "distance": 327.083638729302,
        "attenuation_soma/dendrite": 0.25605389589494365
    },
    "('dendA5_01', 0.8636363636363638)": {
        "distance": 77.09033393311545,
        "attenuation_soma/dendrite": 0.83720093657846
    },
    "('dendA5_0111111111111', 0.21428571428571427)": {
        "distance": 254.78367321852483,
        "attenuation_soma/dendrite": 0.3934462754471481
    },
    "('dendA5_0111111111111', 0.07142857142857142)": {
        "distance": 249.96870011788712,
        "attenuation_soma/dendrite": 0.4039927419680312
    }
}