{
    "time_to_last_spike.Step0.8": 1.1539389227976922,
    "AP2_width.Step0.8": 1.5141357624612868,
    "AP_amplitude_from_voltagebase.Step1.0": 0.5824484381047689,
    "inv_last_ISI.Step0.2": 2.493095200768336,
    "voltage_after_stim.Step0.8": 0.32853274536898686,
    "Spikecount_stimint.Step0.2": 9.415742259091349,
    "AP_rise_time.Step1.0": 0.7932836394324967,
    "inv_third_ISI.Step0.8": 3.15135101573489,
    "AP_amplitude.Step1.0": 0.006384261119205988,
    "steady_state_hyper.Step-0.2": 2.51369746957222,
    "voltage_base.Step0.4": 0.8101922184950151,
    "sag_ratio1.Step-0.8": 3.253121340269129,
    "min_voltage_between_spikes.Step0.8": 0.14385602211468906,
    "AHP_depth_from_peak.Step0.8": 0.5020655679271341,
    "steady_state_voltage_stimend.Step-0.8": 11.23672544433779,
    "Spikecount.Step1.0": 9.021148559430266,
    "max_amp_difference.Step0.8": 1.1018981963917927,
    "AP_amplitude.Step0.8": 0.38744726111335126,
    "doublet_ISI.Step0.8": 0.6414044881322394,
    "spike_half_width.Step0.8": 1.4468163066650825,
    "number_initial_spikes.Step0.6": 1.7503560689982591,
    "maximum_voltage.Step0.6": 0.0313065810614422,
    "max_amp_difference.Step1.0": 0.06249804328611842,
    "AP2_peak.Step1.0": 0.019198800568103327,
    "minimum_voltage.Step-1.0": 8.728842017488837,
    "steady_state_voltage.Step0.4": 0.6568063289748973,
    "steady_state_voltage_stimend.Step-0.4": 6.04409532902896,
    "AP_amplitude_change.Step1.0": 1.2468358275106797,
    "inv_time_to_first_spike.Step0.6": 4.490852385768433,
    "voltage_deflection_begin.Step-0.4": 6.370066827769605,
    "voltage_base.Step-0.2": 0.7919081469406376,
    "sag_amplitude.Step-0.6": 2.3037506689903804,
    "peak_voltage.Step0.8": 0.4631961605508644,
    "AP_rise_rate.Step0.8": 0.29198261410383625,
    "voltage_base.Step0.8": 0.7008947079230271,
    "inv_last_ISI.Step1.0": 14.212649992737889,
    "voltage_base.Step0.6": 0.7385929216197912,
    "amp_drop_first_second.Step0.8": 1.5987381544049422,
    "AP_width.Step0.8": 0.8232399550600541,
    "sag_ratio1.Step-0.6": 3.4414026751363758,
    "irregularity_index.Step0.8": 1.05004353402721,
    "AP_amplitude_change.Step0.8": 0.9077855052101181,
    "min_AHP_values.Step1.0": 0.4895170978511012,
    "voltage_after_stim.Step-0.4": 0.8652466034249146,
    "voltage_deflection.Step-0.6": 13.68333223075949,
    "AP2_amp.Step0.8": 0.3483283954607281,
    "AP_duration.Step1.0": 0.799491117279816,
    "voltage_deflection_vb_ssse.Step-1.0": 15.217906637244067,
    "sag_ratio2.Step-0.6": 3.4414026751363758,
    "voltage_deflection_begin.Step-0.2": 4.135200410794071,
    "voltage_after_stim.Step0.4": 0.6002699993574175,
    "inv_second_ISI.Step1.0": 1.6351183038250625,
    "AP2_begin_voltage.Step1.0": 0.844342182815256,
    "sag_ratio1.Step-0.2": 2.7311370881971717,
    "AHP_time_from_peak.Step0.8": 1.3099014068168344,
    "inv_fourth_ISI.Step0.2": 10.739748783308519,
    "Spikecount_stimint.Step0.4": 7.741462398857686,
    "Spikecount_stimint.Step0.6": 7.044097895836442,
    "AP_rise_rate.Step1.0": 0.6897691165138439,
    "AP_fall_rate.Step0.8": 1.1437370727382332,
    "voltage_deflection_vb_ssse.Step-0.8": 14.716751824010306,
    "sag_ratio2.Step-1.0": 3.2356563766380333,
    "sag_ratio2.Step-0.2": 2.7311370881971717,
    "Spikecount_stimint.Step0.8": 7.846513860554422,
    "AP_rise_time.Step0.8": 0.34917239622645996,
    "voltage_after_stim.Step-1.0": 0.9179522215870057,
    "fast_AHP_change.Step0.8": 2.2746554698670574,
    "AP_amplitude_from_voltagebase.Step0.8": 0.7352781743568115,
    "voltage_after_stim.Step0.6": 0.46550351881489893,
    "voltage_deflection_begin.Step-0.6": 7.669895746442771,
    "AP2_AP1_peak_diff.Step0.8": 1.5987381544049422,
    "irregularity_index.Step1.0": 0.7950614316823118,
    "AP_fall_time.Step1.0": 1.5272256178658437,
    "inv_last_ISI.Step0.6": 9.691841485901211,
    "inv_first_ISI.Step0.6": 0.4536831385351262,
    "maximum_voltage_from_voltagebase.Step0.8": 0.22904025276496073,
    "voltage_base.Step-0.8": 0.7424746733700113,
    "AP1_peak.Step0.8": 0.3820990698421691,
    "Spikecount.Step0.4": 7.741462398857686,
    "voltage_after_stim.Step1.0": 0.24468484804880183,
    "AHP2_depth_from_peak.Step0.8": 0.21165361309145012,
    "AP_begin_voltage.Step1.0": 0.5386723655419681,
    "voltage_base.Step-1.0": 0.7373455194654209,
    "voltage_after_stim.Step-0.2": 0.8158550201988837,
    "maximum_voltage_from_voltagebase.Step0.2": 1.1983589689154774,
    "sag_ratio2.Step-0.8": 3.25312134026913,
    "voltage_base.Step1.0": 0.6344931539446694,
    "spike_width2.Step0.8": 2.186667844663488,
    "steady_state_hyper.Step-0.4": 6.095108117859859,
    "inv_fourth_ISI.Step1.0": 5.630535293129308,
    "time_to_second_spike.Step1.0": 1.0172147300745094,
    "Spikecount.Step0.2": 9.415742259091349,
    "time_to_last_spike.Step1.0": 0.8818367616279882,
    "voltage_base.Step-0.6": 0.7606611382213891,
    "AHP1_depth_from_peak.Step1.0": 1.049751824768622,
    "inv_first_ISI.Step0.2": 1.560287201591319,
    "AP_rise_rate_change.Step0.8": 11.85572753399238,
    "inv_fifth_ISI.Step0.6": 4.657650825104651,
    "steady_state_voltage.Step1.0": 0.287379579446278,
    "amp_drop_first_second.Step1.0": 0.054507627413210316,
    "AP2_width.Step1.0": 2.4242413448955658,
    "AP2_begin_width.Step1.0": 0.9506059493198922,
    "maximum_voltage.Step1.0": 0.04495917397976326,
    "time_to_first_spike.Step1.0": 1.086684034215238,
    "steady_state_voltage.Step-0.2": 0.8845661994269998,
    "maximum_voltage_from_voltagebase.Step0.6": 0.2642627577763667,
    "AP_fall_time.Step0.8": 1.447659773894866,
    "AP1_peak.Step1.0": 0.04596919876548735,
    "inv_second_ISI.Step0.4": 2.4909167865803643,
    "mean_frequency.Step1.0": 10.14445455335805,
    "inv_fourth_ISI.Step0.8": 4.41116733425731,
    "inv_time_to_first_spike.Step1.0": 3.79041486247653,
    "peak_voltage.Step1.0": 0.3337654366210079,
    "voltage_deflection_vb_ssse.Step-0.2": 5.204441295261062,
    "sag_ratio1.Step-0.4": 1.639190393997984,
    "number_initial_spikes.Step0.8": 2.1977110631945598,
    "AP_duration_half_width.Step0.8": 1.6466696965165026,
    "voltage_deflection.Step-1.0": 15.460256182796705,
    "inv_second_ISI.Step0.2": 5.177975992249195,
    "sag_amplitude.Step-0.4": 0.660563199140036,
    "steady_state_voltage.Step-0.8": 2.3270295070955456,
    "fast_AHP.Step1.0": 0.3938272709042626,
    "inv_first_ISI.Step0.4": 0.8470830341461439,
    "AP2_amp.Step1.0": 0.8928193199738333,
    "maximum_voltage.Step0.8": 0.16966973465785676,
    "AHP_depth_diff.Step0.8": 2.8162108598709397,
    "voltage_deflection.Step-0.2": 5.13522257796835,
    "AHP_depth.Step0.8": 0.9227816673438382,
    "AHP1_depth_from_peak.Step0.8": 1.3031841204353836,
    "inv_fifth_ISI.Step0.2": 14.048094499486897,
    "time_to_first_spike.Step0.8": 0.9344028894381303,
    "amp_drop_second_last.Step1.0": 1.5077768611744475,
    "inv_third_ISI.Step0.2": 8.352224850848714,
    "amp_drop_second_last.Step0.8": 1.262087305345305,
    "AP_height.Step1.0": 0.3337654366210079,
    "inv_first_ISI.Step0.8": 0.45340762006446783,
    "inv_time_to_first_spike.Step0.2": 2.988224167928314,
    "AP2_AP1_peak_diff.Step1.0": 0.054507627413210316,
    "AP_duration_change.Step1.0": 4.983655681478254,
    "sag_ratio2.Step-0.4": 1.6391903939979842,
    "inv_last_ISI.Step0.8": 12.54615284388674,
    "steady_state_voltage_stimend.Step-0.6": 9.202001859531595,
    "amp_drop_first_last.Step1.0": 1.1662428369770967,
    "inv_first_ISI.Step1.0": 0.6625124393195541,
    "steady_state_voltage.Step-0.4": 1.2082697584495026,
    "voltage_deflection_vb_ssse.Step-0.6": 13.452680741136277,
    "Spikecount.Step0.6": 7.292816992488683,
    "steady_state_voltage.Step0.6": 0.4194496144978972,
    "AP_duration_half_width_change.Step0.8": 2.449781202607578,
    "APlast_amp.Step1.0": 0.697823293774031,
    "inv_third_ISI.Step0.4": 4.36412633801171,
    "AHP_depth.Step1.0": 1.3329918477670424,
    "AHP_depth_from_peak.Step1.0": 0.07502401175766311,