{
    "doublet_ISI.Step1.0": 0.7543146733922862, 
    "steady_state_voltage.Step-0.2": 0.8845661994269998, 
    "fast_AHP.Step1.0": 0.3938272709042626, 
    "steady_state_hyper.Step-0.2": 2.51369746957222, 
    "AP_begin_voltage.Step0.8": 0.23282430985788785, 
    "AHP_depth.Step1.0": 1.3329918477670424, 
    "AP_amplitude_from_voltagebase.Step1.0": 0.5824484381047689, 
    "voltage_deflection_vb_ssse.Step-1.0": 15.217906637244067, 
    "steady_state_voltage.Step1.0": 0.287379579446278, 
    "AP_height.Step0.8": 0.4631961605508644, 
    "voltage_base.Step-0.4": 0.7971726231718894, 
    "inv_second_ISI.Step0.8": 1.3964797477140571, 
    "amp_drop_first_last.Step0.8": 1.7047535712360244, 
    "inv_fourth_ISI.Step1.0": 5.630535293129308, 
    "voltage_after_stim.Step-1.0": 0.9179522215870057, 
    "voltage_deflection_begin.Step-0.6": 7.669895746442771, 
    "AHP_depth_from_peak.Step0.8": 0.5020655679271341, 
    "voltage_base.Step-0.8": 0.7424746733700113, 
    "peak_voltage.Step1.0": 0.3337654366210079, 
    "AP_begin_width.Step0.8": 0.6180178675834888, 
    "AP2_AP1_peak_diff.Step1.0": 0.054507627413210316, 
    "AHP_depth.Step0.8": 0.9227816673438382, 
    "sag_amplitude.Step-1.0": 1.9977846007668627, 
    "AP_fall_rate.Step0.8": 1.1437370727382332, 
    "AP_amplitude_change.Step1.0": 1.2468358275106797, 
    "doublet_ISI.Step0.8": 0.6414044881322394, 
    "inv_fifth_ISI.Step0.8": 4.436059246250219, 
    "AHP_time_from_peak.Step1.0": 2.285657498856845, 
    "inv_fifth_ISI.Step0.4": 6.5627531919940125, 
    "AP_duration_half_width_change.Step0.8": 2.449781202607578, 
    "inv_fifth_ISI.Step0.6": 4.657650825104651, 
    "AHP1_depth_from_peak.Step0.8": 1.3031841204353836, 
    "inv_fifth_ISI.Step0.2": 14.048094499486897, 
    "maximum_voltage_from_voltagebase.Step0.6": 0.2642627577763667, 
    "maximum_voltage_from_voltagebase.Step0.4": 0.6687889168206228, 
    "maximum_voltage_from_voltagebase.Step0.2": 1.1983589689154774, 
    "steady_state_voltage_stimend.Step-1.0": 12.353098659996533, 
    "min_voltage_between_spikes.Step0.8": 0.14385602211468906, 
    "AP2_peak.Step0.8": 0.1718219203287587, 
    "AP_amplitude.Step1.0": 0.006384261119205988, 
    "Spikecount_stimint.Step1.0": 9.021148559430266, 
    "maximum_voltage_from_voltagebase.Step0.8": 0.22904025276496073, 
    "amp_drop_first_second.Step0.8": 1.5987381544049422, 
    "voltage_after_stim.Step0.2": 0.7290814545639254, 
    "voltage_deflection_begin.Step-0.4": 6.370066827769605, 
    "steady_state_voltage_stimend.Step-0.4": 6.04409532902896, 
    "inv_third_ISI.Step1.0": 3.8845504132048343, 
    "AP2_width.Step1.0": 2.4242413448955658, 
    "inv_second_ISI.Step1.0": 1.6351183038250625, 
    "amp_drop_second_last.Step0.8": 1.262087305345305, 
    "voltage_base.Step-0.6": 0.7606611382213891, 
    "voltage_deflection.Step-0.2": 5.13522257796835, 
    "AHP2_depth_from_peak.Step0.8": 0.21165361309145012, 
    "inv_last_ISI.Step1.0": 14.212649992737889, 
    "AP_rise_time.Step0.8": 0.34917239622645996, 
    "voltage_deflection_begin.Step-0.2": 4.135200410794071, 
    "AP_duration_half_width.Step0.8": 1.6466696965165026, 
    "AP2_begin_voltage.Step1.0": 0.844342182815256, 
    "Spikecount.Step0.8": 8.086523460938437, 
    "Spikecount.Step0.6": 7.292816992488683, 
    "Spikecount.Step0.4": 7.741462398857686, 
    "Spikecount.Step0.2": 9.415742259091349, 
    "AP_fall_time.Step1.0": 1.5272256178658437, 
    "inv_first_ISI.Step0.4": 0.8470830341461439, 
    "voltage_deflection_vb_ssse.Step-0.8": 14.716751824010306, 
    "inv_first_ISI.Step0.6": 0.4536831385351262, 
    "voltage_base.Step-0.2": 0.7919081469406376, 
    "inv_first_ISI.Step0.2": 1.560287201591319, 
    "voltage_deflection_vb_ssse.Step-0.2": 5.204441295261062, 
    "voltage_deflection_vb_ssse.Step-0.6": 13.452680741136277, 
    "AP_begin_voltage.Step1.0": 0.5386723655419681, 
    "sag_ratio2.Step-1.0": 3.2356563766380333, 
    "AP_rise_rate.Step0.8": 0.29198261410383625, 
    "steady_state_voltage.Step0.4": 0.6568063289748973, 
    "steady_state_voltage.Step0.6": 0.4194496144978972, 
    "inv_time_to_first_spike.Step0.8": 3.8343832775437248, 
    "ISI_values.Step0.8": 1.2570758058303517, 
    "inv_time_to_first_spike.Step1.0": 3.79041486247653, 
    "inv_time_to_first_spike.Step0.4": 4.296656872178635, 
    "Spikecount_stimint.Step0.4": 7.741462398857686, 
    "inv_time_to_first_spike.Step0.6": 4.490852385768433, 
    "steady_state_voltage.Step0.8": 0.28027704539812465, 
    "inv_time_to_first_spike.Step0.2": 2.988224167928314, 
    "minimum_voltage.Step-0.4": 2.5615392482172537, 
    "steady_state_voltage.Step-0.8": 2.3270295070955456, 
    "minimum_voltage.Step-0.6": 6.91704707885421, 
    "min_AHP_values.Step0.8": 0.11016731333339391, 
    "minimum_voltage.Step-0.2": 1.3398481772865327, 
    "sag_ratio1.Step-1.0": 3.2356563766380324, 
    "minimum_voltage.Step-0.8": 8.122612984082352, 
    "steady_state_voltage.Step-0.4": 1.2082697584495026, 
    "steady_state_voltage.Step-0.6": 1.7448413195259453, 
    "APlast_amp.Step0.8": 1.0093797075680508, 
    "sag_ratio2.Step-0.2": 2.7311370881971717, 
    "AP_duration_half_width_change.Step1.0": 3.689617147393908, 
    "sag_ratio2.Step-0.6": 3.4414026751363758, 
    "sag_ratio2.Step-0.4": 1.6391903939979842, 
    "sag_ratio2.Step-0.8": 3.25312134026913, 
    "AP_fall_rate.Step1.0": 1.0245980349861343, 
    "maximum_voltage_from_voltagebase.Step1.0": 0.4122790439634474, 
    "AP_amplitude.Step0.8": 0.38744726111335126, 
    "AHP_depth_abs.Step1.0": 0.4895170978511012, 
    "amp_drop_first_second.Step1.0": 0.054507627413210316, 
    "number_initial_spikes.Step1.0": 3.204249260760048, 
    "voltage_deflection_vb_ssse.Step-0.4": 10.289350377797232, 
    "time_to_last_spike.Step0.8": 1.1539389227976922, 
    "AP1_peak.Step1.0": 0.04596919876548735, 
    "irregularity_index.Step0.8": 1.05004353402721, 
    "AP_height.Step1.0": 0.3337654366210079, 
    "AP2_begin_width.Step0.8": 0.8843575418987638, 
    "amp_drop_second_last.Step1.0": 1.5077768611744475, 
    "min_voltage_between_spikes.Step1.0": 0.6146200039169615, 
    "fast_AHP_change.Step0.8": 2.2746554698670574, 
    "AP_rise_rate_change.Step1.0": 6.629066325552308, 
    "AHP2_depth_from_peak.Step1.0": 0.22302657203383058, 
    "AP_width.Step0.8": 0.8232399550600541, 
    "voltage_deflection.Step-0.4": 10.394201165356803, 
    "AP_duration_half_width.Step1.0": 1.987996080358524, 
    "time_to_last_spike.Step1.0": 0.8818367616279882, 
    "AHP_depth_abs.Step0.8": 0.11016731333339391, 
    "min_AHP_values.Step1.0": 0.4895170978511012, 
    "steady_state_hyper.Step-0.6": 9.250406964896198, 
    "steady_state_hyper.Step-0.4": 6.095108117859859, 
    "maximum_voltage.Step1.0": 0.04495917397976326, 
    "time_to_second_spike.Step1.0": 1.0172147300745094, 
    "steady_state_hyper.Step-0.8": 11.303052145907643, 
    "AP_fall_time.Step0.8": 1.447659773894866, 
    "time_to_second_spike.Step0.8": 0.8486074647395285, 
    "spike_width2.Step0.8": 2.186667844663488, 
    "ISI_values.Step1.0": 2.2289833700622386, 
    "AP_rise_rate.Step1.0": 0.6897691165138439, 
    "sag_ratio1.Step-0.6": 3.4414026751363758, 
    "minimum_voltage.Step-1.0": 8.728842017488837, 
    "sag_ratio1.Step-0.4": 1.639190393997984, 
    "sag_ratio1.Step-0.2": 2.7311370881971717, 
    "voltage_after_stim.Step0.6": 0.46550351881489893, 
    "voltage_after_stim.Step0.4": 0.6002699993574175, 
    "inv_second_ISI.Step0.4": 2.4909167865803643, 
    "voltage_after_stim.Step0.8": 0.32853274536898686, 
    "steady_state_voltage.Step-1.0": 2.833766818503527, 
    "sag_ratio1.Step-0.8": 3.253121340269129, 
    "maximum_voltage.Step0.4": 0.5610710926375296, 
    "steady_state_voltage_stimend.Step-0.8": 11.23672544433779, 
    "APlast_amp.Step1.0": 0.697823293774031, 
    "spike_width2.Step1.0": 2.0936952361520245, 
    "mean_frequency.Step0.8": 7.09496317488103, 
    "inv_third_ISI.Step0.8": 3.15135101573489, 
    "steady_state_voltage.Step0.2": 0.7059199532905143,