{
    "I_below_depol_block_error": 2.6666666666666674, 
    "Veq_error": 1.7828007420742613, 
    "I_maxNumAP_error": 2.5000000000000004, 
    "I_diff_penalty": 10.000000000000009
}