{
    "doublet_ISI.Step1.0": 1.1140148065119195, 
    "steady_state_voltage.Step-0.2": 0.005966431002054769, 
    "fast_AHP.Step1.0": 3.356932027544306, 
    "steady_state_hyper.Step-0.2": 1.1623213267511079, 
    "AP_begin_voltage.Step0.8": 1.644883679640454, 
    "AHP_depth.Step1.0": 0.8046133813322764, 
    "AP_amplitude_from_voltagebase.Step1.0": 0.46148759577153897, 
    "voltage_deflection_vb_ssse.Step-1.0": 4.51276109568756, 
    "steady_state_voltage.Step1.0": 0.2832778024644508, 
    "AP_height.Step0.8": 0.34656726333653876, 
    "voltage_base.Step-0.4": 0.14649829282857327, 
    "inv_second_ISI.Step0.8": 0.2845488973593818, 
    "amp_drop_first_last.Step0.8": 1.6540006431079326, 
    "inv_fourth_ISI.Step1.0": 1.2310328090351985, 
    "voltage_after_stim.Step-1.0": 0.9451901750357559, 
    "voltage_deflection_begin.Step-0.6": 3.811763712641334, 
    "AHP_depth_from_peak.Step0.8": 0.45281923806203467, 
    "voltage_base.Step-0.8": 0.09632870972959787, 
    "peak_voltage.Step1.0": 0.46547433105367547, 
    "AP_begin_width.Step0.8": 3.807130333130793, 
    "AP2_AP1_peak_diff.Step1.0": 1.8811258049237047, 
    "AHP_depth.Step0.8": 0.10380632709453022, 
    "sag_amplitude.Step-1.0": 0.6140205407257193, 
    "AP_fall_rate.Step0.8": 3.280854076183663, 
    "AP_amplitude_change.Step1.0": 3.4978503093120574, 
    "doublet_ISI.Step0.8": 0.22831022521605665, 
    "inv_fifth_ISI.Step0.8": 1.3033734857217616, 
    "AHP_time_from_peak.Step1.0": 17.995893807524453, 
    "inv_fifth_ISI.Step0.4": 1.1634433658302978, 
    "AP_duration_half_width_change.Step0.8": 14.563806079947156, 
    "inv_fifth_ISI.Step0.6": 1.1551346459018892, 
    "AHP1_depth_from_peak.Step0.8": 0.22962336602481395, 
    "inv_fifth_ISI.Step0.2": 0.19267591481285065, 
    "maximum_voltage_from_voltagebase.Step0.6": 0.6135963435450799, 
    "maximum_voltage_from_voltagebase.Step0.4": 0.733301834894913, 
    "maximum_voltage_from_voltagebase.Step0.2": 1.2641455820619656, 
    "steady_state_voltage_stimend.Step-1.0": 3.5885644396872065, 
    "min_voltage_between_spikes.Step0.8": 0.3083989044865951, 
    "AP2_peak.Step0.8": 0.3782848180202206, 
    "AP_amplitude.Step1.0": 2.0273086233971913, 
    "Spikecount_stimint.Step1.0": 2.5272203822759054, 
    "maximum_voltage_from_voltagebase.Step0.8": 0.8110337065886626, 
    "amp_drop_first_second.Step0.8": 0.8953568386284512, 
    "voltage_after_stim.Step0.2": 0.2768790039341009, 
    "voltage_deflection_begin.Step-0.4": 3.6872683719552386, 
    "steady_state_voltage_stimend.Step-0.4": 2.0611608425801613, 
    "inv_third_ISI.Step1.0": 0.4400750329632291, 
    "AP2_width.Step1.0": 7.551379015818466, 
    "inv_second_ISI.Step1.0": 0.5179539599553507, 
    "amp_drop_second_last.Step0.8": 1.563604833713219, 
    "voltage_base.Step-0.6": 0.11758199809010152, 
    "voltage_deflection.Step-0.2": 2.988683125278086, 
    "AHP2_depth_from_peak.Step0.8": 0.43820816841334886, 
    "inv_last_ISI.Step1.0": 4.130013423596439, 
    "AP_rise_time.Step0.8": 4.780035650615416, 
    "voltage_deflection_begin.Step-0.2": 3.2966209712967074, 
    "AP_duration_half_width.Step0.8": 5.212560386462019, 
    "AP2_begin_voltage.Step1.0": 1.420963071706442, 
    "Spikecount.Step0.8": 2.326293051722069, 
    "Spikecount.Step0.6": 1.5722777694871413, 
    "Spikecount.Step0.4": 1.1969597810566397, 
    "Spikecount.Step0.2": 0.23024983119513845, 
    "AP_fall_time.Step1.0": 2.634690753221278, 
    "inv_first_ISI.Step0.4": 0.27674822763690216, 
    "voltage_deflection_vb_ssse.Step-0.8": 4.321255025626335, 
    "inv_first_ISI.Step0.6": 0.47391758532528455, 
    "voltage_base.Step-0.2": 0.14543765732711522, 
    "inv_first_ISI.Step0.2": 0.590739108988115, 
    "voltage_deflection_vb_ssse.Step-0.2": 3.043150915068722, 
    "voltage_deflection_vb_ssse.Step-0.6": 4.098052185128374, 
    "AP_begin_voltage.Step1.0": 1.7271152126664946, 
    "sag_ratio2.Step-1.0": 0.9514210057333226, 
    "AP_rise_rate.Step0.8": 2.1858373060481466, 
    "steady_state_voltage.Step0.4": 0.32538787903255756, 
    "steady_state_voltage.Step0.6": 0.17896200830591302, 
    "inv_time_to_first_spike.Step0.8": 0.56176606275545, 
    "ISI_values.Step0.8": 0.8606443390559608, 
    "inv_time_to_first_spike.Step1.0": 0.6547106794546159, 
    "inv_time_to_first_spike.Step0.4": 0.5155705696054379, 
    "Spikecount_stimint.Step0.4": 1.1969597810566397, 
    "inv_time_to_first_spike.Step0.6": 0.5526118738877206, 
    "steady_state_voltage.Step0.8": 0.2969545041989473, 
    "inv_time_to_first_spike.Step0.2": 0.18760075187198158, 
    "minimum_voltage.Step-0.4": 0.9301379733927561, 
    "steady_state_voltage.Step-0.8": 0.43082495956105255, 
    "minimum_voltage.Step-0.6": 2.500468587848007, 
    "min_AHP_values.Step0.8": 0.025211309193395277, 
    "minimum_voltage.Step-0.2": 0.6684992284926996, 
    "sag_ratio1.Step-1.0": 0.9514210057333226, 
    "minimum_voltage.Step-0.8": 2.7981248198470055, 
    "steady_state_voltage.Step-0.4": 0.17686161653498592, 
    "steady_state_voltage.Step-0.6": 0.3264830757840615, 
    "APlast_amp.Step0.8": 1.1914577744568107, 
    "sag_ratio2.Step-0.2": 1.1400636135800133, 
    "AP_duration_half_width_change.Step1.0": 7.107504513232988, 
    "sag_ratio2.Step-0.6": 0.7047149552490823, 
    "sag_ratio2.Step-0.4": 0.5464674894442555, 
    "sag_ratio2.Step-0.8": 0.7280766190141674, 
    "AP_fall_rate.Step1.0": 3.570968145766006, 
    "maximum_voltage_from_voltagebase.Step1.0": 1.0539799388512876, 
    "AP_amplitude.Step0.8": 1.7223531992402028, 
    "AHP_depth_abs.Step1.0": 0.5477020419781826, 
    "amp_drop_first_second.Step1.0": 1.8811258049237047, 
    "number_initial_spikes.Step1.0": 0.08126163618442649, 
    "voltage_deflection_vb_ssse.Step-0.4": 3.721342847037217, 
    "time_to_last_spike.Step0.8": 1.057647097504031, 
    "AP1_peak.Step1.0": 1.0357913152924185, 
    "irregularity_index.Step0.8": 1.0239566238105815, 
    "AP_height.Step1.0": 0.46547433105367547, 
    "AP2_begin_width.Step0.8": 3.21247672253208, 
    "amp_drop_second_last.Step1.0": 0.9669125088249153, 
    "min_voltage_between_spikes.Step1.0": 0.8242976603309192, 
    "fast_AHP_change.Step0.8": 3.183600900466366, 
    "AP_rise_rate_change.Step1.0": 6.210374368199836, 
    "AHP2_depth_from_peak.Step1.0": 0.1455852405057425, 
    "AP_width.Step0.8": 6.829129373462498, 
    "voltage_deflection.Step-0.4": 3.7589861586851865, 
    "AP_duration_half_width.Step1.0": 0.19639065816610998, 
    "time_to_last_spike.Step1.0": 0.8668383814530607, 
    "AHP_depth_abs.Step0.8": 0.025211309193395277, 
    "min_AHP_values.Step1.0": 0.5477020419781826, 
    "steady_state_hyper.Step-0.6": 2.7195830095836926, 
    "steady_state_hyper.Step-0.4": 2.074637598086083, 
    "maximum_voltage.Step1.0": 1.0348307729530926, 
    "time_to_second_spike.Step1.0": 0.04152015145842136, 
    "steady_state_hyper.Step-0.8": 3.2400091214059397, 
    "AP_fall_time.Step0.8": 5.639356577826957, 
    "time_to_second_spike.Step0.8": 0.3253353903265117, 
    "spike_width2.Step0.8": 2.926606843648699, 
    "ISI_values.Step1.0": 1.3713308132405824, 
    "AP_rise_rate.Step1.0": 2.2735293203982465, 
    "sag_ratio1.Step-0.6": 0.7047149552490815, 
    "minimum_voltage.Step-1.0": 2.940906042958192, 
    "sag_ratio1.Step-0.4": 0.5464674894442552, 
    "sag_ratio1.Step-0.2": 1.1400636135800128, 
    "voltage_after_stim.Step0.6": 0.33423827216420293, 
    "voltage_after_stim.Step0.4": 0.4287439390803045, 
    "inv_second_ISI.Step0.4": 0.14882897156798067, 
    "voltage_after_stim.Step0.8": 0.31765804416906646, 
    "steady_state_voltage.Step-1.0": 0.4266740468612811, 
    "sag_ratio1.Step-0.8": 0.7280766190141661, 
    "maximum_voltage.Step0.4": 0.6993771730139988, 
    "steady_state_voltage_stimend.Step-0.8": 3.2160084808993474, 
    "APlast_amp.Step1.0": 1.1169419863597738, 
    "spike_width2.Step1.0": 2.548305143686749, 
    "mean_frequency.Step0.8": 1.5721732386753968, 
    "inv_third_ISI.Step0.8": 0.5906892013376686, 
    "steady_state_voltage.Step0.2": 0.16160102540249296,