{
    "voltage_deflection.Step-0.6": 4.146966059412615,
    "voltage_base.Step1.0": 0.016978993477540755,
    "AP_rise_rate_change.Step0.8": 13.2851975046245,
    "steady_state_voltage.Step0.8": 0.29895967514986377,
    "steady_state_voltage.Step0.4": 0.32538787903255756,
    "maximum_voltage_from_voltagebase.Step0.6": 0.6135963435450799,
    "AP2_begin_voltage.Step1.0": 1.420963071706442,
    "min_voltage_between_spikes.Step1.0": 0.8315188464701727,
    "fast_AHP.Step1.0": 3.325185582538451,
    "voltage_base.Step0.2": 0.18136480426852933,
    "time_to_last_spike.Step1.0": 0.8738376255346935,
    "sag_amplitude.Step-0.4": 0.15825422366082864,
    "voltage_deflection_begin.Step-0.6": 3.811763712641334,
    "irregularity_index.Step0.8": 1.0221167786519516,
    "sag_amplitude.Step-0.6": 1.079380619670962,
    "amp_drop_first_second.Step1.0": 1.8811258049237047,
    "AHP2_depth_from_peak.Step0.8": 0.43820816841334886,
    "max_amp_difference.Step1.0": 1.959327842779053,
    "time_to_second_spike.Step0.8": 0.3253353903265117,
    "steady_state_voltage.Step1.0": 0.2780572160195498,
    "inv_time_to_first_spike.Step0.2": 0.18760075187198158,
    "fast_AHP.Step0.8": 3.545482879452409,
    "AP_fall_time.Step0.8": 4.667152768556552,
    "AP_width.Step1.0": 6.0044269858979895,
    "AP_fall_time.Step1.0": 3.308297611763224,
    "Spikecount_stimint.Step1.0": 2.5272203822759054,
    "mean_frequency.Step1.0": 2.1665564991840505,
    "inv_fourth_ISI.Step1.0": 1.2310328090351985,
    "sag_amplitude.Step-0.2": 0.239987170202621,
    "APlast_amp.Step0.8": 1.2971340919902141,
    "sag_ratio2.Step-1.0": 0.9514210057333226,
    "inv_fourth_ISI.Step0.6": 0.9450030874095036,
    "peak_voltage.Step1.0": 0.48080426651424235,
    "steady_state_voltage_stimend.Step-0.4": 2.0611608425801613,
    "min_AHP_values.Step0.8": 0.025873937782560016,
    "voltage_after_stim.Step-0.4": 0.36060883337443306,
    "inv_fifth_ISI.Step0.6": 1.1551346459018892,
    "AP_amplitude_from_voltagebase.Step1.0": 0.4769037450518567,
    "AP_amplitude.Step1.0": 2.0445244250465597,
    "AHP_depth_diff.Step1.0": 4.1941610583597635,
    "AP_fall_rate.Step1.0": 3.6886536655646833,
    "AHP_time_from_peak.Step0.8": 20.412743448894897,
    "voltage_base.Step0.6": 0.09869626248840756,
    "maximum_voltage_from_voltagebase.Step0.2": 1.2641455820619656,
    "AP_duration_half_width.Step0.8": 4.7412513255457505,
    "AP2_peak.Step0.8": 0.3782848180202206,
    "voltage_deflection_vb_ssse.Step-0.6": 4.098052185128374,
    "sag_ratio2.Step-0.2": 1.1400636135800133,
    "inv_second_ISI.Step0.2": 0.5128997356474407,
    "spike_half_width.Step1.0": 5.919096540618717,
    "AP_amplitude_from_voltagebase.Step0.8": 0.31615185253006417,
    "time_to_first_spike.Step1.0": 0.7740677335080586,
    "sag_ratio1.Step-0.6": 0.7047149552490815,
    "Spikecount_stimint.Step0.6": 1.5722777694871413,
    "inv_last_ISI.Step0.8": 3.7780548206690274,
    "doublet_ISI.Step1.0": 1.1140148065119195,
    "inv_third_ISI.Step0.2": 0.428047773112136,
    "voltage_base.Step0.4": 0.1752456546010934,
    "AHP_depth_abs.Step0.8": 0.025873937782560016,
    "Spikecount_stimint.Step0.2": 0.23024983119513845,
    "AP_duration_half_width_change.Step1.0": 7.24698619928745,
    "amp_drop_first_last.Step0.8": 1.6842804510212106,
    "AP_width.Step0.8": 6.829129373462498,
    "AP2_begin_voltage.Step0.8": 1.1976362067886617,
    "steady_state_voltage_stimend.Step-1.0": 3.5885644396872065,
    "steady_state_voltage.Step-0.6": 0.3264830757840615,
    "inv_time_to_first_spike.Step1.0": 0.6547106794546159,
    "voltage_after_stim.Step0.4": 0.4287439390803045,
    "AP2_amp.Step0.8": 0.6865764859416069,
    "inv_fourth_ISI.Step0.8": 1.144791592787046,
    "voltage_deflection_begin.Step-0.2": 3.2966209712967074,
    "AP_begin_voltage.Step0.8": 1.6617285232477155,
    "Spikecount.Step0.6": 1.5722777694871413,
    "inv_second_ISI.Step0.8": 0.2845488973593818,
    "AP_height.Step1.0": 0.48080426651424235,
    "AHP2_depth_from_peak.Step1.0": 0.1455852405057425,
    "AP_duration_half_width_change.Step0.8": 13.722869276348904,
    "AP_rise_rate_change.Step1.0": 6.124234089035944,
    "steady_state_voltage.Step0.6": 0.17896200830591302,
    "AP_duration.Step1.0": 0.12414755947998006,
    "maximum_voltage.Step0.2": 1.2266856093274197,
    "inv_fourth_ISI.Step0.2": 0.2731177689518218,
    "number_initial_spikes.Step0.2": 0.6691610870421426,
    "steady_state_hyper.Step-0.6": 2.7195830095836926,
    "peak_voltage.Step0.8": 0.34657213748625365,
    "steady_state_voltage_stimend.Step-0.2": 1.1584043422738575,
    "time_to_second_spike.Step1.0": 0.04152015145842136,
    "Spikecount_stimint.Step0.8": 2.326293051722069,
    "number_initial_spikes.Step1.0": 0.08126163618442649,
    "AP_amplitude_change.Step1.0": 3.5141102716400034,
    "doublet_ISI.Step0.8": 0.22831022521605665,
    "voltage_deflection.Step-0.2": 2.988683125278086,
    "AP1_peak.Step0.8": 0.8049073284237501,
    "APlast_amp.Step1.0": 1.1587662934457341,
    "steady_state_hyper.Step-0.8": 3.2400091214059397,
    "voltage_base.Step-0.2": 0.14543765732711522,
    "voltage_deflection_vb_ssse.Step-0.2": 3.043150915068722,
    "AHP_depth.Step0.8": 0.1047588353084021,
    "AP2_begin_width.Step1.0": 3.4562982005158513,
    "number_initial_spikes.Step0.4": 0.009015707779533453,
    "amp_drop_first_second.Step0.8": 0.8953568386284512,
    "number_initial_spikes.Step0.8": 0.29026372532758343,
    "fast_AHP_change.Step0.8": 3.188436708161775,
    "steady_state_voltage.Step-1.0": 0.4266740468612811,
    "inv_fifth_ISI.Step0.8": 1.3033734857217616,
    "voltage_after_stim.Step0.2": 0.2768790039341009,
    "AP_amplitude_change.Step0.8": 3.6445521558189884,
    "inv_third_ISI.Step0.4": 0.5651118919733322,
    "AHP_depth.Step1.0": 0.815341073330375,
    "min_AHP_values.Step1.0": 0.5551604035424189,
    "inv_fifth_ISI.Step0.2": 0.19267591481285065,
    "inv_last_ISI.Step0.2": 0.3492515362031409,
    "AHP1_depth_from_peak.Step1.0": 0.040194530558546576,
    "voltage_base.Step-1.0": 0.09261186457274721,
    "voltage_base.Step-0.4": 0.14649829282857327,
    "AP_rise_rate.Step0.8": 2.1673030335808545,
    "AP2_width.Step1.0": 7.551379015818466,
    "inv_fifth_ISI.Step0.4": 1.1634433658302978,
    "sag_ratio1.Step-0.8": 0.7280766190141661,
    "sag_ratio2.Step-0.6": 0.7047149552490823,
    "minimum_voltage.Step-0.2": 0.6684992284926996,
    "inv_time_to_first_spike.Step0.6": 0.5526118738877206,
    "AP2_AP1_peak_diff.Step1.0": 1.8811258049237047,
    "minimum_voltage.Step-0.6": 2.500468587848007,
    "AHP_depth_abs.Step1.0": 0.5551604035424189,
    "voltage_base.Step0.8": 0.06195098499288148,
    "max_amp_difference.Step0.8": 0.6765905705891356,
    "voltage_after_stim.Step-0.2": 0.09187762515114099,
    "steady_state_voltage.Step-0.2": 0.005966431002054769,
    "AHP_depth_diff.Step0.8": 4.501927043181486,
    "voltage_base.Step-0.6": 0.11758199809010152,
    "AP_duration_half_width.Step1.0": 0.1413819725998441,
    "inv_fifth_ISI.Step1.0": 1.3930156779918854,
    "Spikecount.Step0.2": 0.23024983119513845,
    "inv_first_ISI.Step0.6": 0.47391758532528455,
    "sag_ratio2.Step-0.8": 0.7280766190141674,
    "voltage_after_stim.Step0.6": 0.33423827216420293,
    "AP_begin_width.Step0.8": 3.7584258718021797,
    "voltage_after_stim.Step0.8": 0.3190489900086215,
    "sag_ratio1.Step-0.4": 0.5464674894442552,
    "steady_state_voltage.Step-0.4": 0.17686161653498592,
    "time_to_last_spike.Step0.8": 1.0599956786087543,
    "AP1_peak.Step1.0": 1.0357913152924185,
    "sag_amplitude.Step-0.8": 0.9957177794924996,
    "ISI_values.Step1.0": 1.3685692824688473,
    "maximum_voltage.Step0.8": 0.8049073284237501,
    "AP_begin_width.Step1.0": 3.6003998785104403,
    "AP_rise_time.Step0.8": 4.601782531185988,
    "voltage_after_stim.Step1.0": 0.36053093081574916,
    "inv_third_ISI.Step1.0": 0.4400750329632291,
    "inv_second_ISI.Step1.0": 0.5179539599553507,
    "maximum_voltage.Step1.0": 1.0348307729530926,