{
    "('dendA5_01111111', 0.16666666666666666)": {
        "EPSP_amp_dendrite": 0.3665046380195065,
        "distance": 191.3337915422833,
        "EPSP_amp_soma": 0.1702157483777711
    },
    "('dendA5_0111111', 0.7857142857142856)": {
        "EPSP_amp_dendrite": 0.37011186473488067,
        "distance": 182.82650065736274,
        "EPSP_amp_soma": 0.17893461598842464
    },
    "('dendA5_0111111111111', 0.9285714285714284)": {
        "EPSP_amp_dendrite": 0.41332812067109614,
        "distance": 278.8585387217133,
        "EPSP_amp_soma": 0.12732855326571269
    },
    "('dendA5_0111111', 0.9285714285714284)": {
        "EPSP_amp_dendrite": 0.3680658086950501,
        "distance": 187.64906441420356,
        "EPSP_amp_soma": 0.17372313014173812
    },
    "('dendA5_01', 0.7727272727272728)": {
        "EPSP_amp_dendrite": 0.39190688752985636,
        "distance": 71.86747110540054,
        "EPSP_amp_soma": 0.3197991496131465
    },
    "('dendA5_01111111111111', 0.9545454545454547)": {
        "EPSP_amp_dendrite": 0.46757724207643037,
        "distance": 327.083638729302,
        "EPSP_amp_soma": 0.10918213662429821
    },
    "('dendA5_011111111', 0.5)": {
        "EPSP_amp_dendrite": 0.3637376022676335,
        "distance": 200.31189809350136,
        "EPSP_amp_soma": 0.16417745519143523
    },
    "('dendA5_01111111111111', 0.8636363636363638)": {
        "EPSP_amp_dendrite": 0.4650010660083552,
        "distance": 322.72005649527625,
        "EPSP_amp_soma": 0.11035384591967556
    },
    "('dendA5_0111111111', 0.30000000000000004)": {
        "EPSP_amp_dendrite": 0.36334763320535046,
        "distance": 209.08951965594616,
        "EPSP_amp_soma": 0.15948700199430732
    },
    "('dendA5_011111111111111', 0.8333333333333333)": {
        "EPSP_amp_dendrite": 0.47870140669472505,
        "distance": 337.0317515174673,
        "EPSP_amp_soma": 0.10617517695783363
    },
    "('dendA5_0111111111', 0.7)": {
        "EPSP_amp_dendrite": 0.36359345300269297,
        "distance": 217.31184133531076,
        "EPSP_amp_soma": 0.15537563322894243
    },
    "('dendA5_0111', 0.5)": {
        "EPSP_amp_dendrite": 0.37781337603703946,
        "distance": 109.82321709039796,
        "EPSP_amp_soma": 0.27433697234370413
    },
    "('dendA5_01111111', 0.5)": {
        "EPSP_amp_dendrite": 0.36567882924096295,
        "distance": 193.880682041602,
        "EPSP_amp_soma": 0.16829681671097774
    },
    "('dendA5_011111111111', 0.5)": {
        "EPSP_amp_dendrite": 0.3731664875570573,
        "distance": 239.79096715191383,
        "EPSP_amp_soma": 0.1442144771960585
    },
    "('dendA5_01', 0.5)": {
        "EPSP_amp_dendrite": 0.39833567244627943,
        "distance": 56.19888262225582,
        "EPSP_amp_soma": 0.33954649275605675
    }
}