{
    "('dendA5_01', 0.5)": {
        "distance": 56.19888262225582, 
        "attenuation_soma/dendrite": 0.8524129678640541
    }, 
    "('dendA5_01111111111111', 0.8636363636363638)": {
        "distance": 322.72005649527625, 
        "attenuation_soma/dendrite": 0.23731955469902666
    }, 
    "('dendA5_0111', 0.5)": {
        "distance": 109.82321709039796, 
        "attenuation_soma/dendrite": 0.7261176806953736
    }, 
    "('dendA5_0111111', 0.9285714285714284)": {
        "distance": 187.64906441420356, 
        "attenuation_soma/dendrite": 0.4719893183169079
    }, 
    "('dendA5_01', 0.7727272727272728)": {
        "distance": 71.86747110540054, 
        "attenuation_soma/dendrite": 0.8160079850313512
    }, 
    "('dendA5_01111111111111', 0.9545454545454547)": {
        "distance": 327.083638729302, 
        "attenuation_soma/dendrite": 0.2335060965316427
    }, 
    "('dendA5_0111111', 0.7857142857142856)": {
        "distance": 182.82650065736274, 
        "attenuation_soma/dendrite": 0.48346090206159553
    }, 
    "('dendA5_01111111', 0.5)": {
        "distance": 193.880682041602, 
        "attenuation_soma/dendrite": 0.460231228207305
    }, 
    "('dendA5_0111111111', 0.30000000000000004)": {
        "distance": 209.08951965594616, 
        "attenuation_soma/dendrite": 0.43893777589070254
    }, 
    "('dendA5_01111111', 0.16666666666666666)": {
        "distance": 191.3337915422833, 
        "attenuation_soma/dendrite": 0.4644299982056753
    }, 
    "('dendA5_0111111111111', 0.9285714285714284)": {
        "distance": 278.8585387217133, 
        "attenuation_soma/dendrite": 0.3080568364402038
    }, 
    "('dendA5_011111111', 0.5)": {
        "distance": 200.31189809350136, 
        "attenuation_soma/dendrite": 0.45136233968638617
    }, 
    "('dendA5_011111111111', 0.5)": {
        "distance": 239.79096715191383, 
        "attenuation_soma/dendrite": 0.3864614910630421
    }, 
    "('dendA5_011111111111111', 0.8333333333333333)": {
        "distance": 337.0317515174673, 
        "attenuation_soma/dendrite": 0.22179833915872135
    }, 
    "('dendA5_0111111111', 0.7)": {
        "distance": 217.31184133531076, 
        "attenuation_soma/dendrite": 0.4273334185359813
    }
}