{
    "error_attenuation_soma/dend_100_um": 1.7142113312345468, 
    "error_attenuation_soma/dend_200_um": 0.3414018528876621, 
    "error_attenuation_soma/dend_300_um": 0.6618521102579829
}