{
    "ISI_values.Step1.0": 2.384733705588094,
    "voltage_after_stim.Step-0.4": 1.4183284922241903,
    "steady_state_voltage_stimend.Step-0.4": 3.2522911379952686,
    "AP_rise_rate_change.Step0.8": 5.988065829304356,
    "AP_amplitude_change.Step0.8": 3.250499148061798,
    "voltage_base.Step0.8": 0.8274849737193117,
    "voltage_after_stim.Step0.4": 0.03090490344166907,
    "spike_width2.Step0.8": 8.452169043269235,
    "minimum_voltage.Step-0.6": 4.530344103204564,
    "maximum_voltage.Step1.0": 1.7460154003380792,
    "steady_state_voltage.Step-0.8": 1.1107367622961135,
    "voltage_after_stim.Step0.2": 0.3620054878612164,
    "voltage_base.Step1.0": 0.8426261323302027,
    "steady_state_hyper.Step-0.6": 4.147942978323705,
    "voltage_deflection.Step-0.2": 7.500258994882154,
    "AP_fall_time.Step0.8": 11.816120906801714,
    "inv_third_ISI.Step0.8": 6.999676674939478,
    "amp_drop_first_second.Step1.0": 8.400163828743175,
    "AP_begin_width.Step1.0": 4.726306997998671,
    "voltage_base.Step-0.2": 0.7544758703802493,
    "inv_last_ISI.Step1.0": 5.64053828993813,
    "maximum_voltage_from_voltagebase.Step0.4": 0.033876577827814294,
    "AHP_depth_diff.Step0.8": 1.981165085068009,
    "voltage_base.Step-0.6": 0.7776106315634772,
    "inv_last_ISI.Step0.4": 5.015963130516877,
    "AP_duration.Step0.8": 3.2283404811140675,
    "spike_width2.Step1.0": 6.775082349964139,
    "fast_AHP_change.Step0.8": 1.7392291400793516,
    "minimum_voltage.Step-1.0": 5.109941580374162,
    "max_amp_difference.Step0.8": 7.728896428411232,
    "amp_drop_second_last.Step1.0": 5.036419868203519,
    "AP_begin_width.Step0.8": 5.237270424871009,
    "steady_state_voltage.Step-0.4": 0.9376994993960647,
    "voltage_base.Step-1.0": 0.8048839177219567,
    "AP2_amp.Step1.0": 7.930677814960854,
    "number_initial_spikes.Step0.4": 3.708801933265173,
    "voltage_after_stim.Step0.6": 0.4696958671418038,
    "sag_amplitude.Step-0.2": 0.2655136407256227,
    "AP2_peak.Step0.8": 4.0317071247951555,
    "inv_fifth_ISI.Step0.2": 14.575530440757259,
    "AP2_width.Step0.8": 7.772878466260738,
    "voltage_after_stim.Step-0.6": 1.711318482826378,
    "inv_fourth_ISI.Step0.8": 9.135026431258611,
    "voltage_base.Step0.4": 0.7086260942254389,
    "peak_voltage.Step1.0": 1.8699935890199328,
    "sag_ratio2.Step-0.6": 0.1779349294043667,
    "min_voltage_between_spikes.Step1.0": 1.7633594354907927,
    "AP2_begin_voltage.Step0.8": 1.836930498145369,
    "AP_begin_voltage.Step0.8": 0.8274630396966834,
    "maximum_voltage_from_voltagebase.Step0.6": 1.805827960292779,
    "max_amp_difference.Step1.0": 9.175044838853685,
    "minimum_voltage.Step-0.2": 1.4813315883076061,
    "AP2_begin_width.Step1.0": 1.0692251193548235,
    "inv_fourth_ISI.Step0.4": 9.95467795766381,
    "inv_time_to_first_spike.Step0.4": 0.6139757644070025,
    "voltage_deflection_vb_ssse.Step-0.8": 7.645887774859885,
    "steady_state_hyper.Step-1.0": 6.035395131391497,
    "Spikecount_stimint.Step0.4": 9.228849357448834,
    "inv_fifth_ISI.Step0.4": 11.97217825899676,
    "Spikecount_stimint.Step0.2": 5.557345422976754,
    "inv_fourth_ISI.Step0.2": 11.853409445896643,
    "inv_last_ISI.Step0.2": 0.4212878281764019,
    "amp_drop_second_last.Step0.8": 4.036629006306152,
    "AHP2_depth_from_peak.Step0.8": 6.082065994936307,
    "steady_state_voltage.Step0.2": 0.6363439594986522,
    "sag_ratio1.Step-0.8": 0.22142049936707497,
    "steady_state_voltage_stimend.Step-0.6": 4.130613570666632,
    "sag_ratio2.Step-0.2": 0.7655772468063148,
    "Spikecount_stimint.Step0.8": 13.846753870154807,
    "AP_fall_time.Step1.0": 10.044366197183688,
    "voltage_deflection_begin.Step-0.4": 7.683099034902909,
    "AP_amplitude.Step1.0": 3.1200945338244495,
    "time_to_last_spike.Step1.0": 1.296791946467648,
    "sag_ratio2.Step-1.0": 1.0616944858707023,
    "number_initial_spikes.Step0.2": 0.6691610870421426,
    "inv_fourth_ISI.Step1.0": 9.813891257282325,
    "doublet_ISI.Step0.8": 1.0155840741076692,
    "inv_fifth_ISI.Step0.8": 8.664287037692395,
    "Spikecount.Step1.0": 14.216291101153754,
    "AHP_time_from_peak.Step0.8": 4.621969091765585,
    "voltage_deflection_vb_ssse.Step-0.4": 7.5505552792930715,
    "Spikecount_stimint.Step0.6": 12.267198925533503,
    "sag_amplitude.Step-0.6": 4.411484505092348,
    "steady_state_voltage_stimend.Step-1.0": 6.019250807546547,
    "steady_state_voltage.Step-1.0": 0.8880384302236648,
    "doublet_ISI.Step1.0": 1.2681052803659427,
    "AHP_depth_abs.Step0.8": 1.6573523165630721,
    "AP_rise_rate_change.Step1.0": 2.5842958544171295,
    "voltage_after_stim.Step-0.8": 1.9325252568513935,
    "Spikecount.Step0.4": 9.228849357448834,
    "irregularity_index.Step0.8": 1.04772364921872,
    "inv_first_ISI.Step0.4": 2.5690773971859047,
    "steady_state_hyper.Step-0.2": 1.8488395404313416,
    "min_voltage_between_spikes.Step0.8": 1.8204928936169382,
    "AHP_depth_from_peak.Step0.8": 3.568586201280201,
    "inv_third_ISI.Step1.0": 7.082708061529298,
    "inv_last_ISI.Step0.8": 20.471164518718126,
    "steady_state_voltage_stimend.Step-0.2": 1.838327209833114,
    "fast_AHP.Step1.0": 1.6222744457180807,
    "voltage_deflection_begin.Step-0.6": 7.326455492867236,
    "AP_amplitude.Step0.8": 3.034810838872345,
    "time_to_first_spike.Step1.0": 0.8633866765672527,
    "AP2_begin_width.Step0.8": 1.7227188081949387,
    "steady_state_voltage.Step-0.6": 1.082080248443944,
    "spike_half_width.Step1.0": 6.608294827471051,
    "inv_second_ISI.Step0.8": 4.27035585830946,
    "voltage_base.Step0.6": 0.7920662226349895,
    "fast_AHP.Step0.8": 1.338061830432855,
    "AP_fall_rate.Step0.8": 5.362895451960284,
    "steady_state_voltage.Step0.8": 1.215057263444443,
    "inv_first_ISI.Step0.2": 2.129268354714839,
    "AP_duration_half_width.Step0.8": 0.4806388380158192,
    "AP1_peak.Step1.0": 1.7449158469675712,
    "inv_third_ISI.Step0.2": 9.695090075689786,
    "AP2_AP1_peak_diff.Step0.8": 7.756765012750799,
    "spike_half_width.Step0.8": 8.733245462279715,
    "amp_drop_first_second.Step0.8": 7.756765012750799,
    "inv_third_ISI.Step0.6": 7.413214831673847,
    "APlast_amp.Step0.8": 1.6715693448245545,
    "AP_duration_change.Step1.0": 7.499016715836972,
    "sag_ratio1.Step-1.0": 1.0616944858707023,
    "Spikecount.Step0.2": 5.557345422976754,
    "time_to_first_spike.Step0.8": 0.777041760634264,
    "sag_ratio2.Step-0.4": 0.14967090903386507,
    "steady_state_hyper.Step-0.8": 5.058122472982318,
    "AP2_amp.Step0.8": 7.303521164743495,
    "time_to_second_spike.Step0.8": 0.9207829232792549,
    "maximum_voltage.Step0.8": 2.1285076736329884,
    "Spikecount.Step0.6": 12.267198925533503,
    "voltage_after_stim.Step0.8": 0.9614711933866459,
    "Spikecount_stimint.Step1.0": 13.566898283438318,
    "AHP_depth.Step0.8": 1.4799097922318256,
    "AHP_time_from_peak.Step1.0": 3.3442525509265026,
    "sag_ratio2.Step-0.8": 0.22142049936707542,
    "AP_width.Step0.8": 6.508592844626355,
    "AP2_peak.Step1.0": 4.020399986010953,
    "voltage_deflection_vb_ssse.Step-0.6": 7.405032143792965,
    "voltage_deflection_begin.Step-0.2": 7.252091398846938,
    "min_AHP_values.Step0.8": 1.6573523165630721,
    "AP2_begin_voltage.Step1.0": 1.9894868572324427,
    "number_initial_spikes.Step0.8": 3.856360922209322,
    "mean_frequency.Step1.0": 15.792307514707852,
    "maximum_voltage.Step0.6": 1.6435449433530263,
    "mean_frequency.Step0.8": 12.914313725575179,
    "AHP_depth.Step1.0": 1.4840979278878934,
    "maximum_voltage_from_voltagebase.Step0.2": 0.5729255878343603,
    "AP_duration_half_width_change.Step1.0": 2.2888107791539394,
    "inv_second_ISI.Step0.4": 5.393481864562751,
    "AP_rise_time.Step1.0": 8.980440612007538,
    "AP_duration_change.Step0.8": 7.969660774012782,
    "sag_ratio1.Step-0.2": 0.7655772468063146,
    "maximum_voltage_from_voltagebase.Step1.0": 2.249031927173322,
    "minimum_voltage.Step-0.8": 4.894788320793823,
    "AP_height.Step0.8": 1.9677699380364528,