{
    "doublet_ISI.Step1.0": 1.2681052803659427, 
    "steady_state_voltage.Step-0.2": 0.7359431286396341, 
    "fast_AHP.Step1.0": 1.6232587254303223, 
    "steady_state_hyper.Step-0.2": 1.848842007568764, 
    "AP_begin_voltage.Step0.8": 0.8263112379834333, 
    "AHP_depth.Step1.0": 1.4840719951451646, 
    "AP_amplitude_from_voltagebase.Step1.0": 2.2082443481469434, 
    "voltage_deflection_vb_ssse.Step-1.0": 8.295797718235663, 
    "steady_state_voltage.Step1.0": 2.073888151504113, 
    "AP_height.Step0.8": 1.9677175981676653, 
    "voltage_base.Step-0.4": 0.7592670825026498, 
    "inv_second_ISI.Step0.8": 4.27035585830946, 
    "amp_drop_first_last.Step0.8": 0.021843269802262522, 
    "inv_fourth_ISI.Step1.0": 9.813891257282325, 
    "voltage_after_stim.Step-1.0": 1.9972761246018709, 
    "voltage_deflection_begin.Step-0.6": 7.326457942463479, 
    "AHP_depth_from_peak.Step0.8": 3.5685052060247364, 
    "voltage_base.Step-0.8": 0.8031329932804382, 
    "peak_voltage.Step1.0": 1.8699621500301806, 
    "AP_begin_width.Step0.8": 5.250553459778812, 
    "AP2_AP1_peak_diff.Step1.0": 8.399842353575478, 
    "AHP_depth.Step0.8": 1.4798762884538086, 
    "sag_amplitude.Step-1.0": 1.5518044930408208, 
    "AP_fall_rate.Step0.8": 5.356447695048706, 
    "AP_amplitude_change.Step1.0": 3.2554320583556593, 
    "doublet_ISI.Step0.8": 1.0155840741076692, 
    "inv_fifth_ISI.Step0.8": 8.664287037692395, 
    "AHP_time_from_peak.Step1.0": 3.3395351470082324, 
    "inv_fifth_ISI.Step0.4": 11.97217825899676, 
    "AP_duration_half_width_change.Step0.8": 1.4697861109658468, 
    "inv_fifth_ISI.Step0.6": 9.517162801485448, 
    "AHP1_depth_from_peak.Step0.8": 7.275246114811025, 
    "inv_fifth_ISI.Step0.2": 14.575530440757259, 
    "maximum_voltage_from_voltagebase.Step0.6": 1.8058255777036032, 
    "maximum_voltage_from_voltagebase.Step0.4": 0.0338756486500063, 
    "maximum_voltage_from_voltagebase.Step0.2": 0.5729419904409709, 
    "steady_state_voltage_stimend.Step-1.0": 6.01925285884561, 
    "min_voltage_between_spikes.Step0.8": 1.8204691697825368, 
    "AP2_peak.Step0.8": 4.031588482723375, 
    "AP_amplitude.Step1.0": 3.119820933789801, 
    "Spikecount_stimint.Step1.0": 13.566898283438318, 
    "maximum_voltage_from_voltagebase.Step0.8": 2.516530543091266, 
    "amp_drop_first_second.Step0.8": 7.756374531266478, 
    "voltage_after_stim.Step0.2": 0.36210402744174114, 
    "voltage_deflection_begin.Step-0.4": 7.6831029790641425, 
    "steady_state_voltage_stimend.Step-0.4": 3.252292886816373, 
    "inv_third_ISI.Step1.0": 7.082708061529298, 
    "AP2_width.Step1.0": 8.249118479390871, 
    "inv_second_ISI.Step1.0": 3.7058939360303214, 
    "amp_drop_second_last.Step0.8": 4.037412530082484, 
    "voltage_base.Step-0.6": 0.7776105607147954, 
    "voltage_deflection.Step-0.2": 7.500266008680752, 
    "AHP2_depth_from_peak.Step0.8": 6.081882233315326, 
    "inv_last_ISI.Step1.0": 5.64053828993813, 
    "AP_rise_time.Step0.8": 9.139134662117119, 
    "voltage_deflection_begin.Step-0.2": 7.252099535123237, 
    "AP_duration_half_width.Step0.8": 0.464571483666401, 
    "AP2_begin_voltage.Step1.0": 1.9894610445236751, 
    "Spikecount.Step0.8": 13.846753870154807, 
    "Spikecount.Step0.6": 12.267198925533503, 
    "Spikecount.Step0.4": 9.228849357448834, 
    "Spikecount.Step0.2": 5.557345422976754, 
    "AP_fall_time.Step1.0": 10.044366197183688, 
    "inv_first_ISI.Step0.4": 2.5690773971859047, 
    "voltage_deflection_vb_ssse.Step-0.8": 7.645890156328188, 
    "inv_first_ISI.Step0.6": 2.458136903984517, 
    "voltage_base.Step-0.2": 0.754475799157939, 
    "inv_first_ISI.Step0.2": 2.129268354714839, 
    "voltage_deflection_vb_ssse.Step-0.2": 7.615521425481395, 
    "voltage_deflection_vb_ssse.Step-0.6": 7.405034559898104, 
    "AP_begin_voltage.Step1.0": 0.8649098953877962, 
    "sag_ratio2.Step-1.0": 1.0616952600499052, 
    "AP_rise_rate.Step0.8": 2.79468667235018, 
    "steady_state_voltage.Step0.4": 0.17069913396027647, 
    "steady_state_voltage.Step0.6": 0.7395793530744236, 
    "inv_time_to_first_spike.Step0.8": 1.0009857416049737, 
    "ISI_values.Step0.8": 1.3727225022242944, 
    "inv_time_to_first_spike.Step1.0": 1.0872216012761209, 
    "inv_time_to_first_spike.Step0.4": 0.6139757644070025, 
    "Spikecount_stimint.Step0.4": 9.228849357448834, 
    "inv_time_to_first_spike.Step0.6": 0.9042404910378774, 
    "steady_state_voltage.Step0.8": 1.2149638882406764, 
    "inv_time_to_first_spike.Step0.2": 0.23784616350333754, 
    "minimum_voltage.Step-0.4": 2.050583174218025, 
    "steady_state_voltage.Step-0.8": 1.1107415792591, 
    "minimum_voltage.Step-0.6": 4.53034584329367, 
    "min_AHP_values.Step0.8": 1.6573289556798005, 
    "minimum_voltage.Step-0.2": 1.4813342555680993, 
    "sag_ratio1.Step-1.0": 1.0616952600499052, 
    "minimum_voltage.Step-0.8": 4.894789790088182, 
    "steady_state_voltage.Step-0.4": 0.9377029405687507, 
    "steady_state_voltage.Step-0.6": 1.0820844632718143, 
    "APlast_amp.Step0.8": 1.6692583451094742, 
    "sag_ratio2.Step-0.2": 0.7655758226926103, 
    "AP_duration_half_width_change.Step1.0": 2.2888107791539394, 
    "sag_ratio2.Step-0.6": 0.17793503092665292, 
    "sag_ratio2.Step-0.4": 0.14967063917536655, 
    "sag_ratio2.Step-0.8": 0.22142087498977328, 
    "AP_fall_rate.Step1.0": 4.609671379167153, 
    "maximum_voltage_from_voltagebase.Step1.0": 2.2490303828288365, 
    "AP_amplitude.Step0.8": 3.0339123478346877, 
    "AHP_depth_abs.Step1.0": 1.6124561467564251, 
    "amp_drop_first_second.Step1.0": 8.399842353575478, 
    "number_initial_spikes.Step1.0": 5.394589858723032, 
    "voltage_deflection_vb_ssse.Step-0.4": 7.550558525893157, 
    "time_to_last_spike.Step0.8": 1.0846557802083505, 
    "AP1_peak.Step1.0": 1.744914355487873, 
    "irregularity_index.Step0.8": 1.048365236248396, 
    "AP_height.Step1.0": 1.8699621500301806, 
    "AP2_begin_width.Step0.8": 1.7227188081949387, 
    "amp_drop_second_last.Step1.0": 5.038254355572287, 
    "min_voltage_between_spikes.Step1.0": 1.7633399510067853, 
    "fast_AHP_change.Step0.8": 1.738874609799525, 
    "AP_rise_rate_change.Step1.0": 2.5772779615812555, 
    "AHP2_depth_from_peak.Step1.0": 6.695571662800247, 
    "AP_width.Step0.8": 6.508592844626355, 
    "voltage_deflection.Step-0.4": 7.6325151633661275, 
    "AP_duration_half_width.Step1.0": 0.6556598502695552, 
    "time_to_last_spike.Step1.0": 1.296791946467648, 
    "AHP_depth_abs.Step0.8": 1.6573289556798005, 
    "min_AHP_values.Step1.0": 1.6124561467564251, 
    "steady_state_hyper.Step-0.6": 4.1479445893042675, 
    "steady_state_hyper.Step-0.4": 3.2806273332755773, 
    "maximum_voltage.Step1.0": 1.7460139087838202, 
    "time_to_second_spike.Step1.0": 1.084837126612258, 
    "steady_state_hyper.Step-0.8": 5.058124266462609, 
    "AP_fall_time.Step0.8": 11.816120906801714, 
    "time_to_second_spike.Step0.8": 0.9207829232792549, 
    "spike_width2.Step0.8": 8.443431532981679, 
    "ISI_values.Step1.0": 2.384733705588094, 
    "AP_rise_rate.Step1.0": 2.7240828077206505, 
    "sag_ratio1.Step-0.6": 0.17793503092665292, 
    "minimum_voltage.Step-1.0": 5.109942893152516, 
    "sag_ratio1.Step-0.4": 0.14967063917536583, 
    "sag_ratio1.Step-0.2": 0.7655758226926106, 
    "voltage_after_stim.Step0.6": 0.4696482915317432, 
    "voltage_after_stim.Step0.4": 0.030880723884603414, 
    "inv_second_ISI.Step0.4": 5.393481864562751, 
    "voltage_after_stim.Step0.8": 0.9613685831258058, 
    "steady_state_voltage.Step-1.0": 0.8880434329002765, 
    "sag_ratio1.Step-0.8": 0.22142087498977242, 
    "maximum_voltage.Step0.4": 0.050391570401022684, 
    "steady_state_voltage_stimend.Step-0.8": 5.022827735809857, 
    "APlast_amp.Step1.0": 1.5538163906716758, 
    "spike_width2.Step1.0": 6.764610753724097, 
    "mean_frequency.Step0.8": 12.914313725575179, 
    "inv_third_ISI.Step0.8": 6.999676674939478, 
    "steady_state_voltage.Step0.2": 0.6364511488023078,