{
    "AP_amplitude.Step0.8": 4.4792422705028,
    "irregularity_index.Step0.8": 0.9477563701573182,
    "AP2_width.Step0.8": 169.4208536461809,
    "voltage_deflection_begin.Step-0.4": 12.43696035696001,
    "ISI_values.Step1.0": 2.2274689822197034,
    "voltage_base.Step0.8": 0.8274186589068914,
    "voltage_after_stim.Step0.2": 0.04929010753937127,
    "steady_state_voltage.Step-0.6": 0.9042065641384014,
    "AP2_peak.Step1.0": 3.747604709417927,
    "Spikecount.Step0.6": 3.064592349400587,
    "AP_rise_rate.Step1.0": 2.8129648576038053,
    "inv_first_ISI.Step0.6": 0.4120174815273703,
    "AP2_AP1_peak_diff.Step0.8": 6.962179042305395,
    "spike_half_width.Step0.8": 14.482281500331723,
    "sag_ratio2.Step-0.6": 0.9697962149920218,
    "amp_drop_first_second.Step0.8": 6.962179042305395,
    "number_initial_spikes.Step0.2": 3.294866745437836,
    "sag_ratio1.Step-0.6": 0.9697962149920208,
    "min_AHP_values.Step1.0": 1.7398349314169614,
    "APlast_amp.Step0.8": 2.6508425988152755,
    "Spikecount.Step1.0": 4.691863107994026,
    "inv_third_ISI.Step0.6": 7.880781100007261,
    "inv_fifth_ISI.Step0.6": 10.450424872421111,
    "AP_amplitude.Step1.0": 4.223479276868408,
    "AP_duration_half_width_change.Step0.8": 1.3113788760758243,
    "inv_time_to_first_spike.Step0.6": 1.9274480886710144,
    "Spikecount_stimint.Step0.2": 3.628147004919456,
    "AP_duration_half_width.Step1.0": 1.561836518053317,
    "time_to_first_spike.Step0.8": 0.8669624056650448,
    "sag_amplitude.Step-1.0": 0.47528214820048714,
    "peak_voltage.Step0.8": 2.833129130675345,
    "AP_rise_rate_change.Step0.8": 1.1971440644397133,
    "AHP_depth.Step0.8": 1.9008639989470568,
    "maximum_voltage_from_voltagebase.Step0.8": 2.4651782976231624,
    "steady_state_voltage.Step-0.2": 0.7889137867621896,
    "voltage_after_stim.Step-0.8": 1.9730233741916918,
    "AHP2_depth_from_peak.Step0.8": 5.924828378395558,
    "steady_state_hyper.Step-0.8": 10.822272247431714,
    "maximum_voltage.Step0.8": 2.075301088027894,
    "spike_width2.Step1.0": 11.57103559730503,
    "voltage_deflection_vb_ssse.Step-0.6": 13.66953230114605,
    "amp_drop_first_second.Step1.0": 7.87096600212939,
    "AP_begin_voltage.Step0.8": 1.247244975869725,
    "voltage_base.Step1.0": 0.8425620416532796,
    "min_voltage_between_spikes.Step1.0": 1.8806489033954352,
    "maximum_voltage_from_voltagebase.Step0.2": 0.5491715381369255,
    "inv_fourth_ISI.Step1.0": 10.061674649020125,
    "voltage_deflection_vb_ssse.Step-0.2": 11.595004558313574,
    "sag_ratio1.Step-0.2": 0.6343639917223372,
    "sag_ratio2.Step-0.2": 0.6343639917223366,
    "AHP1_depth_from_peak.Step0.8": 8.757181864853282,
    "steady_state_voltage_stimend.Step-0.8": 10.758376916599058,
    "voltage_after_stim.Step-1.0": 2.032191296048305,
    "AP_amplitude_change.Step0.8": 5.254879833216919,
    "AHP_depth.Step1.0": 1.6673500046913916,
    "voltage_after_stim.Step0.8": 0.18366105673339145,
    "steady_state_voltage.Step0.6": 0.005965845247016776,
    "AP_duration_half_width.Step0.8": 1.3032873807064518,
    "steady_state_hyper.Step-1.0": 12.934054306671092,
    "AP2_width.Step1.0": 206.60001944612907,
    "Spikecount_stimint.Step0.8": 4.006360254410177,
    "voltage_deflection.Step-0.4": 12.360728214878785,
    "voltage_deflection_begin.Step-1.0": 12.912434555499885,
    "voltage_deflection.Step-0.2": 11.424539392386354,
    "steady_state_voltage.Step-0.8": 0.5793514215463214,
    "spike_width2.Step0.8": 14.202936264883629,
    "AP_fall_rate.Step0.8": 5.526207302515409,
    "inv_third_ISI.Step0.4": 10.460146210066673,
    "steady_state_voltage.Step0.4": 0.23119300482475946,
    "AP_duration_half_width_change.Step1.0": 8.035288539345146,
    "mean_frequency.Step1.0": 9.10210525394025,
    "sag_ratio1.Step-1.0": 2.6266527553585615,
    "minimum_voltage.Step-0.4": 3.5336055810004288,
    "maximum_voltage.Step1.0": 1.6113919916339947,
    "spike_half_width.Step1.0": 10.861363829732673,
    "minimum_voltage.Step-0.2": 2.715544260342056,
    "inv_fourth_ISI.Step0.2": 18.496637398378848,
    "Spikecount_stimint.Step0.6": 3.064592349400587,
    "maximum_voltage.Step0.4": 0.02689437585694354,
    "maximum_voltage.Step0.6": 1.6739162139064314,
    "steady_state_hyper.Step-0.6": 8.180969017439855,
    "max_amp_difference.Step0.8": 6.912203535099699,
    "voltage_deflection_vb_ssse.Step-0.8": 15.514128668385792,
    "min_AHP_values.Step0.8": 1.9501459778697756,
    "AP_duration.Step1.0": 4.421588895458795,
    "AP_begin_width.Step1.0": 3.551364142530952,
    "AHP_depth_from_peak.Step0.8": 4.8452916033209465,
    "AP2_amp.Step0.8": 7.5289010923142605,
    "voltage_deflection_begin.Step-0.8": 12.281409100110475,
    "mean_frequency.Step0.8": 8.362070721491326,
    "doublet_ISI.Step0.8": 0.9362175500340922,
    "voltage_deflection.Step-0.8": 15.324584577676099,
    "inv_first_ISI.Step1.0": 1.865086436765932,
    "steady_state_voltage_stimend.Step-1.0": 12.912211520109215,
    "steady_state_hyper.Step-0.2": 3.196625565825023,
    "maximum_voltage_from_voltagebase.Step1.0": 2.1131576232070644,
    "inv_fifth_ISI.Step0.8": 9.043231981265043,
    "number_initial_spikes.Step1.0": 0.08126163618442649,
    "peak_voltage.Step1.0": 2.5863040957724532,
    "maximum_voltage.Step0.2": 0.6107623786969527,
    "min_voltage_between_spikes.Step0.8": 2.0961173085878118,
    "AHP_depth_diff.Step1.0": 3.5930293652462426,
    "AP1_peak.Step0.8": 2.075301088027894,
    "AP_begin_width.Step0.8": 4.029222676789045,
    "AHP_time_from_peak.Step1.0": 3.872601789772511,
    "maximum_voltage_from_voltagebase.Step0.6": 1.8333716873457124,
    "Spikecount.Step0.4": 2.981824131366016,
    "inv_time_to_first_spike.Step0.8": 2.0596177880339073,
    "AP_width.Step1.0": 1.8151577503354885,
    "amp_drop_first_last.Step1.0": 2.164265823627508,
    "AHP_depth_abs.Step1.0": 1.7398349314169614,
    "AHP1_depth_from_peak.Step1.0": 8.546346538351344,
    "AP_fall_time.Step1.0": 9.681583440034679,
    "inv_first_ISI.Step0.2": 3.711313512170828,
    "AP2_peak.Step0.8": 3.7510761362043974,
    "AP2_begin_width.Step1.0": 1.436467131834873,
    "AHP_depth_from_peak.Step1.0": 4.5514753256896165,
    "AP_duration.Step0.8": 3.015142690746633,
    "minimum_voltage.Step-1.0": 9.67108263483619,
    "time_to_last_spike.Step1.0": 0.4210225295673776,
    "sag_ratio1.Step-0.8": 1.870085640315923,
    "inv_second_ISI.Step0.6": 4.917196387887967,
    "inv_second_ISI.Step0.8": 4.2703558583166785,
    "AHP_time_from_peak.Step0.8": 5.038417108486371,
    "inv_fourth_ISI.Step0.4": 12.123468766968292,
    "steady_state_voltage.Step1.0": 0.23825011222055423,
    "voltage_deflection.Step-0.6": 13.901849779977455,
    "max_amp_difference.Step1.0": 8.589292502722108,
    "inv_last_ISI.Step0.4": 8.501447756841726,
    "voltage_base.Step-1.0": 0.8048170019829786,
    "AP2_begin_voltage.Step0.8": 2.441824904552999,
    "amp_drop_first_last.Step0.8": 2.0497511971073554,
    "steady_state_voltage_stimend.Step-0.4": 5.688579368787879,
    "sag_amplitude.Step-0.8": 1.5306767671991774,
    "voltage_deflection_begin.Step-0.6": 12.214453399699067,
    "AP_duration_change.Step1.0": 9.424204162004497,
    "sag_amplitude.Step-0.2": 0.7024333465071463,
    "AP2_begin_voltage.Step1.0": 1.9637733961333876,
    "AHP_depth_diff.Step0.8": 4.194743086584316,
    "voltage_after_stim.Step1.0": 0.26569593182308143,
    "steady_state_voltage.Step-0.4": 0.9724676402528155,
    "steady_state_voltage.Step0.8": 0.13518501066534153,
    "inv_second_ISI.Step1.0": 3.831797094475701,
    "sag_ratio2.Step-0.4": 0.2842682840158555,
    "inv_fifth_ISI.Step0.4": 14.070662121196102,
    "AP_duration_change.Step0.8": 6.903496664371787,
    "voltage_deflection_vb_ssse.Step-0.4": 12.242551485352367,
    "inv_last_ISI.Step0.2": 0.6979288405758244,
    "AHP_depth_abs.Step0.8": 1.9501459778697756,
    "doublet_ISI.Step1.0": 4.17340432985341,
    "AP_amplitude_from_voltagebase.Step0.8": 3.1167358059693893,
    "minimum_voltage.Step-0.8": 8.837217369744234,