{
    "doublet_ISI.Step1.0": 4.17340432985341, 
    "steady_state_voltage.Step-0.2": 0.7889154059968319, 
    "fast_AHP.Step1.0": 1.0370380339952245, 
    "steady_state_hyper.Step-0.2": 3.1966276010482106, 
    "AP_begin_voltage.Step0.8": 1.2498854199874017, 
    "AHP_depth.Step1.0": 1.6673937200756368, 
    "AP_amplitude_from_voltagebase.Step1.0": 2.9285321976105827, 
    "voltage_deflection_vb_ssse.Step-1.0": 17.098479801280924, 
    "steady_state_voltage.Step1.0": 0.2382466059921527, 
    "AP_height.Step0.8": 2.833199739920348, 
    "voltage_base.Step-0.4": 0.759199574254312, 
    "inv_second_ISI.Step0.8": 4.2703558583166785, 
    "amp_drop_first_last.Step0.8": 2.055234908169925, 
    "inv_fourth_ISI.Step1.0": 10.061674649020125, 
    "voltage_after_stim.Step-1.0": 2.032197754571662, 
    "voltage_deflection_begin.Step-0.6": 12.214455909654655, 
    "AHP_depth_from_peak.Step0.8": 4.845379561793039, 
    "voltage_base.Step-0.8": 0.8030659548556198, 
    "peak_voltage.Step1.0": 2.5862466180085195, 
    "AP_begin_width.Step0.8": 4.0058445353513115, 
    "AP2_AP1_peak_diff.Step1.0": 7.860777721130535, 
    "AHP_depth.Step0.8": 1.9008635033740382, 
    "sag_amplitude.Step-1.0": 0.4752830278485223, 
    "AP_fall_rate.Step0.8": 5.515683087581915, 
    "AP_amplitude_change.Step1.0": 4.678546141241086, 
    "doublet_ISI.Step0.8": 0.9362175500340922, 
    "inv_fifth_ISI.Step0.8": 9.043231981265043, 
    "AHP_time_from_peak.Step1.0": 3.872601789772511, 
    "inv_fifth_ISI.Step0.4": 14.070662121196102, 
    "AP_duration_half_width_change.Step0.8": 1.3113788760758243, 
    "inv_fifth_ISI.Step0.6": 10.250674043203304, 
    "AHP1_depth_from_peak.Step0.8": 8.757068665519343, 
    "inv_fifth_ISI.Step0.2": 19.056917196930257, 
    "maximum_voltage_from_voltagebase.Step0.6": 1.8333720854081446, 
    "maximum_voltage_from_voltagebase.Step0.4": 0.05779631498244212, 
    "maximum_voltage_from_voltagebase.Step0.2": 0.5491746853252732, 
    "steady_state_voltage_stimend.Step-1.0": 12.912213988270084, 
    "min_voltage_between_spikes.Step0.8": 2.096108544887281, 
    "AP2_peak.Step0.8": 3.7510720537009288, 
    "AP_amplitude.Step1.0": 4.22001341002703, 
    "Spikecount_stimint.Step1.0": 4.691863107994026, 
    "maximum_voltage_from_voltagebase.Step0.8": 2.465178249356978, 
    "amp_drop_first_second.Step0.8": 6.962165468341104, 
    "voltage_after_stim.Step0.2": 0.049044128853092714, 
    "voltage_deflection_begin.Step-0.4": 12.436963950684737, 
    "steady_state_voltage_stimend.Step-0.4": 5.68858120082182, 
    "inv_third_ISI.Step1.0": 7.2771560465587, 
    "AP2_width.Step1.0": 206.63268069156842, 
    "inv_second_ISI.Step1.0": 3.831797094475701, 
    "amp_drop_second_last.Step0.8": 1.0817924840898918, 
    "voltage_base.Step-0.6": 0.7775438404766234, 
    "voltage_deflection.Step-0.2": 11.424545205221282, 
    "AHP2_depth_from_peak.Step0.8": 5.924809094419604, 
    "inv_last_ISI.Step1.0": 1.3715778180025238, 
    "AP_rise_time.Step0.8": 9.514438502661969, 
    "voltage_deflection_begin.Step-0.2": 12.344536572404973, 
    "AP_duration_half_width.Step0.8": 1.3032873807064518, 
    "AP2_begin_voltage.Step1.0": 1.9620540824649022, 
    "Spikecount.Step0.8": 4.006360254410177, 
    "Spikecount.Step0.6": 3.064592349400587, 
    "Spikecount.Step0.4": 2.981824131366016, 
    "Spikecount.Step0.2": 3.628147004919456, 
    "AP_fall_time.Step1.0": 9.681583440034679, 
    "inv_first_ISI.Step0.4": 1.2352655702461584, 
    "voltage_deflection_vb_ssse.Step-0.8": 15.51413192406569, 
    "inv_first_ISI.Step0.6": 0.4120174815273703, 
    "voltage_base.Step-0.2": 0.7544087270631586, 
    "inv_first_ISI.Step0.2": 3.711313512170828, 
    "voltage_deflection_vb_ssse.Step-0.2": 11.595010433367626, 
    "voltage_deflection_vb_ssse.Step-0.6": 13.669535550803875, 
    "AP_begin_voltage.Step1.0": 1.1351947461068916, 
    "sag_ratio2.Step-1.0": 2.6266531794618584, 
    "AP_rise_rate.Step0.8": 2.943096971713253, 
    "steady_state_voltage.Step0.4": 0.2311849287737356, 
    "steady_state_voltage.Step0.6": 0.006426319928334042, 
    "inv_time_to_first_spike.Step0.8": 2.0596177880339073, 
    "ISI_values.Step0.8": 1.3115899938044433, 
    "inv_time_to_first_spike.Step1.0": 2.048356983072611, 
    "inv_time_to_first_spike.Step0.4": 1.5756733707356516, 
    "Spikecount_stimint.Step0.4": 2.981824131366016, 
    "inv_time_to_first_spike.Step0.6": 1.9274480886710144, 
    "steady_state_voltage.Step0.8": 0.13517614935295597, 
    "inv_time_to_first_spike.Step0.2": 1.1354324161405556, 
    "minimum_voltage.Step-0.4": 3.5336068628245103, 
    "steady_state_voltage.Step-0.8": 0.5793548873395575, 
    "minimum_voltage.Step-0.6": 7.743458288293578, 
    "min_AHP_values.Step0.8": 1.9501455976350295, 
    "minimum_voltage.Step-0.2": 2.715546505452448, 
    "sag_ratio1.Step-1.0": 2.62665317946186, 
    "minimum_voltage.Step-0.8": 8.83721903844128, 
    "steady_state_voltage.Step-0.4": 0.9724704214277456, 
    "steady_state_voltage.Step-0.6": 0.9042098089177035, 
    "APlast_amp.Step0.8": 2.6824670480887716, 
    "sag_ratio2.Step-0.2": 0.6343631144331034, 
    "AP_duration_half_width_change.Step1.0": 8.048173211224078, 
    "sag_ratio2.Step-0.6": 0.9697964975402157, 
    "sag_ratio2.Step-0.4": 0.28426819824021626, 
    "sag_ratio2.Step-0.8": 1.8700860895731353, 
    "AP_fall_rate.Step1.0": 4.5968003072418195, 
    "maximum_voltage_from_voltagebase.Step1.0": 2.1131581807094464, 
    "AP_amplitude.Step0.8": 4.481242725762769, 
    "AHP_depth_abs.Step1.0": 1.739865293122653, 
    "amp_drop_first_second.Step1.0": 7.860777721130535, 
    "number_initial_spikes.Step1.0": 0.08126163618442649, 
    "voltage_deflection_vb_ssse.Step-0.4": 12.242554932997948, 
    "time_to_last_spike.Step0.8": 1.030241504595111, 
    "AP1_peak.Step1.0": 1.6102997463137134, 
    "irregularity_index.Step0.8": 0.9477563701573182, 
    "AP_height.Step1.0": 2.5862466180085195, 
    "AP2_begin_width.Step0.8": 0.23296089385568017, 
    "amp_drop_second_last.Step1.0": 1.3747020226317543, 
    "min_voltage_between_spikes.Step1.0": 1.8806293209046736, 
    "fast_AHP_change.Step0.8": 1.733690234929023, 
    "AP_rise_rate_change.Step1.0": 0.19205819459060655, 
    "AHP2_depth_from_peak.Step1.0": 6.49181032254111, 
    "AP_width.Step0.8": 3.5907241659786044, 
    "voltage_deflection.Step-0.4": 12.360731702558178, 
    "AP_duration_half_width.Step1.0": 1.59501061571783, 
    "time_to_last_spike.Step1.0": 0.42202242157903946, 
    "AHP_depth_abs.Step0.8": 1.9501455976350295, 
    "min_AHP_values.Step1.0": 1.739865293122653, 
    "steady_state_hyper.Step-0.6": 8.180971146533134, 
    "steady_state_hyper.Step-0.4": 5.736963543308803, 
    "maximum_voltage.Step1.0": 1.6113925700568736, 
    "time_to_second_spike.Step1.0": 1.0887399049575541, 
    "steady_state_hyper.Step-0.8": 10.822274665141842, 
    "AP_fall_time.Step0.8": 11.816120906801736, 
    "time_to_second_spike.Step0.8": 0.10429804854875332, 
    "spike_width2.Step0.8": 14.185348628498515, 
    "ISI_values.Step1.0": 2.227736227133097, 
    "AP_rise_rate.Step1.0": 2.8135527025605134, 
    "sag_ratio1.Step-0.6": 0.9697964975402152, 
    "minimum_voltage.Step-1.0": 9.671084215864925, 
    "sag_ratio1.Step-0.4": 0.2842681982402157, 
    "sag_ratio1.Step-0.2": 0.6343631144331038, 
    "voltage_after_stim.Step0.6": 0.04799594016137293, 
    "voltage_after_stim.Step0.4": 0.16667881876331128, 
    "inv_second_ISI.Step0.4": 5.664343352254702, 
    "voltage_after_stim.Step0.8": 0.18365268791775685, 
    "steady_state_voltage.Step-1.0": 0.010054116054892825, 
    "sag_ratio1.Step-0.8": 1.870086089573135, 
    "maximum_voltage.Step0.4": 0.026894901931758395, 
    "steady_state_voltage_stimend.Step-0.8": 10.758379322228604, 
    "APlast_amp.Step1.0": 2.378999192765163, 
    "spike_width2.Step1.0": 11.598388118062735, 
    "mean_frequency.Step0.8": 8.362070721491326, 
    "inv_third_ISI.Step0.8": 7.3426325263803545, 
    "steady_state_voltage.Step0.2": 0.15439447858686328,