{
    "asynch_degree_of_nonlin_at_th": 0.0002284091319189866,
    "suprath_degree_of_nonlinearity": 0.0005789110712912946,
    "proximal_threshold": 0.1456334006351564,
    "peak_dV/dt_at_th": 0.20081126161924082,
    "degree_of_nonlinearity_at_th": 0.004083865750633312,
    "time_to_peak_at_th": 2.2411612641736408e-24,
    "threshold": 0.29720483783168683,
    "distal_threshold": 0.8349077317363423,
    "amplitude_at_th": 2.5103736532977155e-07
}