{
    "doublet_ISI.Step1.0": 0.4040028959102476, 
    "steady_state_voltage.Step-0.2": 0.6917693568156602, 
    "fast_AHP.Step1.0": 0.11690013072040385, 
    "steady_state_hyper.Step-0.2": 2.9025896818976133, 
    "AP_begin_voltage.Step0.8": 1.8070384781905589, 
    "AHP_depth.Step1.0": 4.2639412921497835, 
    "AP_amplitude_from_voltagebase.Step1.0": 2.670312498062036, 
    "voltage_deflection_vb_ssse.Step-1.0": 15.574603752726267, 
    "steady_state_voltage.Step1.0": 0.4495471166334538, 
    "AP_height.Step0.8": 2.153593858421573, 
    "voltage_base.Step-0.4": 0.315661045853938, 
    "inv_second_ISI.Step0.8": 1.2560601491695793, 
    "amp_drop_first_last.Step0.8": 3.42431940065701, 
    "inv_fourth_ISI.Step1.0": 5.849356989716969, 
    "voltage_after_stim.Step-1.0": 2.494819422872565, 
    "voltage_deflection_begin.Step-0.6": 5.882133575456443, 
    "AHP_depth_from_peak.Step0.8": 4.149495185450318, 
    "voltage_base.Step-0.8": 0.2643141749130291, 
    "peak_voltage.Step1.0": 2.724045018785665, 
    "AP_begin_width.Step0.8": 2.846028962912681, 
    "AP2_AP1_peak_diff.Step1.0": 4.321631327273113, 
    "AHP_depth.Step0.8": 3.395559838971311, 
    "sag_amplitude.Step-1.0": 1.9930408577509546, 
    "AP_fall_rate.Step0.8": 4.648505450939537, 
    "AP_amplitude_change.Step1.0": 6.882061811030482, 
    "doublet_ISI.Step0.8": 0.5503878320841619, 
    "inv_fifth_ISI.Step0.8": 4.375498691945708, 
    "AHP_time_from_peak.Step1.0": 4.752633490727933, 
    "inv_fifth_ISI.Step0.4": 6.838963888386062, 
    "AP_duration_half_width_change.Step0.8": 3.524617150783899, 
    "inv_fifth_ISI.Step0.6": 4.609015840599445, 
    "AHP1_depth_from_peak.Step0.8": 1.455627186303036, 
    "inv_fifth_ISI.Step0.2": 17.69957409289709, 
    "maximum_voltage_from_voltagebase.Step0.6": 0.24509865575612855, 
    "maximum_voltage_from_voltagebase.Step0.4": 0.6441199614213909, 
    "maximum_voltage_from_voltagebase.Step0.2": 1.2051538615281123, 
    "steady_state_voltage_stimend.Step-1.0": 12.34980156992729, 
    "min_voltage_between_spikes.Step0.8": 2.3424020874244134, 
    "AP2_peak.Step0.8": 0.4748965680895094, 
    "AP_amplitude.Step1.0": 5.6834808734306135, 
    "Spikecount_stimint.Step1.0": 1.8778275645604694, 
    "maximum_voltage_from_voltagebase.Step0.8": 0.32984633232649896, 
    "amp_drop_first_second.Step0.8": 2.148019710955495, 
    "voltage_after_stim.Step0.2": 0.2136259328501848, 
    "voltage_deflection_begin.Step-0.4": 5.378254362748678, 
    "steady_state_voltage_stimend.Step-0.4": 6.57444101995998, 
    "inv_third_ISI.Step1.0": 4.443771121999984, 
    "AP2_width.Step1.0": 2.3561061694838257, 
    "inv_second_ISI.Step1.0": 1.1439110608368381, 
    "amp_drop_second_last.Step0.8": 3.0849741061830067, 
    "voltage_base.Step-0.6": 0.2847701484208431, 
    "voltage_deflection.Step-0.2": 7.601445679963992, 
    "AHP2_depth_from_peak.Step0.8": 1.0907630793543839, 
    "inv_last_ISI.Step1.0": 14.6700669027279, 
    "AP_rise_time.Step0.8": 6.585817251791609, 
    "voltage_deflection_begin.Step-0.2": 4.363540207244134, 
    "AP_duration_half_width.Step0.8": 0.7454008944691717, 
    "AP2_begin_voltage.Step1.0": 1.3183639334893564, 
    "Spikecount.Step0.8": 9.0465618624745, 
    "Spikecount.Step0.6": 7.044097895836442, 
    "Spikecount.Step0.4": 8.038939790575915, 
    "Spikecount.Step0.2": 11.82724028166297, 
    "AP_fall_time.Step1.0": 8.988028169014365, 
    "inv_first_ISI.Step0.4": 0.9818308289354197, 
    "voltage_deflection_vb_ssse.Step-0.8": 15.194250429902604, 
    "inv_first_ISI.Step0.6": 0.4885263715414893, 
    "voltage_base.Step-0.2": 0.31350749299279734, 
    "inv_first_ISI.Step0.2": 2.219935270168409, 
    "voltage_deflection_vb_ssse.Step-0.2": 7.706737217211152, 
    "voltage_deflection_vb_ssse.Step-0.6": 14.228289005858812, 
    "AP_begin_voltage.Step1.0": 2.615355851557988, 
    "sag_ratio2.Step-1.0": 3.2335285456444334, 
    "AP_rise_rate.Step0.8": 2.775774530635952, 
    "steady_state_voltage.Step0.4": 0.05031163909215569, 
    "steady_state_voltage.Step0.6": 0.09902337930417267, 
    "inv_time_to_first_spike.Step0.8": 2.496878850677418, 
    "ISI_values.Step0.8": 1.28619551436529, 
    "inv_time_to_first_spike.Step1.0": 2.2225627710189317, 
    "inv_time_to_first_spike.Step0.4": 3.1751704290352647, 
    "Spikecount_stimint.Step0.4": 8.038939790575915, 
    "inv_time_to_first_spike.Step0.6": 2.8968026548222827, 
    "steady_state_voltage.Step0.8": 0.4184800577309288, 
    "inv_time_to_first_spike.Step0.2": 3.341360698325739, 
    "minimum_voltage.Step-0.4": 2.8360024406502164, 
    "steady_state_voltage.Step-0.8": 3.768562818201211, 
    "minimum_voltage.Step-0.6": 7.020336432682837, 
    "min_AHP_values.Step0.8": 2.189142843217689, 
    "minimum_voltage.Step-0.2": 1.6142941181498836, 
    "sag_ratio1.Step-1.0": 3.2335285456444334, 
    "minimum_voltage.Step-0.8": 8.140002510437535, 
    "steady_state_voltage.Step-0.4": 1.5404542509049521, 
    "steady_state_voltage.Step-0.6": 2.6058888299182694, 
    "APlast_amp.Step0.8": 2.7158233441370414, 
    "sag_ratio2.Step-0.2": 2.730918415991999, 
    "AP_duration_half_width_change.Step1.0": 1.8334664749526386, 
    "sag_ratio2.Step-0.6": 3.4387962160247265, 
    "sag_ratio2.Step-0.4": 1.638084612715614, 
    "sag_ratio2.Step-0.8": 3.2508656549266686, 
    "AP_fall_rate.Step1.0": 4.418688767952374, 
    "maximum_voltage_from_voltagebase.Step1.0": 0.47419914549696224, 
    "AP_amplitude.Step0.8": 4.029230828328654, 
    "AHP_depth_abs.Step1.0": 2.84214704584486, 
    "amp_drop_first_second.Step1.0": 4.321631327273113, 
    "number_initial_spikes.Step1.0": 2.1090789617785566, 
    "voltage_deflection_vb_ssse.Step-0.4": 12.126871854324786, 
    "time_to_last_spike.Step0.8": 1.142196017274075, 
    "AP1_peak.Step1.0": 0.36921629287410684, 
    "irregularity_index.Step0.8": 1.0041135530626535, 
    "AP_height.Step1.0": 2.724045018785665, 
    "AP2_begin_width.Step0.8": 0.7916201117329021, 
    "amp_drop_second_last.Step1.0": 3.8878892601721744, 
    "min_voltage_between_spikes.Step1.0": 2.9378254920034346, 
    "fast_AHP_change.Step0.8": 2.0125242823907556, 
    "AP_rise_rate_change.Step1.0": 3.1551642652033816, 
    "AHP2_depth_from_peak.Step1.0": 2.496358195306853, 
    "AP_width.Step0.8": 3.529246903525488, 
    "voltage_deflection.Step-0.4": 12.250410956731265, 
    "AP_duration_half_width.Step1.0": 3.0179349647907787, 
    "time_to_last_spike.Step1.0": 1.578897479071778, 
    "AHP_depth_abs.Step0.8": 2.189142843217689, 
    "min_AHP_values.Step1.0": 2.84214704584486, 
    "steady_state_hyper.Step-0.6": 9.377434113994735, 
    "steady_state_hyper.Step-0.4": 6.6313886089961755, 
    "maximum_voltage.Step1.0": 0.368222427615171, 
    "time_to_second_spike.Step1.0": 0.8143475404612633, 
    "steady_state_hyper.Step-0.8": 11.325300778266719, 
    "AP_fall_time.Step0.8": 8.457598656593843, 
    "time_to_second_spike.Step0.8": 0.7809429723585349, 
    "spike_width2.Step0.8": 4.3002872514434545, 
    "ISI_values.Step1.0": 2.2119539303031654, 
    "AP_rise_rate.Step1.0": 3.073804644238562, 
    "sag_ratio1.Step-0.6": 3.4387962160247256, 
    "minimum_voltage.Step-1.0": 8.727940629873212, 
    "sag_ratio1.Step-0.4": 1.6380846127156137, 
    "sag_ratio1.Step-0.2": 2.730918415991999, 
    "voltage_after_stim.Step0.6": 0.03535494941969033, 
    "voltage_after_stim.Step0.4": 0.09604318524751272, 
    "inv_second_ISI.Step0.4": 2.6223604904840396, 
    "voltage_after_stim.Step0.8": 0.1755161697133962, 
    "steady_state_voltage.Step-1.0": 4.799579657395435, 
    "sag_ratio1.Step-0.8": 3.2508656549266672, 
    "maximum_voltage.Step0.4": 0.5923175199544555, 
    "steady_state_voltage_stimend.Step-0.8": 11.2569779112342, 
    "APlast_amp.Step1.0": 4.294361109086305, 
    "spike_width2.Step1.0": 10.541387116025836, 
    "mean_frequency.Step0.8": 8.041080251539547, 
    "inv_third_ISI.Step0.8": 2.9961920419201924, 
    "steady_state_voltage.Step0.2": 0.14512131393565458, 
    "irregularity_index.Step1.0": 0.6761065835440551,