{
    "AP_fall_time.Step0.8": 8.457598656593843,
    "AP2_begin_width.Step0.8": 0.7916201117329021,
    "sag_ratio1.Step-0.2": 2.730918415991999,
    "voltage_after_stim.Step-0.2": 0.4184341390152164,
    "AP2_peak.Step1.0": 1.0669261341622873,
    "AP2_begin_width.Step1.0": 1.2528461255979795,
    "inv_time_to_first_spike.Step0.4": 3.1751704290352647,
    "AP_rise_time.Step0.8": 6.585817251791609,
    "steady_state_voltage_stimend.Step-0.8": 11.2569779112342,
    "AP_width.Step1.0": 0.19749476571601884,
    "AP_width.Step0.8": 3.529246903525488,
    "sag_ratio1.Step-1.0": 3.2335285456444334,
    "AP_rise_rate.Step1.0": 3.073804644238562,
    "sag_amplitude.Step-0.2": 0.6718244742701731,
    "sag_ratio2.Step-0.8": 3.2508656549266686,
    "AP_amplitude_change.Step1.0": 6.882061811030482,
    "steady_state_voltage.Step0.8": 0.4184800577309288,
    "inv_fifth_ISI.Step0.4": 6.838963888386062,
    "voltage_deflection.Step-0.6": 14.4768518709286,
    "AP_begin_width.Step0.8": 2.846028962912681,
    "voltage_after_stim.Step1.0": 0.24621548561059026,
    "inv_second_ISI.Step0.4": 2.6223604904840396,
    "AP_duration_change.Step0.8": 7.771911663220413,
    "AP_rise_rate_change.Step1.0": 3.1551642652033816,
    "AP_rise_time.Step1.0": 10.018875860968606,
    "sag_ratio1.Step-0.6": 3.4387962160247256,
    "voltage_base.Step1.0": 0.17752074308313803,
    "irregularity_index.Step0.8": 1.0041135530626535,
    "steady_state_hyper.Step-0.4": 6.6313886089961755,
    "voltage_deflection_vb_ssse.Step-0.6": 14.228289005858812,
    "steady_state_voltage.Step-0.4": 1.5404542509049521,
    "voltage_base.Step-0.6": 0.2847701484208431,
    "spike_half_width.Step0.8": 5.431193759700443,
    "voltage_deflection_vb_ssse.Step-0.4": 12.126871854324786,
    "AP2_begin_voltage.Step0.8": 1.0323225432159662,
    "steady_state_voltage.Step-0.8": 3.768562818201211,
    "maximum_voltage.Step0.4": 0.5923175199544555,
    "inv_last_ISI.Step0.6": 9.79094189009023,
    "AP2_peak.Step0.8": 0.4748965680895094,
    "max_amp_difference.Step0.8": 2.315416197993835,
    "voltage_base.Step0.8": 0.22806400675925426,
    "inv_third_ISI.Step0.6": 3.202384111109649,
    "AHP2_depth_from_peak.Step1.0": 2.496358195306853,
    "inv_third_ISI.Step0.2": 10.674748577186746,
    "Spikecount.Step0.4": 8.038939790575915,
    "steady_state_voltage_stimend.Step-0.6": 9.326483391992186,
    "voltage_deflection_vb_ssse.Step-1.0": 15.574603752726267,
    "max_amp_difference.Step1.0": 4.660646214030555,
    "voltage_after_stim.Step-0.4": 0.7391911537465137,
    "min_voltage_between_spikes.Step0.8": 2.3424020874244134,
    "voltage_after_stim.Step0.8": 0.1755161697133962,
    "Spikecount_stimint.Step0.2": 11.82724028166297,
    "Spikecount_stimint.Step1.0": 1.8778275645604694,
    "time_to_last_spike.Step1.0": 1.578897479071778,
    "AP_fall_rate.Step0.8": 4.648505450939537,
    "steady_state_hyper.Step-0.2": 2.9025896818976133,
    "AP_height.Step1.0": 2.724045018785665,
    "inv_third_ISI.Step1.0": 4.443771121999984,
    "sag_amplitude.Step-0.8": 2.206424414385561,
    "time_to_second_spike.Step1.0": 0.8143475404612633,
    "inv_fifth_ISI.Step1.0": 5.9071041238528945,
    "sag_amplitude.Step-0.4": 0.6596854461090633,
    "maximum_voltage_from_voltagebase.Step0.4": 0.6441199614213909,
    "voltage_deflection_vb_ssse.Step-0.8": 15.194250429902604,
    "inv_third_ISI.Step0.8": 2.9961920419201924,
    "Spikecount_stimint.Step0.6": 7.044097895836442,
    "AHP_depth_abs.Step0.8": 2.189142843217689,
    "AP_begin_voltage.Step0.8": 1.8070384781905589,
    "AP_amplitude_change.Step0.8": 5.854417796485372,
    "AHP_depth_abs.Step1.0": 2.84214704584486,
    "AP_fall_rate.Step1.0": 4.418688767952374,
    "AP_duration_half_width_change.Step0.8": 3.524617150783899,
    "inv_first_ISI.Step0.8": 0.22138223671032603,
    "voltage_base.Step0.2": 0.34649788514565183,
    "voltage_deflection_begin.Step-0.8": 6.168867966801657,
    "inv_fourth_ISI.Step0.4": 5.601696641000615,
    "AHP_depth_diff.Step0.8": 1.0119595220046036,
    "AHP_depth.Step0.8": 3.395559838971311,
    "fast_AHP_change.Step0.8": 2.0125242823907556,
    "AP_duration_half_width.Step1.0": 3.0179349647907787,
    "Spikecount.Step0.6": 7.044097895836442,
    "AHP2_depth_from_peak.Step0.8": 1.0907630793543839,
    "inv_first_ISI.Step0.4": 0.9818308289354197,
    "sag_ratio2.Step-0.6": 3.4387962160247265,
    "spike_width2.Step0.8": 4.3002872514434545,
    "inv_second_ISI.Step1.0": 1.1439110608368381,
    "inv_first_ISI.Step0.2": 2.219935270168409,
    "amp_drop_first_last.Step1.0": 4.851885749703472,
    "sag_ratio2.Step-0.4": 1.638084612715614,
    "maximum_voltage.Step0.8": 0.20951039461028745,
    "number_initial_spikes.Step0.2": 3.294866745437836,
    "AP2_AP1_peak_diff.Step1.0": 4.321631327273113,
    "inv_last_ISI.Step0.4": 10.29718938900909,
    "inv_fourth_ISI.Step0.2": 13.563560719785531,
    "doublet_ISI.Step1.0": 0.4040028959102476,
    "voltage_after_stim.Step-0.8": 1.8673165293700362,
    "number_initial_spikes.Step0.8": 1.3683861336871785,
    "steady_state_voltage.Step-0.6": 2.6058888299182694,
    "steady_state_voltage.Step1.0": 0.4495471166334538,
    "APlast_amp.Step0.8": 2.7158233441370414,
    "APlast_amp.Step1.0": 4.294361109086305,
    "min_AHP_values.Step1.0": 2.84214704584486,
    "AP_amplitude.Step0.8": 4.029230828328654,
    "sag_amplitude.Step-1.0": 1.9930408577509546,
    "AP_duration_change.Step1.0": 8.031082705129515,
    "steady_state_voltage_stimend.Step-0.4": 6.57444101995998,
    "maximum_voltage_from_voltagebase.Step1.0": 0.47419914549696224,
    "Spikecount.Step0.8": 9.0465618624745,
    "minimum_voltage.Step-0.4": 2.8360024406502164,
    "time_to_first_spike.Step1.0": 0.9973650911560438,
    "inv_fourth_ISI.Step0.6": 4.053325301315005,
    "spike_half_width.Step1.0": 11.435070008868607,
    "voltage_deflection_begin.Step-1.0": 6.606717660014581,
    "steady_state_voltage.Step0.4": 0.05031163909215569,
    "inv_first_ISI.Step0.6": 0.4885263715414893,
    "time_to_second_spike.Step0.8": 0.7809429723585349,
    "Spikecount_stimint.Step0.8": 9.0465618624745,
    "AP1_peak.Step0.8": 0.20951039461028745,
    "doublet_ISI.Step0.8": 0.5503878320841619,
    "AP_duration.Step1.0": 2.0346317654816946,
    "AP2_amp.Step1.0": 2.966164079125694,
    "steady_state_hyper.Step-0.8": 11.325300778266719,
    "AP2_begin_voltage.Step1.0": 1.3183639334893564,
    "irregularity_index.Step1.0": 0.6761065835440551,
    "fast_AHP.Step0.8": 0.30438640302767733,
    "voltage_after_stim.Step0.2": 0.2136259328501848,
    "AHP_depth.Step1.0": 4.2639412921497835,
    "AP_rise_rate_change.Step0.8": 0.15158114818820786,
    "number_initial_spikes.Step0.4": 1.8498931127428198,
    "inv_time_to_first_spike.Step0.6": 2.8968026548222827,
    "minimum_voltage.Step-0.8": 8.140002510437535,
    "voltage_deflection_begin.Step-0.6": 5.882133575456443,
    "Spikecount.Step1.0": 1.8778275645604694,
    "steady_state_voltage.Step-0.2": 0.6917693568156602,
    "AP2_width.Step1.0": 2.3561061694838257,
    "AHP_time_from_peak.Step1.0": 4.752633490727933,
    "sag_amplitude.Step-0.6": 2.2977898408659563,
    "inv_fourth_ISI.Step0.8": 4.2828855181956405,
    "steady_state_hyper.Step-0.6": 9.377434113994735,
    "voltage_deflection.Step-0.8": 15.014391303623023,
    "peak_voltage.Step1.0": 2.724045018785665,
    "maximum_voltage_from_voltagebase.Step0.2": 1.2051538615281123,
    "voltage_deflection.Step-1.0": 15.825324110232904,
    "ISI_values.Step0.8": 1.28619551436529,
    "voltage_deflection.Step-0.2": 7.601445679963992,
    "AP2_width.Step0.8": 1.827684125957325,
    "AP_duration_half_width_change.Step1.0": 1.8334664749526386,
    "inv_third_ISI.Step0.4": 4.484340470348671,
    "AP_amplitude_from_voltagebase.Step1.0": 2.670312498062036,
    "voltage_deflection_begin.Step-0.4": 5.378254362748678,
    "voltage_deflection.Step-0.4": 12.250410956731265,
    "minimum_voltage.Step-1.0": 8.727940629873212,
    "AP_begin_width.Step1.0": 2.407557730623452,