{
    "AP2_amp.Step0.15": NaN, 
    "decay_time_constant_after_stim.Step0.15": 1.5187069179031216, 
    "AP_begin_voltage.Step0.2": NaN, 
    "doublet_ISI.Step0.15": NaN, 
    "peak_voltage.Step0.25": 5.281912221842646, 
    "AP_duration_half_width.Step0.15": NaN, 
    "AHP_time_from_peak.Step0.15": NaN, 
    "inv_third_ISI.Step0.25": 5.004239919740112, 
    "irregularity_index.Step0.25": 4.964122770634591, 
    "inv_time_to_first_spike.Step0.15": 9.952343602936564, 
    "voltage_base.Step-0.2": 3.1225094378496645, 
    "inv_first_ISI.Step0.25": 2.98046288072671, 
    "spike_width2.Step0.2": NaN, 
    "AP_amplitude_from_voltagebase.Step0.25": 5.380414546013358, 
    "spike_half_width.Step0.15": NaN, 
    "voltage_deflection.Step-0.25": 0.7610791994046825, 
    "steady_state_voltage_stimend.Step-0.25": 1.4119438416904189, 
    "amp_drop_first_last.Step0.2": NaN, 
    "mean_frequency.Step0.15": NaN, 
    "AHP_depth_diff.Step0.25": 5.346660278513611, 
    "AP_begin_width.Step0.25": 0.7082918130818843, 
    "steady_state_hyper.Step-0.1": 2.4607532281239313, 
    "AP_fall_rate.Step0.25": 5.897167099422623, 
    "AP1_peak.Step0.15": NaN, 
    "AP2_width.Step0.15": NaN, 
    "time_to_last_spike.Step0.15": 13.334667257178408, 
    "AP_duration_half_width_change.Step0.2": NaN, 
    "spike_width2.Step0.25": 3.1693507980176467, 
    "voltage_base.Step0.2": 0.9379207563483501, 
    "AHP1_depth_from_peak.Step0.2": NaN, 
    "AP2_begin_width.Step0.15": NaN, 
    "AP_rise_time.Step0.25": 10.262327416152043, 
    "AP_fall_rate.Step0.2": NaN, 
    "voltage_after_stim.Step-0.25": 2.103104946898579, 
    "inv_fifth_ISI.Step0.1": 0.5, 
    "inv_fifth_ISI.Step0.2": 3.7948769972102463, 
    "voltage_base.Step-0.25": 3.1964208640943346, 
    "min_voltage_between_spikes.Step0.2": NaN, 
    "AP2_peak.Step0.2": NaN, 
    "decay_time_constant_after_stim.Step0.25": 2.0741759551800882, 
    "amp_drop_first_second.Step0.2": NaN, 
    "inv_second_ISI.Step0.25": 1.0107036006627677, 
    "maximum_voltage_from_voltagebase.Step0.1": 1.607319534062432, 
    "inv_last_ISI.Step0.15": 2.695599335646867, 
    "inv_fifth_ISI.Step0.25": 4.0829262704008835, 
    "mean_frequency.Step0.25": 2.0630688899252663, 
    "ISI_semilog_slope.Step0.25": NaN, 
    "AHP1_depth_from_peak.Step0.15": NaN, 
    "amp_drop_second_last.Step0.2": NaN, 
    "AP1_peak.Step0.2": NaN, 
    "number_initial_spikes.Step0.2": 8.00225056264066, 
    "maximum_voltage_from_voltagebase.Step0.25": 5.341252607961124, 
    "AP_duration.Step0.15": NaN, 
    "inv_fifth_ISI.Step0.15": 1.3801822628099805, 
    "AHP2_depth_from_peak.Step0.25": 5.266404501021593, 
    "APlast_amp.Step0.2": NaN, 
    "voltage_after_stim.Step0.25": 0.2990397108043432, 
    "AHP2_depth_from_peak.Step0.2": NaN, 
    "Spikecount.Step0.15": 3.1896424815983178, 
    "decay_time_constant_after_stim.Step-0.05": 1.5356547253274375, 
    "time_to_first_spike.Step0.2": NaN, 
    "AP_rise_time.Step0.2": NaN, 
    "irregularity_index.Step0.15": NaN, 
    "min_AHP_values.Step0.25": 0.6181176576754055, 
    "voltage_deflection.Step-0.15": 0.974205429533212, 
    "time_to_last_spike.Step0.25": 41.738205208791214, 
    "voltage_deflection_vb_ssse.Step-0.1": 0.8610263237419108, 
    "voltage_after_stim.Step-0.15": 2.6078552202164635, 
    "AP1_peak.Step0.25": 5.250754785533523, 
    "AP_duration_half_width.Step0.2": NaN, 
    "voltage_deflection_begin.Step-0.25": 0.39910749657027456, 
    "Spikecount.Step0.2": 4.855813706204477, 
    "Spikecount.Step0.1": 1.2461059190031152, 
    "Spikecount_stimint.Step0.15": 3.1896424815983178, 
    "AP_rise_rate_change.Step0.25": 0.8243219279492362, 
    "inv_first_ISI.Step0.1": 0.6617676236947112, 
    "voltage_after_stim.Step-0.1": 2.666932274283193, 
    "inv_first_ISI.Step0.2": 2.9984289014912835, 
    "burst_mean_freq.Step0.25": NaN, 
    "spike_width2.Step0.15": NaN, 
    "fast_AHP_change.Step0.25": NaN, 
    "AHP_depth_from_peak.Step0.2": NaN, 
    "Spikecount_stimint.Step0.2": 4.855813706204477, 
    "time_to_first_spike.Step0.15": NaN, 
    "max_amp_difference.Step0.25": 0.09615992980450855, 
    "steady_state_voltage.Step0.1": 0.7299789499999763, 
    "time_constant.Step-0.25": 5.979768851907374, 
    "ISI_log_slope_skip.Step0.2": NaN, 
    "steady_state_voltage.Step0.2": 0.08955332104951041, 
    "voltage_base.Step-0.1": 2.6704746786371647, 
    "voltage_deflection.Step-0.2": 1.0852709117802213, 
    "AP_rise_rate.Step0.2": NaN, 
    "single_burst_ratio.Step0.25": NaN, 
    "ISI_values.Step0.2": NaN, 
    "AP_width.Step0.25": 0.476060191507582, 
    "AHP_time_from_peak.Step0.25": 0.22550532472531373, 
    "AP_duration.Step0.25": 8.116164720351458, 
    "voltage_base.Step0.05": 1.135991144892044, 
    "peak_voltage.Step0.15": NaN, 
    "minimum_voltage.Step-0.1": 1.3767134912018009, 
    "minimum_voltage.Step-0.2": 1.1950745770749798, 
    "AP_begin_voltage.Step0.15": NaN, 
    "steady_state_voltage.Step-0.1": 3.6067952675683923, 
    "AP_rise_rate.Step0.15": NaN, 
    "AP_amplitude_change.Step0.15": NaN, 
    "AP_height.Step0.25": 5.281912221842646, 
    "sag_ratio2.Step-0.2": 2.4783542867073116, 
    "sag_ratio2.Step-0.1": 3.366705808627389, 
    "decay_time_constant_after_stim.Step-0.1": 1.69451183873053, 
    "decay_time_constant_after_stim.Step-0.2": 2.0711917299625098, 
    "sag_amplitude.Step-0.15": 2.429831606010909, 
    "AHP_depth.Step0.2": NaN, 
    "inv_fourth_ISI.Step0.15": 1.6510882117793375, 
    "sag_ratio1.Step-0.15": 3.374552869771985, 
    "doublet_ISI.Step0.2": NaN, 
    "AHP_depth_abs.Step0.15": NaN, 
    "ISI_values.Step0.15": NaN, 
    "time_to_last_spike.Step0.2": 33.515250740647446, 
    "AP_rise_rate_change.Step0.15": NaN, 
    "sag_amplitude.Step-0.05": 4.650408344561815, 
    "AP_amplitude.Step0.2": NaN, 
    "voltage_deflection_vb_ssse.Step-0.25": 0.767125621232862, 
    "spike_half_width.Step0.25": 4.673911190429675, 
    "AP2_begin_width.Step0.2": NaN, 
    "AP2_peak.Step0.15": NaN, 
    "maximum_voltage_from_voltagebase.Step0.05": 1.4453116938625163, 
    "AP2_amp.Step0.25": 7.984774563718762, 
    "number_initial_spikes.Step0.15": 0.9129005751848809, 
    "AP_amplitude_from_voltagebase.Step0.15": NaN, 
    "AP_width.Step0.15": NaN, 
    "burst_mean_freq.Step0.2": NaN, 
    "AP_begin_voltage.Step0.25": 2.6562513060282003, 
    "voltage_base.Step0.15": 1.1489876537999457, 
    "voltage_base.Step0.25": 0.5235577692870695, 
    "AHP_depth.Step0.25": 0.6048344082819544, 
    "APlast_amp.Step0.15": NaN, 
    "voltage_deflection_begin.Step-0.1": 0.4711326280363555, 
    "voltage_base.Step-0.05": 2.7574405446473382, 
    "AP_amplitude.Step0.25": 8.29582910991841, 
    "initburst_sahp_ssse.Step0.25": NaN, 
    "AHP_depth_diff.Step0.2": NaN, 
    "amp_drop_second_last.Step0.25": 0.23046242361523578, 
    "initburst_sahp.Step0.25": NaN, 
    "voltage_base.Step-0.15": 2.8804942679362933, 
    "steady_state_voltage.Step-0.2": 3.755563849710146, 
    "AHP_depth_abs.Step0.2": NaN, 
    "AP_duration_change.Step0.25": 0.5654977831519549, 
    "AP_width.Step0.2": NaN, 
    "steady_state_voltage_stimend.Step-0.1": 2.4288733830631126, 
    "sag_ratio1.Step-0.05": 6.786419279277291, 
    "steady_state_hyper.Step-0.2": 1.8817333297164944, 
    "inv_third_ISI.Step0.15": 1.78034990212528, 
    "Spikecount.Step0.25": 4.504729985404616, 
    "AHP_depth_abs.Step0.25": 0.6181176576754055, 
    "AP_fall_time.Step0.2": NaN, 
    "voltage_after_stim.Step-0.05": 2.859541397964325, 
    "AP_rise_rate.Step0.25": 6.055302386345244, 
    "ISI_CV.Step0.25": NaN, 
    "ISI_values.Step0.25": 0.4444229217148743, 
    "AHP_depth_from_peak.Step0.25": 5.2704562732455225, 
    "inv_second_ISI.Step0.15": 2.8610258428440245, 
    "AP_fall_time.Step0.15": NaN, 
    "AP2_width.Step0.25": 3.002261446209869, 
    "AHP2_depth_from_peak.Step0.15": NaN, 
    "AP_fall_time.Step0.25": 9.765517241379793, 
    "minimum_voltage.Step-0.05": 1.8836345594915287, 
    "ISI_log_slope.Step0.25": NaN, 
    "AHP_depth_diff.Step0.15": NaN,