{
    "ISI_values.Step0.15": NaN,
    "Spikecount.Step0.25": 4.504729985404616,
    "inv_first_ISI.Step0.1": 0.6617676236947112,
    "ISI_log_slope.Step0.25": NaN,
    "adaptation_index2.Step0.25": NaN,
    "time_to_first_spike.Step0.25": 13.668389748741083,
    "AHP1_depth_from_peak.Step0.15": NaN,
    "voltage_deflection.Step-0.05": 0.8941734314762382,
    "AP_rise_time.Step0.25": 10.262327416152043,
    "irregularity_index.Step0.2": NaN,
    "voltage_deflection_vb_ssse.Step-0.1": 0.8610116615617461,
    "irregularity_index.Step0.15": NaN,
    "spike_half_width.Step0.15": NaN,
    "decay_time_constant_after_stim.Step-0.2": 2.071178899130906,
    "fast_AHP.Step0.15": NaN,
    "AHP2_depth_from_peak.Step0.2": NaN,
    "inv_fifth_ISI.Step0.15": 1.3801822628099805,
    "voltage_base.Step-0.25": 3.1964202246231,
    "minimum_voltage.Step-0.15": 1.2555931087704733,
    "AP2_amp.Step0.25": 7.977003181225552,
    "ISI_semilog_slope.Step0.2": NaN,
    "AP_rise_time.Step0.2": NaN,
    "min_voltage_between_spikes.Step0.2": NaN,
    "inv_time_to_first_spike.Step0.15": 9.952343602936564,
    "steady_state_voltage.Step-0.05": 3.385945053002551,
    "voltage_base.Step-0.1": 2.67047410179097,
    "inv_fourth_ISI.Step0.2": 3.312675965526876,
    "AP_duration_change.Step0.15": NaN,
    "voltage_base.Step-0.05": 2.757439929894745,
    "amp_drop_first_last.Step0.2": NaN,
    "steady_state_voltage.Step0.15": 0.6697938387133892,
    "voltage_after_stim.Step0.15": 0.8421441504506073,
    "AP_amplitude.Step0.25": 8.286392935298512,
    "APlast_amp.Step0.2": NaN,
    "time_constant.Step-0.1": 1.7454936390753075,
    "AP_fall_rate.Step0.2": NaN,
    "initburst_sahp.Step0.25": NaN,
    "time_constant.Step-0.25": 5.979772734747401,
    "steady_state_voltage.Step0.05": 0.8809849518607606,
    "voltage_after_stim.Step-0.25": 2.103117242019904,
    "voltage_deflection_begin.Step-0.1": 0.47113882052770023,
    "decay_time_constant_after_stim.Step0.05": 0.7737131452523217,
    "AP2_AP1_peak_diff.Step0.15": NaN,
    "AP_begin_width.Step0.25": 0.6820684953077434,
    "AP2_begin_voltage.Step0.15": NaN,
    "steady_state_voltage_stimend.Step-0.05": 2.9517902488096652,
    "Spikecount.Step0.1": 1.2461059190031152,
    "steady_state_voltage.Step-0.15": 3.8485198638987685,
    "inv_last_ISI.Step0.2": 4.118213159485646,
    "voltage_base.Step0.05": 1.1359907674469367,
    "sag_ratio1.Step-0.1": 3.3667126617384606,
    "AP_begin_voltage.Step0.15": NaN,
    "AP2_begin_voltage.Step0.25": 2.467680744963005,
    "time_to_first_spike.Step0.2": NaN,
    "voltage_after_stim.Step0.05": 1.1094452979841398,
    "AP_duration_half_width_change.Step0.15": NaN,
    "time_to_second_spike.Step0.2": NaN,
    "inv_time_to_first_spike.Step0.2": 5.768239030702271,
    "voltage_deflection.Step-0.2": 1.085262669215474,
    "voltage_deflection_vb_ssse.Step-0.15": 0.9625395883627251,
    "AP2_begin_width.Step0.2": NaN,
    "number_initial_spikes.Step0.15": 0.9129005751848809,
    "voltage_base.Step0.25": 0.5235574399166729,
    "fast_AHP_change.Step0.25": NaN,
    "steady_state_voltage.Step0.1": 0.72998211951132,
    "amp_drop_first_last.Step0.25": 0.48420169172953387,
    "doublet_ISI.Step0.2": NaN,
    "voltage_base.Step0.15": 1.1489873019882082,
    "AP1_peak.Step0.2": NaN,
    "AP_amplitude_from_voltagebase.Step0.2": NaN,
    "burst_mean_freq.Step0.25": NaN,
    "inv_second_ISI.Step0.25": 1.0107036006627677,
    "voltage_deflection_vb_ssse.Step-0.25": 0.7671196532683872,
    "initburst_sahp_ssse.Step0.25": NaN,
    "steady_state_hyper.Step-0.15": 2.0793413072400564,
    "time_constant.Step-0.05": 0.11273806646124616,
    "AP2_peak.Step0.2": NaN,
    "fast_AHP.Step0.25": 4.799621340783722,
    "AP1_peak.Step0.25": 5.251629440419964,
    "AHP_depth_from_peak.Step0.25": 5.27066541001754,
    "amp_drop_second_last.Step0.15": NaN,
    "number_initial_spikes.Step0.25": 14.50337584396099,
    "decay_time_constant_after_stim.Step-0.15": 2.085636362802557,
    "mean_frequency.Step0.15": NaN,
    "fast_AHP.Step0.2": NaN,
    "AP_begin_width.Step0.15": NaN,
    "steady_state_voltage.Step0.2": 0.08953189426479086,
    "sag_ratio1.Step-0.2": 2.4783615826264613,
    "fast_AHP_change.Step0.2": NaN,
    "AHP_depth.Step0.2": NaN,
    "doublet_ISI.Step0.25": 6.1934959349492775,
    "Spikecount_stimint.Step0.15": 3.1896424815983178,
    "inv_last_ISI.Step0.25": 1.6802274043947425,
    "inv_fourth_ISI.Step0.1": 0.50003543837267,
    "ISI_values.Step0.25": 0.4444229217148743,
    "AHP_depth_diff.Step0.25": 5.346114939208127,
    "AHP_time_from_peak.Step0.25": 0.22550532472531373,
    "steady_state_voltage_stimend.Step-0.2": 1.862716622601867,
    "AP_height.Step0.25": 5.282066323404243,
    "spike_width2.Step0.15": NaN,
    "sag_ratio1.Step-0.05": 6.78642918969658,
    "ISI_CV.Step0.2": NaN,
    "sag_amplitude.Step-0.15": 2.4298429999343365,
    "steady_state_voltage_stimend.Step-0.15": 2.0441259263244222,
    "voltage_after_stim.Step0.2": 0.35880061025920845,
    "AP_duration.Step0.2": NaN,
    "AP_rise_rate_change.Step0.25": 0.8432323605774686,
    "time_to_last_spike.Step0.25": 41.738205208791214,
    "peak_voltage.Step0.25": 5.282066323404243,
    "decay_time_constant_after_stim.Step0.15": 1.5186554636566874,
    "number_initial_spikes.Step0.2": 8.00225056264066,
    "inv_third_ISI.Step0.15": 1.78034990212528,
    "AHP_depth_abs.Step0.2": NaN,
    "AP2_begin_voltage.Step0.2": NaN,
    "voltage_base.Step-0.2": 3.1225088042381266,
    "AP2_width.Step0.2": NaN,
    "decay_time_constant_after_stim.Step0.1": 0.2833091092074924,
    "inv_last_ISI.Step0.1": 0.725294342231532,
    "AHP_depth_abs.Step0.25": 0.6179302253464978,
    "AP_rise_rate.Step0.2": NaN,
    "maximum_voltage.Step0.2": 15.391980655708128,
    "inv_fourth_ISI.Step0.25": 4.880300314603362,
    "Spikecount_stimint.Step0.2": 4.855813706204477,
    "AP2_amp.Step0.2": NaN,
    "decay_time_constant_after_stim.Step-0.1": 1.694490933873009,
    "adaptation_index2.Step0.2": NaN,
    "AHP2_depth_from_peak.Step0.25": 5.267460611346736,
    "voltage_deflection_vb_ssse.Step-0.2": 1.0851732078434875,
    "inv_first_ISI.Step0.2": 2.9984289014912835,
    "AP_fall_rate.Step0.15": NaN,
    "voltage_deflection.Step-0.1": 0.8206566816264256,
    "Spikecount_stimint.Step0.25": 4.504729985404616,
    "Spikecount.Step0.15": 3.1896424815983178,
    "AP_duration.Step0.25": 8.116164720351458,
    "sag_ratio2.Step-0.1": 3.3667126617384606,
    "AP_begin_width.Step0.2": NaN,
    "steady_state_voltage_stimend.Step-0.1": 2.4288597455373266,
    "AP_duration_change.Step0.25": 0.5654977831519549,
    "sag_ratio2.Step-0.2": 2.478361582626464,
    "AP2_AP1_peak_diff.Step0.25": 0.03160527609328796,
    "amp_drop_first_second.Step0.15": NaN,
    "AP_duration.Step0.15": NaN,
    "AP_rise_rate.Step0.15": NaN,
    "amp_drop_first_second.Step0.25": 0.03160527609328796,
    "AP_fall_time.Step0.2": NaN,
    "AP2_peak.Step0.25": 5.232737141124878,
    "ISI_semilog_slope.Step0.25": NaN,
    "inv_fifth_ISI.Step0.25": 4.0829262704008835,
    "steady_state_hyper.Step-0.05": 3.0170274911543205,
    "AP_amplitude_change.Step0.15": NaN,
    "sag_ratio2.Step-0.05": 6.786429189696579,
    "AP2_peak.Step0.15": NaN,
    "AHP1_depth_from_peak.Step0.2": NaN,
    "AP_begin_voltage.Step0.2": NaN,
    "inv_time_to_first_spike.Step0.25": 3.807158178237551,
    "voltage_deflection.Step-0.25": 0.7610732526869746,
    "voltage_deflection_begin.Step-0.05": 0.5300067593149995,
    "minimum_voltage.Step-0.25": 0.9239417272339359,
    "decay_time_constant_after_stim.Step0.2": 2.058175745419586,
    "AP_amplitude_change.Step0.25": 3.375123512313761,
    "AP_height.Step0.2": NaN,
    "AP_amplitude_from_voltagebase.Step0.15": NaN,
    "maximum_voltage_from_voltagebase.Step0.15": 16.18001524257271,
    "voltage_deflection_begin.Step-0.15": 0.39165896211425216,
    "spike_width2.Step0.25": 3.195483691399689,
    "decay_time_constant_after_stim.Step-0.05": 1.5356293089769817,
    "sag_ratio1.Step-0.15": 3.3745613149996356,