{
    "threshold_error": 0.46831510721495967,
    "prox_threshold_error": 0.45401837346247836,
    "dist_threshold_error": 0.597519947845734,
    "nonlin_at_th_error": 0.759971814186632,
    "nonlin_suprath_error": 0.14444935146636978,
    "peak_deriv_error": 0.6520589430218869,
    "amp_at_th_error": 0.1270604697860648,
    "time_to_peak_error": 3.449610337559727,
    "async_nonlin_error": 0.06397977812238663
}