{
    "threshold": 0.1465761962227909,
    "proximal_threshold": 0.1803822914313296,
    "distal_threshold": 0.3049091647054514,
    "peak_dV/dt_at_th": 0.44041031475220405,
    "degree_of_nonlinearity_at_th": 0.1981248836544492,
    "suprath_degree_of_nonlinearity": 0.771601593706509,
    "amplitude_at_th": 0.8426332801088731,
    "time_to_peak_at_th": 4.9068087885959405e-06,
    "asynch_degree_of_nonlin_at_th": 0.9050668768709172
}