{
    "distal_threshold": 0.04160554612252777,
    "asynch_degree_of_nonlin_at_th": 0.9789203900818341,
    "proximal_threshold": 0.005142072664825948,
    "degree_of_nonlinearity_at_th": 0.4673778026409159,
    "peak_dV/dt_at_th": 0.0407496377894345,
    "amplitude_at_th": 1.6238651181436517e-07,
    "threshold": 0.0009306690341392275,
    "suprath_degree_of_nonlinearity": 0.9930564400475101,
    "time_to_peak_at_th": 2.995899633527119e-13
}