{
    "AP2_amp.Step0.15": NaN, 
    "decay_time_constant_after_stim.Step0.15": 2.2838345578836954, 
    "AP_begin_voltage.Step0.2": NaN, 
    "doublet_ISI.Step0.15": NaN, 
    "peak_voltage.Step0.25": 0.42575307805053375, 
    "AP_duration_half_width.Step0.15": NaN, 
    "AHP_time_from_peak.Step0.15": NaN, 
    "inv_third_ISI.Step0.25": 5.004239919740112, 
    "irregularity_index.Step0.25": 4.964122770634591, 
    "inv_time_to_first_spike.Step0.15": 9.952343602936564, 
    "voltage_base.Step-0.2": 10.940758108346532, 
    "inv_first_ISI.Step0.25": 4.607304201739471, 
    "spike_width2.Step0.2": NaN, 
    "AP_amplitude_from_voltagebase.Step0.25": 1.2910374227456007, 
    "spike_half_width.Step0.15": NaN, 
    "voltage_deflection.Step-0.25": 0.07154708512043617, 
    "steady_state_voltage_stimend.Step-0.25": 2.4041370832417726, 
    "amp_drop_first_last.Step0.2": NaN, 
    "mean_frequency.Step0.15": NaN, 
    "AHP_depth_diff.Step0.25": 5.693706255263327, 
    "AP_begin_width.Step0.25": 0.26249541092148837, 
    "steady_state_hyper.Step-0.1": 5.913374592403501, 
    "AP_fall_rate.Step0.25": 2.628254296310467, 
    "AP1_peak.Step0.15": NaN, 
    "AP2_width.Step0.15": NaN, 
    "time_to_last_spike.Step0.15": 13.334667257178408, 
    "AP_duration_half_width_change.Step0.2": NaN, 
    "spike_width2.Step0.25": 2.2028273065660042, 
    "voltage_base.Step0.2": 5.005451933246918, 
    "AHP1_depth_from_peak.Step0.2": 2.9185318724042295, 
    "AP2_begin_width.Step0.15": NaN, 
    "AP_rise_time.Step0.25": 8.289940828382635, 
    "AP_fall_rate.Step0.2": 1.4150966517642498, 
    "voltage_after_stim.Step-0.25": 7.176781653988503, 
    "inv_fifth_ISI.Step0.1": 0.5, 
    "inv_fifth_ISI.Step0.2": 3.7948769972102463, 
    "voltage_base.Step-0.25": 11.086973402472758, 
    "min_voltage_between_spikes.Step0.2": NaN, 
    "AP2_peak.Step0.2": NaN, 
    "decay_time_constant_after_stim.Step0.25": 2.539059752548481, 
    "amp_drop_first_second.Step0.2": NaN, 
    "inv_second_ISI.Step0.25": 3.2279884227946116, 
    "maximum_voltage_from_voltagebase.Step0.1": 1.6090567527915092, 
    "inv_last_ISI.Step0.15": 2.695599335646867, 
    "inv_fifth_ISI.Step0.25": 4.0829262704008835, 
    "mean_frequency.Step0.25": 4.5065204184254855, 
    "ISI_semilog_slope.Step0.25": NaN, 
    "AHP1_depth_from_peak.Step0.15": NaN, 
    "amp_drop_second_last.Step0.2": NaN, 
    "AP1_peak.Step0.2": 0.3992865780158221, 
    "number_initial_spikes.Step0.2": 8.00225056264066, 
    "maximum_voltage_from_voltagebase.Step0.25": 1.475976269204941, 
    "AP_duration.Step0.15": NaN, 
    "inv_fifth_ISI.Step0.15": 1.3801822628099805, 
    "AHP2_depth_from_peak.Step0.25": 3.5240267583162384, 
    "APlast_amp.Step0.2": 2.470420441220282, 
    "voltage_after_stim.Step0.25": 4.506119469518715, 
    "AHP2_depth_from_peak.Step0.2": NaN, 
    "Spikecount.Step0.15": 3.1896424815983178, 
    "decay_time_constant_after_stim.Step-0.05": 2.312959744091173, 
    "time_to_first_spike.Step0.2": 3.2242906629705197, 
    "AP_rise_time.Step0.2": NaN, 
    "irregularity_index.Step0.15": NaN, 
    "min_AHP_values.Step0.25": 11.207751180868161, 
    "voltage_deflection.Step-0.15": 0.11049276196968771, 
    "time_to_last_spike.Step0.25": 8.100984209136172, 
    "voltage_deflection_vb_ssse.Step-0.1": 0.25518307745574226, 
    "voltage_after_stim.Step-0.15": 8.576363558692531, 
    "AP1_peak.Step0.25": 0.6302564154244532, 
    "AP_duration_half_width.Step0.2": NaN, 
    "voltage_deflection_begin.Step-0.25": 0.14341736916595138, 
    "Spikecount.Step0.2": 4.324153330852251, 
    "Spikecount.Step0.1": 1.2461059190031152, 
    "Spikecount_stimint.Step0.15": 3.1896424815983178, 
    "AP_rise_rate_change.Step0.25": 2.6421125566373735, 
    "inv_first_ISI.Step0.1": 0.6617676236947112, 
    "voltage_after_stim.Step-0.1": 9.200025279294941, 
    "inv_first_ISI.Step0.2": 2.9984289014912835, 
    "burst_mean_freq.Step0.25": NaN, 
    "spike_width2.Step0.15": NaN, 
    "fast_AHP_change.Step0.25": NaN, 
    "AHP_depth_from_peak.Step0.2": 3.40465073799975, 
    "Spikecount_stimint.Step0.2": 4.324153330852251, 
    "time_to_first_spike.Step0.15": NaN, 
    "max_amp_difference.Step0.25": 0.7093858590289306, 
    "steady_state_voltage.Step0.1": 5.165503395633276, 
    "time_constant.Step-0.25": 1.0948659047277955, 
    "ISI_log_slope_skip.Step0.2": NaN, 
    "steady_state_voltage.Step0.2": 4.468475520596284, 
    "voltage_base.Step-0.1": 9.788285401505187, 
    "voltage_deflection.Step-0.2": 0.06824998341561472, 
    "AP_rise_rate.Step0.2": NaN, 
    "single_burst_ratio.Step0.25": NaN, 
    "ISI_values.Step0.2": NaN, 
    "AP_width.Step0.25": 0.8180574555291588, 
    "AHP_time_from_peak.Step0.25": 1.698634051547679, 
    "AP_duration.Step0.25": 7.864167178834991, 
    "voltage_base.Step0.05": 5.793355370107931, 
    "peak_voltage.Step0.15": NaN, 
    "minimum_voltage.Step-0.1": 4.564217890008541, 
    "minimum_voltage.Step-0.2": 2.4129367937180994, 
    "AP_begin_voltage.Step0.15": NaN, 
    "steady_state_voltage.Step-0.1": 10.212557503913393, 
    "AP_rise_rate.Step0.15": NaN, 
    "AP_amplitude_change.Step0.15": NaN, 
    "AP_height.Step0.25": 0.42575307805053375, 
    "sag_ratio2.Step-0.2": 1.7554842692698158, 
    "sag_ratio2.Step-0.1": 1.9006347323728428, 
    "decay_time_constant_after_stim.Step-0.1": 2.4717996451743565, 
    "decay_time_constant_after_stim.Step-0.2": 2.0721632107303543, 
    "sag_amplitude.Step-0.15": 1.822195479740021, 
    "AHP_depth.Step0.2": 18.02951226953348, 
    "inv_fourth_ISI.Step0.15": 1.6510882117793375, 
    "sag_ratio1.Step-0.15": 2.065850678459181, 
    "doublet_ISI.Step0.2": NaN, 
    "AHP_depth_abs.Step0.15": NaN, 
    "ISI_values.Step0.15": NaN, 
    "time_to_last_spike.Step0.2": 29.50915764094423, 
    "AP_rise_rate_change.Step0.15": NaN, 
    "sag_amplitude.Step-0.05": 3.2895090072586743, 
    "AP_amplitude.Step0.2": NaN, 
    "voltage_deflection_vb_ssse.Step-0.25": 0.049960788053990006, 
    "spike_half_width.Step0.25": 3.407998629851508, 
    "AP2_begin_width.Step0.2": NaN, 
    "AP2_peak.Step0.15": NaN, 
    "maximum_voltage_from_voltagebase.Step0.05": 1.7082379787311663, 
    "AP2_amp.Step0.25": 1.9467038294819685, 
    "number_initial_spikes.Step0.15": 0.9129005751848809, 
    "AP_amplitude_from_voltagebase.Step0.15": NaN, 
    "AP_width.Step0.15": NaN, 
    "burst_mean_freq.Step0.2": NaN, 
    "AP_begin_voltage.Step0.25": 2.7459405569091344, 
    "voltage_base.Step0.15": 5.490057040581748, 
    "voltage_base.Step0.25": 4.5877193438852135, 
    "AHP_depth.Step0.25": 18.698591037197087, 
    "APlast_amp.Step0.15": NaN, 
    "voltage_deflection_begin.Step-0.1": 0.1356784292231308, 
    "voltage_base.Step-0.05": 10.342985253942715, 
    "AP_amplitude.Step0.25": 1.578361474579671, 
    "initburst_sahp_ssse.Step0.25": NaN, 
    "AHP_depth_diff.Step0.2": NaN, 
    "amp_drop_second_last.Step0.25": 1.3052009380570524, 
    "initburst_sahp.Step0.25": NaN, 
    "voltage_base.Step-0.15": 10.349116213872406, 
    "steady_state_voltage.Step-0.2": 8.742958953869449, 
    "AHP_depth_abs.Step0.2": 11.492946040541742, 
    "AP_duration_change.Step0.25": 24.62595727524869, 
    "AP_width.Step0.2": NaN, 
    "steady_state_voltage_stimend.Step-0.1": 5.812814086266524, 
    "sag_ratio1.Step-0.05": 4.146015472742944, 
    "steady_state_hyper.Step-0.2": 3.2383356551002596, 
    "inv_third_ISI.Step0.15": 1.78034990212528, 
    "Spikecount.Step0.25": 4.504729985404616, 
    "AHP_depth_abs.Step0.25": 11.207751180868161, 
    "AP_fall_time.Step0.2": 5.0449484535966205, 
    "voltage_after_stim.Step-0.05": 10.052901734107362, 
    "AP_rise_rate.Step0.25": 3.011606340397917, 
    "ISI_CV.Step0.25": NaN, 
    "ISI_values.Step0.25": 16.246456819997146, 
    "AHP_depth_from_peak.Step0.25": 3.459421755830861, 
    "inv_second_ISI.Step0.15": 2.8610258428440245, 
    "AP_fall_time.Step0.15": NaN, 
    "AP2_width.Step0.25": 2.3081303239009854, 
    "AHP2_depth_from_peak.Step0.15": NaN, 
    "AP_fall_time.Step0.25": 0.21644562335114137,