{
    "maximum_voltage_from_voltagebase.Step0.15": 16.13736324063971,
    "adaptation_index.Step0.25": NaN,
    "AHP_depth.Step0.2": 18.02951226953348,
    "AP2_begin_width.Step0.2": NaN,
    "AP_duration_half_width.Step0.25": 2.134414831965651,
    "AP_amplitude_change.Step0.25": 1.674484016276047,
    "voltage_deflection_vb_ssse.Step-0.25": 0.049960788053990006,
    "voltage_base.Step0.2": 5.005451933246918,
    "maximum_voltage.Step0.2": 0.38030540750673913,
    "maximum_voltage.Step0.25": 0.6192643647441063,
    "doublet_ISI.Step0.15": NaN,
    "amp_drop_first_last.Step0.15": NaN,
    "voltage_deflection_vb_ssse.Step-0.1": 0.25518307745574226,
    "maximum_voltage_from_voltagebase.Step0.25": 1.475976269204941,
    "decay_time_constant_after_stim.Step-0.2": 2.0721632107303543,
    "voltage_base.Step0.1": 5.560653795484187,
    "AP_fall_rate.Step0.2": 1.4150966517642498,
    "initburst_sahp_vb.Step0.25": NaN,
    "time_to_last_spike.Step0.25": 8.100984209136172,
    "voltage_after_stim.Step0.15": 5.4483246243231385,
    "voltage_deflection_vb_ssse.Step-0.2": 0.07665681479575379,
    "inv_time_to_first_spike.Step0.2": 2.246286347448589,
    "maximum_voltage.Step0.1": 1.717028328587193,
    "ISI_values.Step0.15": NaN,
    "initburst_sahp_ssse.Step0.25": NaN,
    "AHP_depth_from_peak.Step0.15": NaN,
    "AP_duration.Step0.2": NaN,
    "AHP1_depth_from_peak.Step0.15": NaN,
    "AP_begin_width.Step0.2": NaN,
    "steady_state_hyper.Step-0.05": 9.07286947170352,
    "time_to_second_spike.Step0.25": 48.922558746776424,
    "AP_duration_half_width_change.Step0.15": NaN,
    "sag_amplitude.Step-0.2": 1.3593084702865894,
    "inv_first_ISI.Step0.15": 1.9066509146622859,
    "spike_width2.Step0.15": NaN,
    "AP_fall_rate.Step0.25": 2.628254296310467,
    "fast_AHP.Step0.2": NaN,
    "AP_width.Step0.15": NaN,
    "steady_state_voltage.Step-0.05": 10.82382632636074,
    "AP2_begin_width.Step0.25": 0.2228057611236516,
    "voltage_after_stim.Step-0.05": 10.052901734107362,
    "AHP_depth_abs.Step0.25": 11.207751180868161,
    "steady_state_hyper.Step-0.25": 2.4197854791156317,
    "spike_half_width.Step0.2": 6.916049144357821,
    "steady_state_voltage_stimend.Step-0.25": 2.4041370832417726,
    "AP_amplitude_change.Step0.15": NaN,
    "AP_amplitude.Step0.15": NaN,
    "AP_width.Step0.2": NaN,
    "sag_amplitude.Step-0.05": 3.2895090072586743,
    "inv_time_to_first_spike.Step0.15": 9.952343602936564,
    "AP_width.Step0.25": 0.8180574555291588,
    "maximum_voltage_from_voltagebase.Step0.2": 1.248325688299742,
    "AP_rise_rate.Step0.25": 3.011606340397917,
    "AP2_amp.Step0.2": NaN,
    "AHP_depth_abs.Step0.2": 11.492946040541742,
    "fast_AHP.Step0.25": 8.629745652011408,
    "sag_ratio2.Step-0.05": 4.146015472742939,
    "inv_time_to_first_spike.Step0.1": 1.5199476949900004,
    "amp_drop_first_last.Step0.25": 3.241334635588046,
    "AHP1_depth_from_peak.Step0.2": 2.9185318724042295,
    "peak_voltage.Step0.2": 0.5834913850825412,
    "Spikecount.Step0.15": 3.1896424815983178,
    "voltage_deflection.Step-0.1": 0.3333818161375928,
    "AP_rise_rate.Step0.2": NaN,
    "voltage_base.Step-0.15": 10.349116213872406,
    "ISI_log_slope_skip.Step0.25": NaN,
    "AP2_AP1_peak_diff.Step0.25": 0.6281036163529862,
    "inv_third_ISI.Step0.2": 4.2135566570728065,
    "inv_last_ISI.Step0.25": 4.394679830308521,
    "irregularity_index.Step0.15": NaN,
    "time_to_last_spike.Step0.15": 13.334667257178408,
    "voltage_deflection.Step-0.2": 0.06824998341561472,
    "amp_drop_second_last.Step0.2": NaN,
    "inv_third_ISI.Step0.1": 0.5000035408006458,
    "number_initial_spikes.Step0.25": 7.001500375093774,
    "AHP_depth_diff.Step0.25": 5.693706255263327,
    "AP_begin_voltage.Step0.15": NaN,
    "inv_fourth_ISI.Step0.15": 1.6510882117793375,
    "time_constant.Step-0.2": 0.4141387253761226,
    "time_to_second_spike.Step0.15": NaN,
    "AHP2_depth_from_peak.Step0.15": NaN,
    "inv_first_ISI.Step0.1": 0.6617676236947112,
    "sag_amplitude.Step-0.15": 1.822195479740021,
    "voltage_deflection_vb_ssse.Step-0.15": 0.08223972857439746,
    "ISI_semilog_slope.Step0.2": NaN,
    "AP_begin_voltage.Step0.2": NaN,
    "decay_time_constant_after_stim.Step0.15": 2.2838345578836954,
    "voltage_deflection.Step-0.25": 0.07154708512043617,
    "steady_state_voltage.Step-0.2": 8.742958953869449,
    "burst_mean_freq.Step0.2": NaN,
    "ISI_log_slope.Step0.2": NaN,
    "voltage_deflection_begin.Step-0.2": 0.02242304812382815,
    "sag_ratio2.Step-0.25": 1.6370871988798608,
    "Spikecount_stimint.Step0.2": 4.324153330852251,
    "minimum_voltage.Step-0.25": 1.7442637648274801,
    "maximum_voltage_from_voltagebase.Step0.1": 1.6090567527915092,
    "voltage_deflection_begin.Step-0.15": 0.08250965912043853,
    "inv_third_ISI.Step0.15": 1.78034990212528,
    "voltage_after_stim.Step-0.15": 8.576363558692531,
    "max_amp_difference.Step0.25": 0.7093858590289306,
    "inv_fourth_ISI.Step0.25": 4.880300314603362,
    "inv_fourth_ISI.Step0.2": 3.312675965526876,
    "number_initial_spikes.Step0.2": 8.00225056264066,
    "inv_second_ISI.Step0.1": 0.4999832152808084,
    "steady_state_voltage_stimend.Step-0.2": 3.2327940158183637,
    "AP_rise_rate.Step0.15": NaN,
    "sag_ratio1.Step-0.15": 2.065850678459181,
    "voltage_after_stim.Step-0.1": 9.200025279294941,
    "irregularity_index.Step0.25": 4.964122770634591,
    "time_constant.Step-0.1": 1.1197276896924375,
    "sag_ratio1.Step-0.05": 4.146015472742944,
    "decay_time_constant_after_stim.Step-0.25": 1.9294549219037191,
    "amp_drop_first_last.Step0.2": NaN,
    "steady_state_voltage.Step-0.15": 9.721123276156412,
    "steady_state_voltage.Step0.2": 4.468475520596284,
    "AHP_depth_from_peak.Step0.2": 3.40465073799975,
    "AP_rise_rate_change.Step0.15": NaN,
    "inv_fourth_ISI.Step0.1": 0.50003543837267,
    "sag_ratio2.Step-0.15": 2.065850678459181,
    "mean_frequency.Step0.15": NaN,
    "AHP_depth.Step0.15": NaN,
    "inv_first_ISI.Step0.25": 4.607304201739471,
    "AP2_amp.Step0.15": NaN,
    "sag_ratio2.Step-0.2": 1.7554842692698158,
    "time_to_first_spike.Step0.25": 1.6794756018321255,
    "voltage_after_stim.Step0.1": 5.724135261944537,
    "min_AHP_values.Step0.2": 11.492946040541742,
    "min_voltage_between_spikes.Step0.15": NaN,
    "AHP_time_from_peak.Step0.25": 1.698634051547679,
    "spike_width2.Step0.2": NaN,
    "AP_duration_half_width.Step0.2": NaN,
    "steady_state_voltage_stimend.Step-0.05": 8.886912632134546,
    "irregularity_index.Step0.2": NaN,
    "voltage_after_stim.Step0.2": 4.850814470537163,
    "inv_fifth_ISI.Step0.15": 1.3801822628099805,
    "AP2_begin_voltage.Step0.15": NaN,
    "time_to_first_spike.Step0.15": NaN,
    "ISI_log_slope.Step0.25": NaN,
    "time_constant.Step-0.25": 1.0948659047277955,
    "inv_fifth_ISI.Step0.2": 3.7948769972102463,
    "ISI_log_slope_skip.Step0.2": NaN,
    "inv_last_ISI.Step0.2": 4.118213159485646,
    "number_initial_spikes.Step0.15": 0.9129005751848809,
    "time_to_second_spike.Step0.2": NaN,
    "spike_half_width.Step0.15": NaN,
    "AP_amplitude_from_voltagebase.Step0.25": 1.2910374227456007,
    "minimum_voltage.Step-0.2": 2.4129367937180994,
    "AP_height.Step0.25": 0.42575307805053375,
    "time_constant.Step-0.05": 3.993065538784424,
    "fast_AHP.Step0.15": NaN,
    "AHP2_depth_from_peak.Step0.25": 3.5240267583162384,
    "AP_amplitude_change.Step0.2": NaN,
    "decay_time_constant_after_stim.Step0.05": 1.9854474895089096,
    "voltage_deflection.Step-0.15": 0.11049276196968771,
    "single_burst_ratio.Step0.2": NaN,
    "steady_state_voltage.Step-0.25": 8.315593455078188,
    "ISI_values.Step0.25": 16.246456819997146,
    "AHP_depth_from_peak.Step0.25": 3.459421755830861,
    "voltage_after_stim.Step-0.2": 7.647723306622366,
    "mean_frequency.Step0.2": 0.4251088035285435,
    "AP_rise_rate_change.Step0.25": 2.6421125566373735,
    "inv_second_ISI.Step0.15": 2.8610258428440245,
    "AP_amplitude.Step0.2": NaN,