{
    "('user5[9]', 0.5)": {
        "distance": 303.7425578881333, 
        "EPSP_amp_dendrite": 0.27158774687880793, 
        "EPSP_amp_soma": 0.030048132753520918
    }, 
    "('user5[0]', 0.5)": {
        "distance": 69.5781355912512, 
        "EPSP_amp_dendrite": 0.18247173946727457, 
        "EPSP_amp_soma": 0.13778688808481832
    }, 
    "('user5[7]', 0.5)": {
        "distance": 262.4380768783833, 
        "EPSP_amp_dendrite": 0.24261451996335381, 
        "EPSP_amp_soma": 0.038695916573729505
    }, 
    "('user5[3]', 0.5)": {
        "distance": 138.51463754939712, 
        "EPSP_amp_dendrite": 0.20829645237395766, 
        "EPSP_amp_soma": 0.090847025711156
    }, 
    "('user5[2]', 0.5)": {
        "distance": 130.87531299929904, 
        "EPSP_amp_dendrite": 0.20299839768128436, 
        "EPSP_amp_soma": 0.0957865790121133
    }, 
    "('user5[8]', 0.5)": {
        "distance": 278.7959279443379, 
        "EPSP_amp_dendrite": 0.2506706539052743, 
        "EPSP_amp_soma": 0.03476495927290557
    }, 
    "('user5[10]', 0.16666666666666666)": {
        "distance": 331.44140299819037, 
        "EPSP_amp_dendrite": 0.2946600198772984, 
        "EPSP_amp_soma": 0.025746858647636373
    }, 
    "('user5[6]', 0.8333333333333333)": {
        "distance": 244.32405962557988, 
        "EPSP_amp_dendrite": 0.2549772707231739, 
        "EPSP_amp_soma": 0.04481397758577543
    }, 
    "('user5[6]', 0.5)": {
        "distance": 220.70571173354898, 
        "EPSP_amp_dendrite": 0.2676478309608825, 
        "EPSP_amp_soma": 0.05363615371237529
    }, 
    "('user5[5]', 0.5)": {
        "distance": 176.16123767963472, 
        "EPSP_amp_dendrite": 0.24407515001426816, 
        "EPSP_amp_soma": 0.07149195542268671
    }, 
    "('user5[6]', 0.16666666666666666)": {
        "distance": 197.08736384151808, 
        "EPSP_amp_dendrite": 0.2617474641664046, 
        "EPSP_amp_soma": 0.06279339198404443
    }, 
    "('user5[1]', 0.5)": {
        "distance": 114.96945749644868, 
        "EPSP_amp_dendrite": 0.1973072705266361, 
        "EPSP_amp_soma": 0.10807425334118648
    }, 
    "('user5[4]', 0.5)": {
        "distance": 155.2777291225991, 
        "EPSP_amp_dendrite": 0.22419217779716405, 
        "EPSP_amp_soma": 0.08155054503419024
    }
}