{
    "('user5[6]', 0.5)": {
        "EPSP_amp_soma": 0.05363615371237529,
        "EPSP_amp_dendrite": 0.2676478309608825,
        "distance": 183.2558318627087
    },
    "('user5[7]', 0.5)": {
        "EPSP_amp_soma": 0.038695916573729505,
        "EPSP_amp_dendrite": 0.24261451996335381,
        "distance": 224.988197007543
    },
    "('user5[5]', 0.5)": {
        "EPSP_amp_soma": 0.07149195542268671,
        "EPSP_amp_dendrite": 0.24407515001426816,
        "distance": 138.71135780879445
    },
    "('user5[6]', 0.8333333333333333)": {
        "EPSP_amp_soma": 0.04481397758577543,
        "EPSP_amp_dendrite": 0.2549772707231739,
        "distance": 206.8741797547396
    },
    "('user5[4]', 0.5)": {
        "EPSP_amp_soma": 0.08155054503419024,
        "EPSP_amp_dendrite": 0.22419217779716405,
        "distance": 117.82784925175883
    },
    "('user5[6]', 0.16666666666666666)": {
        "EPSP_amp_soma": 0.06279339198404443,
        "EPSP_amp_dendrite": 0.2617474641664046,
        "distance": 159.6374839706778
    },
    "('user5[1]', 0.5)": {
        "EPSP_amp_soma": 0.10807425334118648,
        "EPSP_amp_dendrite": 0.1973072705266361,
        "distance": 77.5195776256084
    },
    "('user5[3]', 0.5)": {
        "EPSP_amp_soma": 0.090847025711156,
        "EPSP_amp_dendrite": 0.20829645237395766,
        "distance": 101.06475767855683
    },
    "('user5[10]', 0.8333333333333333)": {
        "EPSP_amp_soma": 0.01923736494917705,
        "EPSP_amp_dendrite": 0.3174934994166705,
        "distance": 345.212414829064
    },
    "('user5[10]', 0.5)": {
        "EPSP_amp_soma": 0.022412901070893554,
        "EPSP_amp_dendrite": 0.313327945149922,
        "distance": 319.6019689782071
    },
    "('user5[10]', 0.16666666666666666)": {
        "EPSP_amp_soma": 0.025746858647636373,
        "EPSP_amp_dendrite": 0.2946600198772984,
        "distance": 293.9915231273501
    },
    "('user5[9]', 0.5)": {
        "EPSP_amp_soma": 0.030048132753520918,
        "EPSP_amp_dendrite": 0.27158774687880793,
        "distance": 266.29267801729304
    },
    "('user5[2]', 0.5)": {
        "EPSP_amp_soma": 0.0957865790121133,
        "EPSP_amp_dendrite": 0.20299839768128436,
        "distance": 93.42543312845876
    },
    "('user5[8]', 0.5)": {
        "EPSP_amp_soma": 0.03476495927290557,
        "EPSP_amp_dendrite": 0.2506706539052743,
        "distance": 241.34604807349763
    }
}