{
    "error_attenuation_soma/dend_100_um": 1.578241839102261, 
    "error_attenuation_soma/dend_200_um": 2.12674957883428, 
    "error_attenuation_soma/dend_300_um": 3.2746390599483037
}