{
    "mean_attenuation_soma/dend_200_um": {
        "std": 0.034953593584422585,
        "mean": 0.18284778441665553
    },
    "mean_attenuation_soma/dend_300_um": {
        "std": 0.01881403913692907,
        "mean": 0.08253502109240446
    },
    "mean_attenuation_soma/dend_100_um": {
        "std": 0.08781099920248239,
        "mean": 0.4224820222407161
    }
}