{
    "error_attenuation_soma/dend_100_um": 3.3250828348040735,
    "error_attenuation_soma/dend_200_um": 2.7883195586347864,
    "error_attenuation_soma/dend_300_um": 4.1346914042414085
}