{
    "('user5[6]', 0.5)": {
        "attenuation_soma/dendrite": 0.20039823793757688,
        "distance": 183.2558318627087
    },
    "('user5[7]', 0.5)": {
        "attenuation_soma/dendrite": 0.15949546869484318,
        "distance": 224.988197007543
    },
    "('user5[5]', 0.5)": {
        "attenuation_soma/dendrite": 0.2929096035319754,
        "distance": 138.71135780879445
    },
    "('user5[6]', 0.8333333333333333)": {
        "attenuation_soma/dendrite": 0.1757567545478573,
        "distance": 206.8741797547396
    },
    "('user5[4]', 0.5)": {
        "attenuation_soma/dendrite": 0.36375285630158066,
        "distance": 117.82784925175883
    },
    "('user5[6]', 0.16666666666666666)": {
        "attenuation_soma/dendrite": 0.2399006698461226,
        "distance": 159.6374839706778
    },
    "('user5[1]', 0.5)": {
        "attenuation_soma/dendrite": 0.5477459246824696,
        "distance": 77.5195776256084
    },
    "('user5[3]', 0.5)": {
        "attenuation_soma/dendrite": 0.43614293318859315,
        "distance": 101.06475767855683
    },
    "('user5[10]', 0.8333333333333333)": {
        "attenuation_soma/dendrite": 0.06059136638867184,
        "distance": 345.212414829064
    },
    "('user5[10]', 0.5)": {
        "attenuation_soma/dendrite": 0.07153176541648518,
        "distance": 319.6019689782071
    },
    "('user5[10]', 0.16666666666666666)": {
        "attenuation_soma/dendrite": 0.08737818811781053,
        "distance": 293.9915231273501
    },
    "('user5[9]', 0.5)": {
        "attenuation_soma/dendrite": 0.1106387644466503,
        "distance": 266.29267801729304
    },
    "('user5[2]', 0.5)": {
        "attenuation_soma/dendrite": 0.47185879349896187,
        "distance": 93.42543312845876
    },
    "('user5[8]', 0.5)": {
        "attenuation_soma/dendrite": 0.13868779105687762,
        "distance": 241.34604807349763
    }
}