{
    "AP1_amp_at_50": 1.7244733483369827,
    "AP1_amp_at_150": 1.411197603272249,
    "AP1_amp_at_250": 5.721525158296249,
    "AP1_amp_strong_propagating_at_350": 7.577021150909111,
    "AP1_amp_weak_propagating_at_350": 5.560027318091065,
    "APlast_amp_at_50": 3.585922882900827,
    "APlast_amp_at_150": 0.9843348369464215,
    "APlast_amp_at_250": 1.0774269832033436,
    "APlast_amp_at_350": 0.39091493806331107
}