{
    "Z_score_avg_weak_propagating": 2.5569778836388064, 
    "Z_score_avg_strong_propagating": 2.809102112741062
}