{
    "steady_state_voltage.Step0.25": 2.72733915559417,
    "AP2_amp.Step0.25": 6.237030194094923,
    "AHP_depth_abs.Step0.15": 1.3141907625574663,
    "inv_third_ISI.Step0.25": 5.291825500645249,
    "doublet_ISI.Step0.2": 0.09304140342663958,
    "doublet_ISI.Step0.15": 0.12876313518511806,
    "minimum_voltage.Step-0.15": 5.328670956572679,
    "AP_amplitude_from_voltagebase.Step0.25": 4.413757527133715,
    "maximum_voltage_from_voltagebase.Step0.05": 1.7273090539481901,
    "peak_voltage.Step0.25": 4.346584371968703,
    "voltage_base.Step0.1": 1.121587100195258,
    "steady_state_voltage_stimend.Step-0.1": 6.019166877284366,
    "voltage_deflection_vb_ssse.Step-0.05": 5.246042535452305,
    "AP1_peak.Step0.2": 4.2301531910421115,
    "amp_drop_first_second.Step0.25": 0.6538091795298177,
    "inv_fifth_ISI.Step0.1": 0.5,
    "AP2_begin_width.Step0.25": 1.0185406222671947,
    "time_to_first_spike.Step0.25": 1.7417556753226264,
    "voltage_deflection.Step-0.1": 4.832747946984474,
    "inv_time_to_first_spike.Step0.2": 2.0456687895429146,
    "time_constant.Step-0.05": 0.24558275184247644,
    "voltage_deflection_begin.Step-0.2": 2.4781056342290264,
    "ISI_values.Step0.2": 1.1630169843773532,
    "inv_time_to_first_spike.Step0.1": 1.5199476949900004,
    "AP_fall_rate.Step0.2": 5.010788294832079,
    "AP_rise_rate.Step0.2": 6.12436922967068,
    "Spikecount.Step0.25": 3.603816422509325,
    "AHP_time_from_peak.Step0.15": 0.5065376233786741,
    "maximum_voltage_from_voltagebase.Step0.2": 4.211108330148816,
    "amp_drop_second_last.Step0.2": 0.8394712333396525,
    "AP_rise_rate.Step0.15": 5.7776876830959285,
    "AHP_depth_abs.Step0.2": 2.6556134583807545,
    "voltage_after_stim.Step-0.15": 1.7825407265885738,
    "min_voltage_between_spikes.Step0.25": 0.8242341880394004,
    "decay_time_constant_after_stim.Step-0.2": 1.8446863477600592,
    "inv_first_ISI.Step0.25": 0.12131108355985026,
    "AP2_peak.Step0.2": 4.103671686450582,
    "AP2_width.Step0.15": 4.157118397379999,
    "amp_drop_first_second.Step0.2": 0.04219338066324172,
    "AP_fall_time.Step0.15": 11.514600908501565,
    "inv_fourth_ISI.Step0.2": 2.724395031157984,
    "AP_begin_voltage.Step0.25": 2.412294170987824,
    "AP1_peak.Step0.15": 4.67393536673993,
    "voltage_base.Step-0.05": 2.724331938487421,
    "inv_last_ISI.Step0.15": 0.30143045844189825,
    "AP_height.Step0.15": 4.497030594833129,
    "voltage_deflection_vb_ssse.Step-0.1": 4.845774108593835,
    "sag_amplitude.Step-0.2": 2.6182046709155,
    "inv_fifth_ISI.Step0.2": 2.914488068742205,
    "steady_state_voltage_stimend.Step-0.15": 5.421913358699021,
    "AP_begin_voltage.Step0.2": 2.9797620485724265,
    "spike_half_width.Step0.15": 7.393616392535399,
    "AP_fall_rate.Step0.15": 7.504119630601178,
    "Spikecount_stimint.Step0.1": 1.2461059190031152,
    "min_AHP_values.Step0.15": 1.3141907625574663,
    "spike_width2.Step0.25": 2.4256479928093775,
    "AHP_time_from_peak.Step0.25": 0.9335632140135154,
    "AP2_begin_voltage.Step0.15": 3.5487306984473093,
    "AP2_width.Step0.25": 3.3790258175891243,
    "AHP_depth_diff.Step0.2": 13.832877796955808,
    "steady_state_voltage_stimend.Step-0.05": 5.813231138444253,
    "adaptation_index.Step0.25": 1.1522327241065429,
    "ISI_semilog_slope.Step0.25": 0.16871993041072342,
    "AP_amplitude_change.Step0.15": 1.567220870962022,
    "AHP1_depth_from_peak.Step0.15": 4.535629629724187,
    "AP_amplitude.Step0.25": 6.8391097278625645,
    "AP_duration.Step0.15": 7.837075048115343,
    "voltage_deflection.Step-0.25": 3.765276157900592,
    "adaptation_index2.Step0.2": 3.443788314046792,
    "inv_fifth_ISI.Step0.15": 1.3801822628099805,
    "mean_frequency.Step0.2": 1.2616650607046682,
    "time_to_second_spike.Step0.25": 2.812898172405827,
    "inv_fourth_ISI.Step0.25": 5.564698411116294,
    "AP_duration_change.Step0.2": 0.6752861074894972,
    "steady_state_voltage.Step-0.05": 3.5092447470395634,
    "maximum_voltage.Step0.1": 1.5237518118795812,
    "irregularity_index.Step0.2": 0.07689066779350757,
    "AP_rise_rate_change.Step0.2": 0.6769916240103367,
    "voltage_base.Step-0.25": 3.1619809911004837,
    "AP_duration_change.Step0.15": 0.9958791208791208,
    "initburst_sahp_ssse.Step0.25": 1.0919861636010706,
    "AP_rise_rate_change.Step0.25": 4.493566144431561,
    "max_amp_difference.Step0.2": 0.42979176321014034,
    "time_constant.Step-0.1": 2.5037720294819015,
    "adaptation_index.Step0.2": 3.443788314046792,
    "AP_amplitude_from_voltagebase.Step0.15": 4.369118981544911,
    "steady_state_voltage.Step0.2": 1.633349069611561,
    "AP_amplitude_change.Step0.2": 0.6037083025189357,
    "APlast_amp.Step0.15": 6.36118963003845,
    "sag_ratio2.Step-0.2": 0.34572853631280365,
    "voltage_after_stim.Step-0.25": 0.8102887825025991,
    "maximum_voltage_from_voltagebase.Step0.1": 1.5253878121626536,
    "decay_time_constant_after_stim.Step-0.05": 1.8537049982236642,
    "voltage_base.Step-0.15": 2.847895994240496,
    "decay_time_constant_after_stim.Step-0.25": 2.309541706446991,
    "AP2_AP1_peak_diff.Step0.25": 0.6538091795298177,
    "number_initial_spikes.Step0.2": 8.00225056264066,
    "time_to_last_spike.Step0.2": 2.035826946363503,
    "voltage_base.Step0.2": 0.9201672141915035,
    "minimum_voltage.Step-0.2": 5.030149693111718,
    "sag_amplitude.Step-0.05": 2.877942816768485,
    "steady_state_voltage_stimend.Step-0.2": 5.012560012328068,
    "inv_time_to_first_spike.Step0.25": 1.5240991971344897,
    "inv_second_ISI.Step0.1": 0.4999832152808084,
    "time_to_last_spike.Step0.25": 1.4267405024843065,
    "spike_half_width.Step0.2": 6.8878769182881685,
    "voltage_deflection_vb_ssse.Step-0.2": 4.659057518198087,
    "Spikecount_stimint.Step0.2": 1.5241107980222233,
    "amp_drop_first_second.Step0.15": 0.7403208987272274,
    "amp_drop_first_last.Step0.2": 1.2583127110560832,
    "AP2_amp.Step0.2": 6.1951296290604585,
    "steady_state_voltage.Step-0.1": 3.7148954462540646,
    "min_voltage_between_spikes.Step0.15": 0.2828347367058752,
    "ISI_CV.Step0.25": 6.000784750134882,
    "inv_third_ISI.Step0.1": 0.5000035408006458,
    "steady_state_hyper.Step-0.2": 5.038232204000048,
    "decay_time_constant_after_stim.Step0.15": 1.2018490117672853,
    "ISI_values.Step0.25": 2.0475302663461847,
    "steady_state_voltage.Step0.15": 0.4040397032785483,
    "number_initial_spikes.Step0.25": 7.001500375093774,
    "AP_width.Step0.2": 1.6168345127804051,
    "inv_fifth_ISI.Step0.25": 4.384761751867354,
    "voltage_deflection_begin.Step-0.25": 2.284957247308894,
    "AP_duration_half_width_change.Step0.2": 0.9679981581673766,
    "AP_rise_time.Step0.2": 12.645846217249666,
    "fast_AHP.Step0.15": 5.211286937955666,
    "voltage_deflection.Step-0.2": 4.594026118955183,
    "maximum_voltage.Step0.25": 4.160925004003721,
    "Spikecount.Step0.15": 1.0865930599369085,
    "voltage_after_stim.Step0.1": 0.9712615538595581,
    "sag_ratio1.Step-0.1": 2.083324809710331,
    "sag_ratio1.Step-0.2": 0.3457285363128027,
    "sag_ratio1.Step-0.05": 5.87844703718706,
    "AP_fall_rate.Step0.25": 5.79171202109317,
    "minimum_voltage.Step-0.25": 4.499301580343833,
    "inv_first_ISI.Step0.2": 0.28823654558635836,
    "min_AHP_values.Step0.25": 1.8548755811785949,
    "AP_amplitude.Step0.15": 7.356983803737781,
    "time_constant.Step-0.15": 4.654634769088048,
    "inv_third_ISI.Step0.2": 3.6245642004874488,
    "voltage_base.Step-0.2": 3.088385149349383,
    "ISI_CV.Step0.2": 6.260202070456317,
    "amp_drop_first_last.Step0.15": 0.5877275186683092,
    "decay_time_constant_after_stim.Step0.2": 2.1824389002822415,
    "ISI_log_slope_skip.Step0.25": 7.62144426376111,
    "sag_ratio1.Step-0.25": 0.13652385309565665,
    "voltage_after_stim.Step-0.05": 2.641877382810409,
    "inv_time_to_first_spike.Step0.15": 6.055010275324779,
    "AP_height.Step0.2": 4.341819541952905,
    "voltage_after_stim.Step-0.2": 1.2829486919676205,