{
    "AP2_amp.Step0.15": 7.90829845130782, 
    "decay_time_constant_after_stim.Step0.15": 1.2014112784114357, 
    "AP_begin_voltage.Step0.2": 2.9890407901851237, 
    "doublet_ISI.Step0.15": 0.12876313518511806, 
    "peak_voltage.Step0.25": 4.3459889637392575, 
    "AP_duration_half_width.Step0.15": 5.5026123302051895, 
    "AHP_time_from_peak.Step0.15": 0.4905140366590374, 
    "inv_third_ISI.Step0.25": 5.291825500645249, 
    "irregularity_index.Step0.25": 2.0737245956061128, 
    "inv_time_to_first_spike.Step0.15": 6.055010275324779, 
    "voltage_base.Step-0.2": 3.088385770813697, 
    "inv_first_ISI.Step0.25": 0.12131108355985026, 
    "spike_width2.Step0.2": 3.5161971194152417, 
    "AP_amplitude_from_voltagebase.Step0.25": 4.41314002468672, 
    "spike_half_width.Step0.15": 7.176971726984174, 
    "voltage_deflection.Step-0.25": 3.765280954681444, 
    "steady_state_voltage_stimend.Step-0.25": 4.206531207506896, 
    "amp_drop_first_last.Step0.2": 1.19454667988033, 
    "mean_frequency.Step0.15": 0.8824443244973059, 
    "AHP_depth_diff.Step0.25": 4.647799919518552, 
    "AP_begin_width.Step0.25": 0.8023872474479194, 
    "steady_state_hyper.Step-0.1": 6.1460887348835795, 
    "AP_fall_rate.Step0.25": 5.793223515404863, 
    "AP1_peak.Step0.15": 4.675548113474368, 
    "AP2_width.Step0.15": 4.020643709128873, 
    "time_to_last_spike.Step0.15": 1.693150063797139, 
    "AP_duration_half_width_change.Step0.2": 1.083112697133648, 
    "spike_width2.Step0.25": 2.422951225858166, 
    "voltage_base.Step0.2": 0.9201675375152528, 
    "AHP1_depth_from_peak.Step0.2": 4.219146899121799, 
    "AP2_begin_width.Step0.15": 0.4283682713594233, 
    "AP_rise_time.Step0.25": 10.494372897066091, 
    "AP_fall_rate.Step0.2": 5.08561974947725, 
    "voltage_after_stim.Step-0.25": 0.8102639033080273, 
    "inv_fifth_ISI.Step0.1": 0.5, 
    "inv_fifth_ISI.Step0.2": 2.914488068742205, 
    "voltage_base.Step-0.25": 3.161981618312156, 
    "min_voltage_between_spikes.Step0.2": 0.46638103374647294, 
    "AP2_peak.Step0.2": 4.103288023602554, 
    "decay_time_constant_after_stim.Step0.25": 0.20778956295302, 
    "amp_drop_first_second.Step0.2": 0.044066210691725706, 
    "inv_second_ISI.Step0.25": 2.65602625268168, 
    "maximum_voltage_from_voltagebase.Step0.1": 1.5253856159820458, 
    "inv_last_ISI.Step0.15": 0.30143045844189825, 
    "inv_fifth_ISI.Step0.25": 4.384761751867354, 
    "mean_frequency.Step0.25": 3.5952144397195247, 
    "ISI_semilog_slope.Step0.25": 0.16871993041072342, 
    "AHP1_depth_from_peak.Step0.15": 4.537170466428401, 
    "amp_drop_second_last.Step0.2": 0.7997042352086515, 
    "AP1_peak.Step0.2": 4.230027057362408, 
    "number_initial_spikes.Step0.2": 8.00225056264066, 
    "maximum_voltage_from_voltagebase.Step0.25": 4.1911501504806745, 
    "AP_duration.Step0.15": 7.837075048115343, 
    "inv_fifth_ISI.Step0.15": 1.3801822628099805, 
    "AHP2_depth_from_peak.Step0.25": 3.8438115469550724, 
    "APlast_amp.Step0.2": 6.15446131166576, 
    "voltage_after_stim.Step0.25": 3.4252204905601413, 
    "AHP2_depth_from_peak.Step0.2": 3.850193215136976, 
    "Spikecount.Step0.15": 1.0865930599369085, 
    "decay_time_constant_after_stim.Step-0.05": 1.8537312516400437, 
    "time_to_first_spike.Step0.2": 2.748314250246516, 
    "AP_rise_time.Step0.2": 12.439703153963933, 
    "irregularity_index.Step0.15": 0.7125823253387507, 
    "min_AHP_values.Step0.25": 1.8549581071022374, 
    "voltage_deflection.Step-0.15": 4.673103006843247, 
    "time_to_last_spike.Step0.25": 1.4267405024843065, 
    "voltage_deflection_vb_ssse.Step-0.1": 4.845790965158546, 
    "voltage_after_stim.Step-0.15": 1.7825251135970575, 
    "AP1_peak.Step0.25": 4.134138545004913, 
    "AP_duration_half_width.Step0.2": 5.020341536922061, 
    "voltage_deflection_begin.Step-0.25": 2.284961551467673, 
    "Spikecount.Step0.2": 1.5241107980222233, 
    "Spikecount.Step0.1": 1.2461059190031152, 
    "Spikecount_stimint.Step0.15": 1.0865930599369085, 
    "AP_rise_rate_change.Step0.25": 4.498787216432081, 
    "inv_first_ISI.Step0.1": 0.6617676236947112, 
    "voltage_after_stim.Step-0.1": 2.158389445368314, 
    "inv_first_ISI.Step0.2": 0.28823654558635836, 
    "burst_mean_freq.Step0.25": 3.676873091935637, 
    "spike_width2.Step0.15": 4.709726635251919, 
    "fast_AHP_change.Step0.25": 0.1857365013863579, 
    "AHP_depth_from_peak.Step0.2": 3.693425952140376, 
    "Spikecount_stimint.Step0.2": 1.5241107980222233, 
    "time_to_first_spike.Step0.15": 14.888014621638977, 
    "max_amp_difference.Step0.25": 0.7485062098265736, 
    "steady_state_voltage.Step0.1": 0.4882234300525362, 
    "time_constant.Step-0.25": 4.40308322174805, 
    "ISI_log_slope_skip.Step0.2": 4.293318714508046, 
    "steady_state_voltage.Step0.2": 1.6333899378188306, 
    "voltage_base.Step-0.1": 2.639408155510477, 
    "voltage_deflection.Step-0.2": 4.59403335099219, 
    "AP_rise_rate.Step0.2": 6.103783062856844, 
    "single_burst_ratio.Step0.25": 0.08131421347840455, 
    "ISI_values.Step0.2": 1.163988075009241, 
    "AP_width.Step0.25": 0.8985274000048239, 
    "AHP_time_from_peak.Step0.25": 0.9335632140135154, 
    "AP_duration.Step0.25": 8.043855526237492, 
    "voltage_base.Step0.05": 1.1156635302580633, 
    "peak_voltage.Step0.15": 4.497273391304909, 
    "minimum_voltage.Step-0.1": 5.254316048283357, 
    "minimum_voltage.Step-0.2": 5.030158281338453, 
    "AP_begin_voltage.Step0.15": 3.524010044875016, 
    "steady_state_voltage.Step-0.1": 3.714893599048782, 
    "AP_rise_rate.Step0.15": 5.785217427401053, 
    "AP_amplitude_change.Step0.15": 1.4356327745868183, 
    "AP_height.Step0.25": 4.3459889637392575, 
    "sag_ratio2.Step-0.2": 0.3457244107925028, 
    "sag_ratio2.Step-0.1": 2.0833186332149776, 
    "decay_time_constant_after_stim.Step-0.1": 1.8916875314975206, 
    "decay_time_constant_after_stim.Step-0.2": 1.8446940143293422, 
    "sag_amplitude.Step-0.15": 1.9386974724247177, 
    "AHP_depth.Step0.2": 4.527416798739818, 
    "inv_fourth_ISI.Step0.15": 1.6510882117793375, 
    "sag_ratio1.Step-0.15": 1.2296501328019545, 
    "doublet_ISI.Step0.2": 0.09304140342663958, 
    "AHP_depth_abs.Step0.15": 1.3143331689476911, 
    "ISI_values.Step0.15": 0.31246560211393537, 
    "time_to_last_spike.Step0.2": 2.0238326556458954, 
    "AP_rise_rate_change.Step0.15": 1.7710747870775854, 
    "sag_amplitude.Step-0.05": 2.8779243854379155, 
    "AP_amplitude.Step0.2": 6.735243154466467, 
    "voltage_deflection_vb_ssse.Step-0.25": 3.8137816563172904, 
    "spike_half_width.Step0.25": 4.498429431110785, 
    "AP2_begin_width.Step0.2": 0.6614561027859329, 
    "AP2_peak.Step0.15": 4.673540154411442, 
    "maximum_voltage_from_voltagebase.Step0.05": 1.727361801343532, 
    "AP2_amp.Step0.25": 6.237037530500383, 
    "number_initial_spikes.Step0.15": 0.9129005751848809, 
    "AP_amplitude_from_voltagebase.Step0.15": 4.369364299212138, 
    "AP_width.Step0.15": 2.6666666666535814, 
    "burst_mean_freq.Step0.2": 0.03654100697105847, 
    "AP_begin_voltage.Step0.25": 2.410331009153736, 
    "voltage_base.Step0.15": 1.1300405452366722, 
    "voltage_base.Step0.25": 0.5058192574800325, 
    "AHP_depth.Step0.25": 3.4942605840851155, 
    "APlast_amp.Step0.15": 6.3943724967318, 
    "voltage_deflection_begin.Step-0.1": 2.1624632643473514, 
    "voltage_base.Step-0.05": 2.7243325414543436, 
    "AP_amplitude.Step0.25": 6.837335118260248, 
    "initburst_sahp_ssse.Step0.25": 1.0904722817284083, 
    "AHP_depth_diff.Step0.2": 13.832626791312494, 
    "amp_drop_second_last.Step0.25": 2.076104728615931, 
    "initburst_sahp.Step0.25": 0.8768722537804313, 
    "voltage_base.Step-0.15": 2.8478965879133518, 
    "steady_state_voltage.Step-0.2": 3.5029307433535815, 
    "AHP_depth_abs.Step0.2": 2.655704419415026, 
    "AP_duration_change.Step0.25": 2.328899637255935, 
    "AP_width.Step0.2": 1.6168345127804051, 
    "steady_state_voltage_stimend.Step-0.1": 6.019182495705734,