{
    "Z_score_avg_weak_propagating": 4.483365050131202, 
    "Z_score_avg_strong_propagating": 4.483365050131202
}