{
    "AP1_amp_at_50": NaN,
    "AP1_amp_at_150": 0.9044285907376672,
    "AP1_amp_at_250": 0.8424758087616888,
    "AP1_amp_strong_propagating_at_350": NaN,
    "AP1_amp_weak_propagating_at_350": NaN,
    "APlast_amp_at_50": NaN,
    "APlast_amp_at_150": 2.86762594249237,
    "APlast_amp_at_250": 13.318929858533544,
    "APlast_amp_at_350": NaN
}