{
    "AP1_amp_at_50": NaN, 
    "AP1_amp_at_150": 0.904428590737656, 
    "AP1_amp_at_250": 0.8424758087616963, 
    "AP1_amp_strong_propagating_at_350": NaN, 
    "AP1_amp_weak_propagating_at_350": NaN, 
    "APlast_amp_at_50": NaN, 
    "APlast_amp_at_150": 2.867625942492543, 
    "APlast_amp_at_250": 13.318929858532915, 
    "APlast_amp_at_350": NaN
}