{
    "threshold_error": 0.2669994022135895,
    "prox_threshold_error": NaN,
    "dist_threshold_error": 0.9891031868847776,
    "nonlin_at_th_error": 0.476250021043508,
    "nonlin_suprath_error": 0.5214758467005746,
    "peak_deriv_error": 0.0732780070537949,
    "amp_at_th_error": 0.3280663497490704,
    "time_to_peak_error": 3.1928769652521876,
    "async_nonlin_error": 0.8032963543583078
}