{
    "threshold_error": 0.9168272115697779,
    "prox_threshold_error": 0.8152341366772379,
    "dist_threshold_error": 1.0568665320373278,
    "nonlin_at_th_error": 1.0028877741124211,
    "nonlin_suprath_error": 0.7237148403344199,
    "peak_deriv_error": 0.1642999976015751,
    "amp_at_th_error": 0.482164330531538,
    "time_to_peak_error": 5.366238742537414,
    "async_nonlin_error": 0.8440795401210499
}