{
    "degree_of_nonlinearity_at_th": 0.003614915538592272,
    "amplitude_at_th": 0.08390782148184091,
    "distal_threshold": 7.106440280061054e-07,
    "time_to_peak_at_th": 1.1079991525633754e-11,
    "suprath_degree_of_nonlinearity": 0.010878009033634846,
    "peak_dV/dt_at_th": 0.0036858632237675073,
    "proximal_threshold": 0.00025202208093624286,
    "threshold": 3.3582349003719e-05,
    "asynch_degree_of_nonlin_at_th": 0.00043290452797139627
}