{
    "peak_dV/dt_at_th": 0.17365917726967353,
    "suprath_degree_of_nonlinearity": 0.0045717360027385315,
    "threshold": 3.357663654563532e-09,
    "time_to_peak_at_th": 3.624319529589515e-30,
    "amplitude_at_th": 0.005613045290131095,
    "asynch_degree_of_nonlin_at_th": 0.0005373191143448869,
    "degree_of_nonlinearity_at_th": 0.002464050988549285,
    "proximal_threshold": 7.860762664867912e-05,
    "distal_threshold": 2.4408504173716824e-08
}