{
    "threshold": 3.3827095092126774e-09,
    "proximal_threshold": 7.860762664867912e-05,
    "distal_threshold": 5.4192004168432926e-08,
    "peak_dV/dt_at_th": 0.19174787533408827,
    "degree_of_nonlinearity_at_th": 0.0008758303732066034,
    "suprath_degree_of_nonlinearity": 0.003418208164931465,
    "amplitude_at_th": 0.026291163391707617,
    "time_to_peak_at_th": 2.566869860683314e-29,
    "asynch_degree_of_nonlin_at_th": 0.0002696874025499373
}