{
    "error_attenuation_soma/dend_100_um": 1.0844830007521138,
    "error_attenuation_soma/dend_200_um": 0.08609802096171033,
    "error_attenuation_soma/dend_300_um": 0.29666723497342534
}