{
    "AP2_width.Step0.15": NaN,
    "steady_state_hyper.Step-0.25": 3.9248066361052754,
    "sag_ratio1.Step-0.1": 1.6633320087309313,
    "AP_fall_time.Step0.2": NaN,
    "maximum_voltage_from_voltagebase.Step0.25": 17.562840295722193,
    "Spikecount_stimint.Step0.15": 3.1896424815983178,
    "minimum_voltage.Step-0.1": 4.568795930905299,
    "Spikecount_stimint.Step0.1": 1.2461059190031152,
    "AP1_peak.Step0.15": NaN,
    "AHP_depth_from_peak.Step0.25": NaN,
    "inv_first_ISI.Step0.15": 1.9066509146622859,
    "APlast_amp.Step0.25": NaN,
    "steady_state_voltage.Step-0.1": 0.9110017140389894,
    "burst_number.Step0.2": NaN,
    "AP_amplitude.Step0.15": NaN,
    "inv_last_ISI.Step0.1": 0.725294342231532,
    "AP_height.Step0.2": NaN,
    "AP_begin_voltage.Step0.25": NaN,
    "voltage_after_stim.Step-0.15": 1.4703537986604835,
    "AP_begin_voltage.Step0.15": NaN,
    "voltage_after_stim.Step0.25": 1.2512233584700687,
    "inv_time_to_first_spike.Step0.1": 1.5199476949900004,
    "steady_state_hyper.Step-0.15": 4.0645135903550935,
    "voltage_base.Step0.25": 0.5990473231852598,
    "voltage_deflection_begin.Step-0.2": 3.791205140661167,
    "time_to_first_spike.Step0.15": NaN,
    "doublet_ISI.Step0.15": NaN,
    "Spikecount.Step0.2": 4.855813706204477,
    "spike_half_width.Step0.2": NaN,
    "AP_width.Step0.15": NaN,
    "sag_ratio2.Step-0.2": 1.7230911830250073,
    "fast_AHP.Step0.25": NaN,
    "AP2_begin_voltage.Step0.15": NaN,
    "min_AHP_values.Step0.15": NaN,
    "steady_state_voltage.Step-0.2": 1.258054526646365,
    "AP_amplitude_from_voltagebase.Step0.2": NaN,
    "fast_AHP_change.Step0.25": NaN,
    "time_constant.Step-0.2": 3.116057272065596,
    "voltage_deflection_vb_ssse.Step-0.1": 4.967944835512752,
    "voltage_base.Step-0.1": 0.7043888284367144,
    "minimum_voltage.Step-0.2": 4.377717122255743,
    "minimum_voltage.Step-0.15": 4.6516157401726055,
    "adaptation_index2.Step0.2": NaN,
    "AP_duration_half_width.Step0.15": NaN,
    "steady_state_voltage.Step0.2": 0.2678766133074785,
    "AP_duration_change.Step0.25": NaN,
    "number_initial_spikes.Step0.15": 0.9129005751848809,
    "steady_state_voltage.Step-0.05": 0.8264280642195158,
    "time_to_first_spike.Step0.25": NaN,
    "AP_duration.Step0.2": NaN,
    "decay_time_constant_after_stim.Step0.15": 5.438687131256011,
    "AP_amplitude_from_voltagebase.Step0.25": NaN,
    "time_to_first_spike.Step0.2": NaN,
    "AP_duration_half_width_change.Step0.15": NaN,
    "voltage_after_stim.Step0.1": 0.336013640228976,
    "burst_mean_freq.Step0.2": NaN,
    "AHP2_depth_from_peak.Step0.25": NaN,
    "steady_state_voltage.Step-0.15": 1.1354439630158621,
    "time_constant.Step-0.25": 3.0870924384639222,
    "inv_fifth_ISI.Step0.2": 3.7948769972102463,
    "decay_time_constant_after_stim.Step-0.15": 5.0909992231697485,
    "inv_third_ISI.Step0.1": 0.5000035408006458,
    "AP2_AP1_peak_diff.Step0.25": NaN,
    "inv_fourth_ISI.Step0.25": 4.880300314603362,
    "steady_state_voltage.Step0.1": 0.05607237062195864,
    "AHP_time_from_peak.Step0.15": NaN,
    "inv_second_ISI.Step0.1": 0.4999832152808084,
    "AP_duration_change.Step0.15": NaN,
    "irregularity_index.Step0.15": NaN,
    "fast_AHP_change.Step0.2": NaN,
    "spike_width2.Step0.15": NaN,
    "inv_fifth_ISI.Step0.15": 1.3801822628099805,
    "AP2_peak.Step0.2": NaN,
    "ISI_semilog_slope.Step0.2": NaN,
    "ISI_log_slope_skip.Step0.25": NaN,
    "AP_begin_width.Step0.15": NaN,
    "inv_second_ISI.Step0.2": 3.522146547455553,
    "amp_drop_first_second.Step0.2": NaN,
    "number_initial_spikes.Step0.2": 8.00225056264066,
    "ISI_semilog_slope.Step0.25": NaN,
    "voltage_base.Step-0.2": 0.962948207171321,
    "AHP_depth_abs.Step0.25": NaN,
    "voltage_deflection.Step-0.2": 4.6830880019939,
    "sag_ratio1.Step-0.2": 1.7230911830250082,
    "AP2_peak.Step0.25": NaN,
    "AP_width.Step0.25": NaN,
    "AP1_peak.Step0.2": NaN,
    "AHP_depth_abs.Step0.15": NaN,
    "steady_state_hyper.Step-0.2": 3.9371315656935186,
    "burst_mean_freq.Step0.25": NaN,
    "AHP_depth.Step0.2": NaN,
    "decay_time_constant_after_stim.Step-0.25": 4.911581335002539,
    "AP_rise_time.Step0.2": NaN,
    "inv_fourth_ISI.Step0.1": 0.50003543837267,
    "inv_last_ISI.Step0.25": 5.922219367081101,
    "adaptation_index2.Step0.25": NaN,
    "AP2_width.Step0.25": NaN,
    "time_constant.Step-0.1": 2.525924770061979,
    "inv_third_ISI.Step0.25": 5.004239919740112,
    "AP2_begin_width.Step0.2": NaN,
    "steady_state_voltage_stimend.Step-0.25": 3.9094873812150985,
    "voltage_deflection.Step-0.25": 4.462594008649444,
    "AP_height.Step0.15": NaN,
    "irregularity_index.Step0.25": NaN,
    "maximum_voltage.Step0.05": 2.3403153807740464,
    "max_amp_difference.Step0.25": NaN,
    "min_voltage_between_spikes.Step0.2": NaN,
    "voltage_after_stim.Step0.05": 0.3300068743878176,
    "AP2_begin_width.Step0.15": NaN,
    "voltage_base.Step0.15": 0.05010507687202461,
    "AP_duration_change.Step0.2": NaN,
    "AP2_amp.Step0.2": NaN,
    "steady_state_voltage.Step0.25": 0.83519223712454,
    "steady_state_voltage.Step-0.25": 1.2932067966751335,
    "AP_amplitude_change.Step0.25": NaN,
    "maximum_voltage_from_voltagebase.Step0.15": 17.322884633373913,
    "inv_time_to_first_spike.Step0.25": 5.047043995661987,
    "doublet_ISI.Step0.25": NaN,
    "AP_duration.Step0.25": NaN,
    "voltage_deflection_begin.Step-0.05": 3.8785492723874935,
    "AP_fall_time.Step0.15": NaN,
    "adaptation_index.Step0.2": NaN,
    "sag_amplitude.Step-0.1": 3.8160583137167436,
    "decay_time_constant_after_stim.Step0.1": 3.758882126863008,
    "decay_time_constant_after_stim.Step-0.2": 4.624081532149707,
    "time_to_last_spike.Step0.25": 68.41099799289047,
    "AP_width.Step0.2": NaN,
    "inv_fifth_ISI.Step0.25": 4.0829262704008835,
    "doublet_ISI.Step0.2": NaN,
    "maximum_voltage.Step0.25": 16.953781866050168,
    "AP_rise_rate_change.Step0.25": NaN,
    "inv_last_ISI.Step0.15": 2.695599335646867,
    "fast_AHP.Step0.2": NaN,
    "inv_third_ISI.Step0.15": 1.78034990212528,
    "time_to_second_spike.Step0.2": NaN,
    "single_burst_ratio.Step0.25": NaN,
    "steady_state_voltage.Step0.05": 0.1625753742225512,
    "peak_voltage.Step0.25": NaN,
    "AHP_depth_diff.Step0.2": NaN,
    "decay_time_constant_after_stim.Step0.05": 3.8335192643321374,
    "ISI_log_slope_skip.Step0.2": NaN,
    "AP_duration_half_width_change.Step0.2": NaN,
    "time_to_last_spike.Step0.15": 13.334667257178408,
    "voltage_base.Step0.05": 0.15046873145841094,
    "AHP1_depth_from_peak.Step0.2": NaN,
    "ISI_CV.Step0.25": NaN,
    "sag_amplitude.Step-0.15": 4.311228230312307,
    "maximum_voltage.Step0.2": 16.785333819774554,
    "amp_drop_first_last.Step0.25": NaN,
    "AP_amplitude_change.Step0.2": NaN,
    "minimum_voltage.Step-0.05": 3.889110012392826,
    "sag_ratio2.Step-0.25": 1.6504624429339823,
    "AP_fall_time.Step0.25": NaN,
    "inv_second_ISI.Step0.25": 3.7855261923828896,
    "AP2_amp.Step0.15": NaN,
    "voltage_base.Step-0.05": 0.6621569385388567,
    "steady_state_voltage_stimend.Step-0.2": 3.944021716381138,
    "inv_fourth_ISI.Step0.2": 3.312675965526876,
    "steady_state_voltage_stimend.Step-0.15": 4.037558931912092,
    "AHP_depth.Step0.15": NaN,
    "amp_drop_first_last.Step0.2": NaN,
    "AP_duration_half_width.Step0.25": NaN,
    "AHP2_depth_from_peak.Step0.15": NaN,
    "number_initial_spikes.Step0.25": 14.50337584396099,
    "voltage_deflection_begin.Step-0.15": 3.877326720776587,
    "AP_rise_rate.Step0.15": NaN,
    "max_amp_difference.Step0.2": NaN,
    "maximum_voltage_from_voltagebase.Step0.1": 1.7341351071288393,
    "voltage_deflection_vb_ssse.Step-0.15": 4.689418356376504,
    "AP_amplitude.Step0.2": NaN,
    "max_amp_difference.Step0.15": NaN,
    "time_to_last_spike.Step0.2": 33.515250740647446,
    "maximum_voltage_from_voltagebase.Step0.05": 6.1620374585826205,
    "voltage_deflection_begin.Step-0.1": 3.909487425499879,