{
    "sag_amplitude.Step-0.2": 0.5257084022742073,
    "Spikecount.Step0.2": 0.7125494357094627,
    "inv_second_ISI.Step0.4": 0.9266195149183148,
    "AP_rise_time.Step1.0": 6.8641358641258705,
    "voltage_base.Step0.6": 0.7861533935698554,
    "AHP_time_from_peak.Step0.8": 8.800154023859786,
    "inv_time_to_first_spike.Step0.4": 0.8902179275820988,
    "AP2_begin_voltage.Step1.0": 1.0558540834719907,
    "min_voltage_between_spikes.Step1.0": 0.9555428376388103,
    "AP2_amp.Step0.8": 3.817329735682794,
    "AP_width.Step1.0": 5.561728395051809,
    "steady_state_voltage_stimend.Step-0.4": 0.3000344911803873,
    "voltage_base.Step-0.8": 0.7971624900318696,
    "voltage_deflection_begin.Step-1.0": 0.35546531722702673,
    "inv_first_ISI.Step0.8": 0.2937342379722291,
    "voltage_base.Step-0.6": 0.7716683954591175,
    "inv_third_ISI.Step0.6": 1.9239672371103012,
    "inv_fifth_ISI.Step0.4": 0.6187249141992903,
    "voltage_after_stim.Step-0.8": 1.309697933897212,
    "voltage_base.Step0.4": 0.7027590054631765,
    "voltage_deflection_vb_ssse.Step-0.2": 0.4962548635269726,
    "maximum_voltage.Step1.0": 2.700050498548932,
    "inv_second_ISI.Step1.0": 1.5268008092198022,
    "AHP_depth_from_peak.Step1.0": 2.189026965052746,
    "AP_fall_rate.Step0.8": 5.336151882147041,
    "AHP_depth_from_peak.Step0.8": 2.710352543117623,
    "time_to_last_spike.Step1.0": 1.3099265279347454,
    "Spikecount_stimint.Step0.6": 0.32868228622593654,
    "voltage_base.Step0.2": 0.6969549622189839,
    "voltage_after_stim.Step0.2": 0.7988266282047823,
    "sag_ratio2.Step-0.6": 0.6720716040347178,
    "Spikecount_stimint.Step0.4": 1.1828593526891957,
    "time_to_second_spike.Step1.0": 0.12270566870468257,
    "AP_begin_voltage.Step0.8": 0.7802876892664798,
    "inv_third_ISI.Step0.2": 0.428047773112136,
    "inv_third_ISI.Step0.4": 0.8852241073689542,
    "sag_ratio2.Step-1.0": 0.002538670478228742,
    "voltage_deflection_vb_ssse.Step-0.8": 0.5476260653864606,
    "voltage_deflection_vb_ssse.Step-0.6": 0.7045166288190082,
    "inv_fifth_ISI.Step0.6": 1.526421610338997,
    "Spikecount.Step0.8": 0.6462258490339615,
    "inv_fifth_ISI.Step1.0": 4.639601456788473,
    "steady_state_hyper.Step-0.8": 0.13771376649554093,
    "spike_half_width.Step1.0": 6.539484558139532,
    "number_initial_spikes.Step0.6": 0.6234372527298624,
    "Spikecount_stimint.Step0.8": 0.6462258490339615,
    "AP2_begin_width.Step1.0": 2.1709511568137594,
    "amp_drop_first_last.Step0.8": 1.1908349308310595,
    "doublet_ISI.Step1.0": 0.5908358439006681,
    "AHP_time_from_peak.Step1.0": 7.240828187420005,
    "inv_first_ISI.Step0.2": 0.590739108988115,
    "steady_state_voltage.Step-0.2": 0.7217625048129981,
    "minimum_voltage.Step-0.2": 0.7287769403299501,
    "sag_amplitude.Step-1.0": 0.10202126119426674,
    "voltage_deflection_begin.Step-0.8": 0.28649691086830525,
    "AHP_depth.Step1.0": 0.3010412550498236,
    "minimum_voltage.Step-0.6": 0.19898806021675502,
    "maximum_voltage_from_voltagebase.Step1.0": 3.208369421008349,
    "steady_state_hyper.Step-0.4": 0.30439961179388064,
    "AP_duration_half_width_change.Step1.0": 1.9666080843685139,
    "peak_voltage.Step0.8": 1.6934191210247342,
    "voltage_deflection.Step-0.4": 0.7229030431889129,
    "number_initial_spikes.Step1.0": 1.013908662797065,
    "AP_amplitude_change.Step0.8": 1.486165340953559,
    "amp_drop_first_second.Step1.0": 1.110867729441811,
    "steady_state_voltage.Step-1.0": 0.9405010584960131,
    "AP_rise_time.Step0.8": 7.632085561485654,
    "voltage_after_stim.Step0.4": 0.8954447412763336,
    "AP2_begin_voltage.Step0.8": 0.9426671847641611,
    "AHP_depth_abs.Step0.8": 0.8857518662043491,
    "peak_voltage.Step1.0": 1.2722265386453189,
    "AP_amplitude_from_voltagebase.Step1.0": 1.6049276356066269,
    "AP1_peak.Step0.8": 3.0598795302591184,
    "AP_amplitude.Step0.8": 2.6663586556030743,
    "AP2_amp.Step1.0": 3.707893654012571,
    "Spikecount.Step0.4": 1.1828593526891957,
    "amp_drop_first_second.Step0.8": 1.125798635983054,
    "sag_ratio1.Step-0.2": 1.797727232029515,
    "AP_height.Step1.0": 1.2722265386453189,
    "voltage_deflection_begin.Step-0.4": 0.10563423233774584,
    "steady_state_voltage.Step-0.8": 0.921250079180582,
    "amp_drop_first_last.Step1.0": 1.1170460660582755,
    "inv_fourth_ISI.Step0.2": 0.2731177689518218,
    "ISI_values.Step0.8": 0.38698174824559806,
    "inv_first_ISI.Step0.6": 0.12774289545127115,
    "minimum_voltage.Step-1.0": 0.06443374153047791,
    "inv_last_ISI.Step0.4": 1.2254860840648314,
    "inv_time_to_first_spike.Step0.2": 0.6944853634392383,
    "irregularity_index.Step0.8": 1.386056549478576,
    "time_to_first_spike.Step1.0": 0.565716412379853,
    "inv_time_to_first_spike.Step1.0": 0.8504273285475266,
    "voltage_deflection.Step-0.8": 0.5718120009788382,
    "Spikecount.Step0.6": 0.32868228622593654,
    "steady_state_voltage_stimend.Step-0.2": 0.5433767381714146,
    "AHP_depth_diff.Step1.0": 2.2862042063284997,
    "AP2_AP1_peak_diff.Step1.0": 1.110867729441811,
    "AP_duration_half_width_change.Step0.8": 1.0986418870703136,
    "AP_duration_change.Step1.0": 2.812262958292335,
    "AP_duration_change.Step0.8": 1.439958592144274,
    "voltage_base.Step-0.2": 0.748502297231849,
    "time_to_last_spike.Step0.8": 1.049427063637499,
    "AP2_width.Step0.8": 7.328560367937268,
    "steady_state_hyper.Step-1.0": 0.11811153269522591,
    "voltage_base.Step1.0": 0.8369201239864519,
    "AP_width.Step0.8": 6.570234484786457,
    "AP2_peak.Step1.0": 1.7840970314948172,
    "voltage_after_stim.Step1.0": 0.09517314537603887,
    "minimum_voltage.Step-0.8": 0.10231793019963538,
    "voltage_deflection_begin.Step-0.2": 0.08703211467547482,
    "inv_time_to_first_spike.Step0.8": 0.8057857120314798,
    "amp_drop_second_last.Step0.8": 0.8769520024992932,
    "number_initial_spikes.Step0.8": 0.5390612041797975,
    "steady_state_voltage.Step0.6": 0.8358966598402604,
    "inv_third_ISI.Step0.8": 2.996192041921389,
    "voltage_deflection_vb_ssse.Step-0.4": 0.6988487933868556,
    "voltage_deflection_vb_ssse.Step-1.0": 0.4382155819427504,
    "voltage_after_stim.Step-0.4": 0.9462250971842288,
    "inv_last_ISI.Step0.6": 3.085147873300103,
    "number_initial_spikes.Step0.2": 0.6436917421557043,
    "steady_state_voltage_stimend.Step-0.8": 0.14731422246470519,
    "AP_duration.Step1.0": 4.3662138216248305,
    "sag_ratio1.Step-0.6": 0.6720716040347173,
    "fast_AHP.Step1.0": 0.02650980834680059,
    "time_to_first_spike.Step0.8": 0.2795258184774104,
    "sag_ratio2.Step-0.4": 0.7603277275049841,
    "inv_second_ISI.Step0.6": 0.9742505789550864,
    "maximum_voltage.Step0.4": 1.637157006059177,
    "AP_rise_rate_change.Step0.8": 1.4216027611521662,
    "voltage_base.Step-0.4": 0.7532547363429871,
    "steady_state_hyper.Step-0.6": 0.1622567680203324,
    "AP_begin_voltage.Step1.0": 0.6805633575286701,
    "maximum_voltage_from_voltagebase.Step0.6": 2.397310839761089,
    "Spikecount_stimint.Step0.2": 0.7125494357094627,
    "voltage_base.Step-1.0": 0.7989263934256206,
    "Spikecount_stimint.Step1.0": 1.0119704742732214,
    "AP2_peak.Step0.8": 2.120137680636846,
    "voltage_after_stim.Step-0.2": 0.7981837426994302,
    "AP_fall_time.Step0.8": 11.816120906801691,
    "inv_third_ISI.Step1.0": 3.4818194500894535,
    "sag_ratio1.Step-0.8": 0.19250459369764186,
    "max_amp_difference.Step1.0": 1.352415165803302,
    "fast_AHP_change.Step0.8": 0.10138734280127086,
    "inv_last_ISI.Step1.0": 3.161540993846876,
    "AHP_depth_abs.Step1.0": 0.7860293003310064,
    "voltage_after_stim.Step0.8": 0.2895901437815105,
    "APlast_amp.Step1.0": 1.2831420190735086,
    "sag_amplitude.Step-0.4": 0.42218479161151173,
    "voltage_deflection.Step-0.2": 0.4956713264025251,
    "steady_state_voltage.Step0.4": 1.096714793842832,
    "voltage_deflection_begin.Step-0.6": 0.22924672646418714,
    "fast_AHP.Step0.8": 0.13109200412070632,
    "inv_first_ISI.Step1.0": 0.3535766824520089,