{
    "doublet_ISI.Step1.0": 0.5908358439006681, 
    "steady_state_voltage.Step-0.2": 0.7217624759015522, 
    "fast_AHP.Step1.0": 0.024640875436900633, 
    "steady_state_hyper.Step-0.2": 0.5523233356570818, 
    "AP_begin_voltage.Step0.8": 0.7772562819806965, 
    "AHP_depth.Step1.0": 0.3010188743845676, 
    "AP_amplitude_from_voltagebase.Step1.0": 1.604935566095929, 
    "voltage_deflection_vb_ssse.Step-1.0": 0.43821730591672436, 
    "steady_state_voltage.Step1.0": 0.11070685726978288, 
    "AP_height.Step0.8": 1.6932713995857378, 
    "voltage_base.Step-0.4": 0.7532546261913379, 
    "inv_second_ISI.Step0.8": 1.3602778199682188, 
    "amp_drop_first_last.Step0.8": 1.1951596809565266, 
    "inv_fourth_ISI.Step1.0": 4.858223422822111, 
    "voltage_after_stim.Step-1.0": 1.3762913363483196, 
    "voltage_deflection_begin.Step-0.6": 0.2292502228255933, 
    "AHP_depth_from_peak.Step0.8": 2.7101529879700657, 
    "voltage_base.Step-0.8": 0.7971623806468204, 
    "peak_voltage.Step1.0": 1.2722344652197926, 
    "AP_begin_width.Step0.8": 4.630678497414103, 
    "AP2_AP1_peak_diff.Step1.0": 1.1110218869877848, 
    "AHP_depth.Step0.8": 0.37716483857581856, 
    "sag_amplitude.Step-1.0": 0.10202346837781665, 
    "AP_fall_rate.Step0.8": 5.350546952054135, 
    "AP_amplitude_change.Step1.0": 1.4624299124457387, 
    "doublet_ISI.Step0.8": 0.5807267174339005, 
    "inv_fifth_ISI.Step0.8": 3.5099651060892114, 
    "AHP_time_from_peak.Step1.0": 7.240828187420005, 
    "inv_fifth_ISI.Step0.4": 0.6187249141992903, 
    "AP_duration_half_width_change.Step0.8": 1.0986418870703136, 
    "inv_fifth_ISI.Step0.6": 1.526421610338997, 
    "AHP1_depth_from_peak.Step0.8": 6.787541222876948, 
    "inv_fifth_ISI.Step0.2": 0.19267591481285065, 
    "maximum_voltage_from_voltagebase.Step0.6": 2.397291632455193, 
    "maximum_voltage_from_voltagebase.Step0.4": 1.7517205370380653, 
    "maximum_voltage_from_voltagebase.Step0.2": 0.9758875411653603, 
    "steady_state_voltage_stimend.Step-1.0": 0.13007997165750837, 
    "min_voltage_between_spikes.Step0.8": 1.027809097403182, 
    "AP2_peak.Step0.8": 2.1201443498980415, 
    "AP_amplitude.Step1.0": 2.147587124949899, 
    "Spikecount_stimint.Step1.0": 1.0119704742732214, 
    "maximum_voltage_from_voltagebase.Step0.8": 3.4115217837489116, 
    "amp_drop_first_second.Step0.8": 1.125771758936716, 
    "voltage_after_stim.Step0.2": 0.79882607092754, 
    "voltage_deflection_begin.Step-0.4": 0.10563894182856644, 
    "steady_state_voltage_stimend.Step-0.4": 0.3000313579982412, 
    "inv_third_ISI.Step1.0": 3.4818194500894535, 
    "AP2_width.Step1.0": 7.330038611301093, 
    "inv_second_ISI.Step1.0": 1.5268008092198022, 
    "amp_drop_second_last.Step0.8": 0.8822648254078284, 
    "voltage_base.Step-0.6": 0.7716682865932462, 
    "voltage_deflection.Step-0.2": 0.4956808688576704, 
    "AHP2_depth_from_peak.Step0.8": 3.0240368421387713, 
    "inv_last_ISI.Step1.0": 3.161540993846876, 
    "AP_rise_time.Step0.8": 7.632085561485654, 
    "voltage_deflection_begin.Step-0.2": 0.08702568063614513, 
    "AP_duration_half_width.Step0.8": 1.0911983032941315, 
    "AP2_begin_voltage.Step1.0": 1.0557226019455495, 
    "Spikecount.Step0.8": 0.6462258490339615, 
    "Spikecount.Step0.6": 0.32868228622593654, 
    "Spikecount.Step0.4": 1.1828593526891957, 
    "Spikecount.Step0.2": 0.7125494357094627, 
    "AP_fall_time.Step1.0": 10.04436619718364, 
    "inv_first_ISI.Step0.4": 1.0094421385060977, 
    "voltage_deflection_vb_ssse.Step-0.8": 0.5476284432612777, 
    "inv_first_ISI.Step0.6": 0.12774289545127115, 
    "voltage_base.Step-0.2": 0.7485021877918615, 
    "inv_first_ISI.Step0.2": 0.590739108988115, 
    "voltage_deflection_vb_ssse.Step-0.2": 0.496264515664925, 
    "voltage_deflection_vb_ssse.Step-0.6": 0.7045201794186451, 
    "AP_begin_voltage.Step1.0": 0.680816595806768, 
    "sag_ratio2.Step-1.0": 0.0025403873193028718, 
    "AP_rise_rate.Step0.8": 2.6474891612176004, 
    "steady_state_voltage.Step0.4": 1.0967336022043896, 
    "steady_state_voltage.Step0.6": 0.8360088656459064, 
    "inv_time_to_first_spike.Step0.8": 0.8057857120314798, 
    "ISI_values.Step0.8": 0.3873044454781463, 
    "inv_time_to_first_spike.Step1.0": 0.8504273285475266, 
    "inv_time_to_first_spike.Step0.4": 0.8902179275820988, 
    "Spikecount_stimint.Step0.4": 1.1828593526891957, 
    "inv_time_to_first_spike.Step0.6": 0.7248575647785358, 
    "steady_state_voltage.Step0.8": 0.5069218492081863, 
    "inv_time_to_first_spike.Step0.2": 0.6944853634392383, 
    "minimum_voltage.Step-0.4": 0.5114447196490257, 
    "steady_state_voltage.Step-0.8": 0.9212528081885021, 
    "minimum_voltage.Step-0.6": 0.19898497927404163, 
    "min_AHP_values.Step0.8": 0.8857294046224975, 
    "minimum_voltage.Step-0.2": 0.7287739680862984, 
    "sag_ratio1.Step-1.0": 0.002540387319303302, 
    "minimum_voltage.Step-0.8": 0.10231556391660848, 
    "steady_state_voltage.Step-0.4": 0.7513363764668437, 
    "steady_state_voltage.Step-0.6": 0.8222501080821537, 
    "APlast_amp.Step0.8": 1.5846268919268074, 
    "sag_ratio2.Step-0.2": 1.7977238978762193, 
    "AP_duration_half_width_change.Step1.0": 1.9666080843685139, 
    "sag_ratio2.Step-0.6": 0.6720682742595908, 
    "sag_ratio2.Step-0.4": 0.7603259794561351, 
    "sag_ratio2.Step-0.8": 0.19250224220793144, 
    "AP_fall_rate.Step1.0": 4.470871169701382, 
    "maximum_voltage_from_voltagebase.Step1.0": 3.2083753232007006, 
    "AP_amplitude.Step0.8": 2.6639678430157177, 
    "AHP_depth_abs.Step1.0": 0.7860136682733336, 
    "amp_drop_first_second.Step1.0": 1.1110218869877848, 
    "number_initial_spikes.Step1.0": 1.013908662797065, 
    "voltage_deflection_vb_ssse.Step-0.4": 0.698854640967325, 
    "time_to_last_spike.Step0.8": 1.0482527730851372, 
    "AP1_peak.Step1.0": 2.698909163221342, 
    "irregularity_index.Step0.8": 1.3850139705553524, 
    "AP_height.Step1.0": 1.2722344652197926, 
    "AP2_begin_width.Step0.8": 2.653817504649566, 
    "amp_drop_second_last.Step1.0": 0.8334152207730071, 
    "min_voltage_between_spikes.Step1.0": 0.9555262724380107, 
    "fast_AHP_change.Step0.8": 0.10193272258266814, 
    "AP_rise_rate_change.Step1.0": 2.4140522381969625, 
    "AHP2_depth_from_peak.Step1.0": 2.8996668324360404, 
    "AP_width.Step0.8": 6.570234484786457, 
    "voltage_deflection.Step-0.4": 0.7229089548380038, 
    "AP_duration_half_width.Step1.0": 1.3959660297301868, 
    "time_to_last_spike.Step1.0": 1.3099265279347454, 
    "AHP_depth_abs.Step0.8": 0.8857294046224975, 
    "min_AHP_values.Step1.0": 0.7860136682733336, 
    "steady_state_hyper.Step-0.6": 0.1622543959638049, 
    "steady_state_hyper.Step-0.4": 0.3043964568353325, 
    "maximum_voltage.Step1.0": 2.7000564079116818, 
    "time_to_second_spike.Step1.0": 0.12270566870468257, 
    "steady_state_hyper.Step-0.8": 0.13771194360230687, 
    "AP_fall_time.Step0.8": 11.816120906801691, 
    "time_to_second_spike.Step0.8": 0.09076515007257, 
    "spike_width2.Step0.8": 7.936327647378896, 
    "ISI_values.Step1.0": 1.9246232285774623, 
    "AP_rise_rate.Step1.0": 2.4448914345028436, 
    "sag_ratio1.Step-0.6": 0.6720682742595908, 
    "minimum_voltage.Step-1.0": 0.06443191558593238, 
    "sag_ratio1.Step-0.4": 0.7603259794561346, 
    "sag_ratio1.Step-0.2": 1.7977238978762196, 
    "voltage_after_stim.Step0.6": 0.6384676872716264, 
    "voltage_after_stim.Step0.4": 0.8954484911581062, 
    "inv_second_ISI.Step0.4": 0.9266195149183148, 
    "voltage_after_stim.Step0.8": 0.28986033353294643, 
    "steady_state_voltage.Step-1.0": 0.940504408015976, 
    "sag_ratio1.Step-0.8": 0.19250224220793144, 
    "maximum_voltage.Step0.4": 1.6371383653025238, 
    "steady_state_voltage_stimend.Step-0.8": 0.1473124141355546, 
    "APlast_amp.Step1.0": 1.2913036427962155, 
    "spike_width2.Step1.0": 6.6694246737044525, 
    "mean_frequency.Step0.8": 0.08960502152525626, 
    "inv_third_ISI.Step0.8": 2.996192041921389, 
    "steady_state_voltage.Step0.2": 0.885635589267303,