{
    "AP1_amp_at_50": 0.6673790200252058, 
    "AP1_amp_at_150": 0.02931673686452321, 
    "AP1_amp_at_250": 0.3089140793424725, 
    "AP1_amp_strong_propagating_at_350": 0.2771545343493736, 
    "AP1_amp_weak_propagating_at_350": 17.151973173397757, 
    "APlast_amp_at_50": 0.0085886124537147, 
    "APlast_amp_at_150": 1.712562924912003, 
    "APlast_amp_at_250": 11.830614983193273, 
    "APlast_amp_at_350": 8.253589665139353
}