{
    "AP1_amp_at_50": 0.6787344638147769,
    "AP1_amp_at_150": 0.15645578655900141,
    "AP1_amp_at_250": 0.19735770059444552,
    "AP1_amp_strong_propagating_at_350": 1.4724577011994988,
    "AP1_amp_weak_propagating_at_350": 13.43303863130714,
    "APlast_amp_at_50": 0.0905907095048845,
    "APlast_amp_at_150": 1.2887294357842065,
    "APlast_amp_at_250": 9.990498517692176,
    "APlast_amp_at_350": 6.020957066878482
}