{
    "AP1_amp_at_50": 0.6673648343138432,
    "AP1_amp_at_150": 0.02930684359875929,
    "AP1_amp_at_250": 0.3089213994195624,
    "AP1_amp_strong_propagating_at_350": 0.27716973298858016,
    "AP1_amp_weak_propagating_at_350": 17.15192588602673,
    "APlast_amp_at_50": 0.008789174049992217,
    "APlast_amp_at_150": 1.7127391865898765,
    "APlast_amp_at_250": 11.830903964662035,
    "APlast_amp_at_350": 8.253700781889805
}