{
    "Z_score_avg_weak_propagating": 4.995367399416038, 
    "Z_score_avg_strong_propagating": 2.8860150695349898
}