{
    "Z_score_avg_weak_propagating": 4.995456508818826,
    "Z_score_avg_strong_propagating": 2.8861119896890566
}