{
    "Z_score_avg_strong_propagating": 2.486972672753434,
    "Z_score_avg_weak_propagating": 3.982045289016889
}