{
    "AP2_amp.Step0.15": 8.986485155515846, 
    "decay_time_constant_after_stim.Step0.15": 2.247131420621202, 
    "AP_begin_voltage.Step0.2": 3.4185280823712145, 
    "doublet_ISI.Step0.15": 0.8631803482291686, 
    "peak_voltage.Step0.25": 5.339194862033875, 
    "AP_duration_half_width.Step0.15": 6.025078369912133, 
    "AHP_time_from_peak.Step0.15": 0.9231508780892298, 
    "inv_third_ISI.Step0.25": 10.114033355762443, 
    "irregularity_index.Step0.25": 1.9422586952700103, 
    "inv_time_to_first_spike.Step0.15": 1.8867255620170795, 
    "voltage_base.Step-0.2": 3.0889710216040682, 
    "inv_first_ISI.Step0.25": 1.8811717781408055, 
    "spike_width2.Step0.2": 2.413000282241447, 
    "AP_amplitude_from_voltagebase.Step0.25": 5.443045367388859, 
    "spike_half_width.Step0.15": 6.971884342135877, 
    "voltage_deflection.Step-0.25": 7.260125457927682, 
    "steady_state_voltage_stimend.Step-0.25": 7.4553314846702925, 
    "amp_drop_first_last.Step0.2": 4.480971542626692, 
    "mean_frequency.Step0.15": 0.5951470443028051, 
    "AHP_depth_diff.Step0.25": 9.465919769534585, 
    "AP_begin_width.Step0.25": 0.7541826191863328, 
    "steady_state_hyper.Step-0.1": 10.327665912699178, 
    "AP_fall_rate.Step0.25": 5.878314264261249, 
    "AP1_peak.Step0.15": 4.8183688324247615, 
    "AP2_width.Step0.15": 4.3079333253734, 
    "time_to_last_spike.Step0.15": 0.07978762667228959, 
    "AP_duration_half_width_change.Step0.2": 0.9296266451880856, 
    "spike_width2.Step0.25": 1.4827611388649307, 
    "voltage_base.Step0.2": 0.9204720207744158, 
    "AHP1_depth_from_peak.Step0.2": 5.064967594607451, 
    "AP2_begin_width.Step0.15": 0.32302749394458175, 
    "AP_rise_time.Step0.25": 8.783037475328351, 
    "AP_fall_rate.Step0.2": 5.3062931429312865, 
    "voltage_after_stim.Step-0.25": 0.30425228444809066, 
    "inv_fifth_ISI.Step0.1": 0.5, 
    "inv_fifth_ISI.Step0.2": 4.950433330134673, 
    "voltage_base.Step-0.25": 3.162572281554549, 
    "min_voltage_between_spikes.Step0.2": 2.251942865068991, 
    "AP2_peak.Step0.2": 4.942736638660778, 
    "decay_time_constant_after_stim.Step0.25": 2.7842391272642852, 
    "amp_drop_first_second.Step0.2": 4.702214680916103, 
    "inv_second_ISI.Step0.25": 6.097403586339387, 
    "maximum_voltage_from_voltagebase.Step0.1": 0.28097073372616815, 
    "inv_last_ISI.Step0.15": 1.9309836806391643, 
    "inv_fifth_ISI.Step0.25": 8.027836831215314, 
    "mean_frequency.Step0.25": 9.34756949344668, 
    "ISI_semilog_slope.Step0.25": 13.48115587105286, 
    "AHP1_depth_from_peak.Step0.15": 5.230600924406313, 
    "amp_drop_second_last.Step0.2": 0.366384695428711, 
    "AP1_peak.Step0.2": 4.412924430895622, 
    "number_initial_spikes.Step0.2": 7.001500375093774, 
    "maximum_voltage_from_voltagebase.Step0.25": 4.378511437723767, 
    "AP_duration.Step0.15": 8.63887107120634, 
    "inv_fifth_ISI.Step0.15": 1.3801822628099805, 
    "AHP2_depth_from_peak.Step0.25": 6.1795789273787, 
    "APlast_amp.Step0.2": 6.9329357476389815, 
    "voltage_after_stim.Step0.25": 5.235319647849577, 
    "AHP2_depth_from_peak.Step0.2": 5.456337587121501, 
    "Spikecount.Step0.15": 0.5608307045215563, 
    "decay_time_constant_after_stim.Step-0.05": 0.5505011439587302, 
    "time_to_first_spike.Step0.2": 1.3503715259903009, 
    "AP_rise_time.Step0.2": 9.965986394535138, 
    "irregularity_index.Step0.15": 21.46072058884706, 
    "min_AHP_values.Step0.25": 0.7518357036965188, 
    "voltage_deflection.Step-0.15": 8.808072825469093, 
    "time_to_last_spike.Step0.25": 46.21188305561809, 
    "voltage_deflection_vb_ssse.Step-0.1": 9.354747308021647, 
    "voltage_after_stim.Step-0.15": 1.3339143700519398, 
    "AP1_peak.Step0.25": 4.315587159175817, 
    "AP_duration_half_width.Step0.2": 5.717925107433174, 
    "voltage_deflection_begin.Step-0.25": 6.158937189545003, 
    "Spikecount.Step0.2": 1.1341910787389018, 
    "Spikecount.Step0.1": 0.35603026257231857, 
    "Spikecount_stimint.Step0.15": 0.5608307045215563, 
    "AP_rise_rate_change.Step0.25": 1.4290680009072343, 
    "inv_first_ISI.Step0.1": 0.6617676236947112, 
    "voltage_after_stim.Step-0.1": 1.8559757000458217, 
    "inv_first_ISI.Step0.2": 1.288099824680995, 
    "burst_mean_freq.Step0.25": 10.343432080322794, 
    "spike_width2.Step0.15": 3.6305579392111187, 
    "fast_AHP_change.Step0.25": 0.5931657546118025, 
    "AHP_depth_from_peak.Step0.2": 5.15553857104733, 
    "Spikecount_stimint.Step0.2": 1.1341910787389018, 
    "time_to_first_spike.Step0.15": 1.8400916947548427, 
    "max_amp_difference.Step0.25": 5.366525851825923, 
    "steady_state_voltage.Step0.1": 0.9115836869363279, 
    "time_constant.Step-0.25": 1.7090736113038116, 
    "ISI_log_slope_skip.Step0.2": 7.371719554943645, 
    "steady_state_voltage.Step0.2": 2.4934630106195894, 
    "voltage_base.Step-0.1": 2.6399409736039963, 
    "voltage_deflection.Step-0.2": 8.531643829145503, 
    "AP_rise_rate.Step0.2": 6.1593366696436265, 
    "single_burst_ratio.Step0.25": 0.20387901051526486, 
    "ISI_values.Step0.2": 2.2574361265148934, 
    "AP_width.Step0.25": 0.4644322845501017, 
    "AHP_time_from_peak.Step0.25": 0.8795857067578071, 
    "AP_duration.Step0.25": 8.577135832826853, 
    "voltage_base.Step0.05": 1.1160121666610137, 
    "peak_voltage.Step0.15": 5.067146638366904, 
    "minimum_voltage.Step-0.1": 9.531668795893522, 
    "minimum_voltage.Step-0.2": 9.004158821952526, 
    "AP_begin_voltage.Step0.15": 3.967482787110314, 
    "steady_state_voltage.Step-0.1": 3.649158397616425, 
    "AP_rise_rate.Step0.15": 5.752327071263469, 
    "AP_amplitude_change.Step0.15": 5.478332023298118, 
    "AP_height.Step0.25": 5.339194862033875, 
    "sag_ratio2.Step-0.2": 0.07800812234813842, 
    "sag_ratio2.Step-0.1": 1.6683665131979657, 
    "decay_time_constant_after_stim.Step-0.1": 0.3875621251408299, 
    "decay_time_constant_after_stim.Step-0.2": 0.19004781120800757, 
    "sag_amplitude.Step-0.15": 5.753801574886404, 
    "AHP_depth.Step0.2": 2.347013589068931, 
    "inv_fourth_ISI.Step0.15": 1.1480666113271263, 
    "sag_ratio1.Step-0.15": 0.675459016770677, 
    "doublet_ISI.Step0.2": 0.9484220478112829, 
    "AHP_depth_abs.Step0.15": 0.4843844840072036, 
    "ISI_values.Step0.15": 0.4431653882494786, 
    "time_to_last_spike.Step0.2": 22.21662888463887, 
    "AP_rise_rate_change.Step0.15": 0.8980850078926205, 
    "sag_amplitude.Step-0.05": 1.226970625941418, 
    "AP_amplitude.Step0.2": 7.938047606248935, 
    "voltage_deflection_vb_ssse.Step-0.25": 7.345858686528191, 
    "spike_half_width.Step0.25": 3.634247285222615, 
    "AP2_begin_width.Step0.2": 0.30456816559853445, 
    "AP2_peak.Step0.15": 5.317420394813114, 
    "maximum_voltage_from_voltagebase.Step0.05": 5.451332954045896, 
    "AP2_amp.Step0.25": 8.387662995519058, 
    "number_initial_spikes.Step0.15": 1.8260750479320738, 
    "AP_amplitude_from_voltagebase.Step0.15": 4.945230462079457, 
    "AP_width.Step0.15": 1.2677857713710805, 
    "burst_mean_freq.Step0.2": 1.9464795799343853, 
    "AP_begin_voltage.Step0.25": 3.0982963663199494, 
    "voltage_base.Step0.15": 1.130365504750848, 
    "voltage_base.Step0.25": 0.5061234885008117, 
    "AHP_depth.Step0.25": 2.5371153302351113, 
    "APlast_amp.Step0.15": 7.235794500371898, 
    "voltage_deflection_begin.Step-0.1": 6.13925529548049, 
    "voltage_base.Step-0.05": 2.724900372719837, 
    "AP_amplitude.Step0.25": 8.627559252536248, 
    "initburst_sahp_ssse.Step0.25": 11.227419642645074, 
    "AHP_depth_diff.Step0.2": 7.850537041987995, 
    "amp_drop_second_last.Step0.25": 0.07694359063592224, 
    "initburst_sahp.Step0.25": 2.450928437040495, 
    "voltage_base.Step-0.15": 2.848455666689311, 
    "steady_state_voltage.Step-0.2": 3.109280180966478, 
    "AHP_depth_abs.Step0.2": 0.42099059370032643, 
    "AP_duration_change.Step0.25": 2.3704240137258505, 
    "AP_width.Step0.2": 0.5621257484917618, 
    "steady_state_voltage_stimend.Step-0.1": 10.10382816383421,