{
    "peak_voltage.Step0.25": 5.338794759374082,
    "burst_mean_freq.Step0.25": 10.343432080322794,
    "number_initial_spikes.Step0.15": 1.8260750479320738,
    "AP2_begin_voltage.Step0.2": 3.227427159251233,
    "inv_fifth_ISI.Step0.25": 8.027836831215314,
    "inv_third_ISI.Step0.25": 10.114033355762443,
    "AP2_width.Step0.2": 3.4585008443334138,
    "sag_ratio1.Step-0.25": 0.3960422395860245,
    "APlast_amp.Step0.25": 7.846368563339389,
    "AHP2_depth_from_peak.Step0.25": 6.1797095989885085,
    "maximum_voltage.Step0.15": 4.888504122861138,
    "sag_ratio2.Step-0.15": 0.6754631655055429,
    "voltage_deflection.Step-0.25": 7.260121367310298,
    "AP_amplitude_change.Step0.2": 13.06894313524533,
    "AP_duration.Step0.2": 6.004041311185862,
    "inv_last_ISI.Step0.25": 5.372844407683011,
    "voltage_after_stim.Step0.2": 3.0320513473557003,
    "AP_duration_half_width_change.Step0.15": 2.9079010375099763,
    "voltage_after_stim.Step0.1": 1.6021745063213695,
    "AP_begin_voltage.Step0.15": 3.9185884791991685,
    "AHP_depth.Step0.15": 2.7473029694730267,
    "sag_amplitude.Step-0.05": 1.226988855938924,
    "AP_amplitude.Step0.2": 7.935769944493295,
    "AP_rise_rate.Step0.15": 5.745436134279688,
    "initburst_sahp.Step0.25": 2.4522721603263222,
    "steady_state_hyper.Step-0.1": 10.327652671214455,
    "AP_duration.Step0.25": 8.577135832826853,
    "steady_state_voltage.Step0.15": 2.390693979113682,
    "maximum_voltage_from_voltagebase.Step0.1": 0.2813079761670785,
    "AP1_peak.Step0.2": 4.412948606585038,
    "sag_ratio2.Step-0.1": 1.66837108844295,
    "spike_half_width.Step0.25": 3.6087289455638056,
    "time_to_second_spike.Step0.25": 3.6100783288964857,
    "ISI_values.Step0.2": 2.2574361265148934,
    "minimum_voltage.Step-0.25": 8.19985708602468,
    "sag_ratio1.Step-0.2": 0.07800538882277833,
    "maximum_voltage_from_voltagebase.Step0.2": 4.398723466715293,
    "Spikecount_stimint.Step0.2": 1.1341910787389018,
    "sag_ratio2.Step-0.05": 5.664865875550602,
    "voltage_deflection_vb_ssse.Step-0.25": 7.345854550349067,
    "burst_number.Step0.2": 0.5003750937734432,
    "decay_time_constant_after_stim.Step0.15": 2.247411270477643,
    "AP_amplitude_from_voltagebase.Step0.2": 4.9664460099975765,
    "inv_first_ISI.Step0.1": 0.6617676236947112,
    "min_AHP_values.Step0.2": 0.4210894626717853,
    "AP_height.Step0.2": 5.0473681410229,
    "fast_AHP.Step0.2": 4.668191880592101,
    "burst_mean_freq.Step0.2": 1.9464795799343853,
    "maximum_voltage.Step0.1": 0.24770541558998477,
    "voltage_base.Step0.1": 1.121918069358733,
    "steady_state_voltage_stimend.Step-0.25": 7.455327588290024,
    "AP_rise_rate.Step0.25": 5.951668542124204,
    "mean_frequency.Step0.2": 6.671797627718866,
    "decay_time_constant_after_stim.Step-0.05": 0.5504870554430604,
    "ISI_CV.Step0.25": 5.970199015004995,
    "AP2_AP1_peak_diff.Step0.25": 5.179105746069842,
    "time_constant.Step-0.25": 1.7090747005757896,
    "AP_rise_rate_change.Step0.25": 1.4159495264782984,
    "AP1_peak.Step0.25": 4.3155852339709515,
    "amp_drop_first_second.Step0.2": 4.7025811266361215,
    "AP2_AP1_peak_diff.Step0.2": 4.7025811266361215,
    "voltage_after_stim.Step0.05": 1.1553080440860968,
    "voltage_deflection_begin.Step-0.15": 6.348195676296986,
    "AP2_begin_width.Step0.15": 0.32302749394458175,
    "sag_ratio2.Step-0.2": 0.07800538882277833,
    "AP_duration.Step0.15": 8.63887107120634,
    "inv_last_ISI.Step0.1": 0.725294342231532,
    "AP_duration_change.Step0.25": 2.3704240137258505,
    "AP_fall_rate.Step0.25": 5.857475612534427,
    "time_to_first_spike.Step0.15": 1.8400916947548427,
    "steady_state_voltage_stimend.Step-0.05": 9.126195042292274,
    "voltage_deflection.Step-0.2": 8.531637950060208,
    "voltage_deflection_vb_ssse.Step-0.2": 8.687384547165308,
    "ISI_log_slope_skip.Step0.2": 7.371719554943645,
    "AP_fall_time.Step0.15": 11.514600908501565,
    "AP_duration_half_width.Step0.15": 6.286311389765605,
    "AHP_time_from_peak.Step0.15": 0.9359697474649391,
    "AP_rise_time.Step0.15": 9.136752136731246,
    "AP_amplitude_change.Step0.15": 5.230051798524102,
    "AP2_amp.Step0.2": 7.448396133910138,
    "ISI_log_slope.Step0.25": 4.61297603435211,
    "AHP_depth_diff.Step0.15": 4.162903105250891,
    "spike_half_width.Step0.15": 6.666291608534407,
    "voltage_after_stim.Step-0.1": 1.8559862119941961,
    "single_burst_ratio.Step0.25": 0.20387901051526486,
    "APlast_amp.Step0.2": 6.923514774844941,
    "voltage_deflection.Step-0.05": 10.81221687252023,
    "AP_amplitude_change.Step0.25": 11.58508059356424,
    "sag_ratio1.Step-0.1": 1.6683710884429483,
    "AP1_peak.Step0.15": 4.818326103083044,
    "steady_state_voltage.Step0.05": 0.664558631248277,
    "voltage_deflection.Step-0.1": 9.364161142247124,
    "ISI_semilog_slope.Step0.2": 9.026769943860792,
    "AP_duration_half_width_change.Step0.25": 3.126593337675835,
    "AP_fall_time.Step0.25": 9.765517241379658,
    "minimum_voltage.Step-0.2": 9.004151592993395,
    "Spikecount_stimint.Step0.1": 0.35603026257231857,
    "voltage_after_stim.Step-0.15": 1.3339301523809515,
    "AP_begin_width.Step0.15": 0.2881017156199755,
    "AHP_depth_diff.Step0.2": 7.85092383738166,
    "inv_fourth_ISI.Step0.2": 6.03166001195056,
    "ISI_CV.Step0.2": 6.804317605104328,
    "AP_fall_rate.Step0.2": 5.322904873231065,
    "sag_ratio1.Step-0.15": 0.6754631655055408,
    "amp_drop_first_last.Step0.25": 6.653879496248088,
    "steady_state_voltage.Step-0.1": 3.649161720473596,
    "inv_time_to_first_spike.Step0.25": 1.2699604706249252,
    "voltage_deflection_begin.Step-0.1": 6.139246722397533,
    "amp_drop_first_last.Step0.2": 4.517949887320357,
    "AP_rise_rate_change.Step0.2": 0.030615949972947434,
    "AP_amplitude_from_voltagebase.Step0.15": 4.94234727710669,
    "amp_drop_first_second.Step0.15": 7.373978954335656,
    "AP_amplitude_from_voltagebase.Step0.25": 5.442630497786537,
    "voltage_base.Step-0.15": 2.8484552722940943,
    "AP_rise_time.Step0.2": 9.965986394535138,
    "ISI_values.Step0.15": 0.4431653882494786,
    "AP_begin_width.Step0.25": 0.7541826191863328,
    "time_to_first_spike.Step0.2": 1.3503715259903009,
    "inv_first_ISI.Step0.15": 1.1495378492502786,
    "voltage_base.Step-0.2": 3.0889706087461275,
    "decay_time_constant_after_stim.Step-0.25": 0.43336960543555986,
    "ISI_log_slope.Step0.2": 6.905687771206448,
    "mean_frequency.Step0.15": 0.5951470443028051,
    "max_amp_difference.Step0.25": 5.366634204010944,
    "doublet_ISI.Step0.25": 1.4531751263450785,
    "AHP_depth_from_peak.Step0.25": 5.698570649664202,
    "number_initial_spikes.Step0.2": 7.001500375093774,
    "adaptation_index.Step0.25": 7.5951789837535655,
    "maximum_voltage.Step0.2": 4.530884149920732,
    "AHP_depth_from_peak.Step0.2": 5.156280875315631,
    "spike_half_width.Step0.2": 5.389472118605893,
    "AP_duration_change.Step0.2": 0.9770872567588003,
    "voltage_deflection.Step-0.15": 8.808064343063661,
    "inv_fifth_ISI.Step0.15": 1.3801822628099805,
    "steady_state_voltage.Step0.25": 5.323681246775832,
    "maximum_voltage.Step0.25": 4.3430343281570805,
    "inv_second_ISI.Step0.25": 6.097403586339387,
    "inv_fifth_ISI.Step0.1": 0.5,
    "min_voltage_between_spikes.Step0.25": 2.240159226063824,
    "Spikecount.Step0.25": 1.2613114222390396,
    "sag_amplitude.Step-0.15": 5.753786835774429,
    "AP_begin_voltage.Step0.2": 3.4107743331306364,
    "inv_fourth_ISI.Step0.15": 1.1480666113271263,
    "AP_width.Step0.15": 1.2677857713710805,
    "spike_width2.Step0.2": 2.436253708627534,
    "voltage_base.Step0.15": 1.1303652755121727,
    "amp_drop_second_last.Step0.15": 1.7439748659457863,
    "AP_duration_half_width_change.Step0.2": 0.9296266451880856,
    "time_constant.Step-0.1": 1.1207451631670868,
    "AP2_width.Step0.15": 4.324181788203619,
    "voltage_base.Step0.2": 0.9204718059804617,
    "voltage_deflection_begin.Step-0.25": 6.158933271971582,