{
    "('dendA5_01', 0.40909090909090906)": {
        "distance": 50.976019794540925,
        "EPSP_amp_dendrite": 0.5246823635268214,
        "EPSP_amp_soma": 0.4662108994124594
    },
    "('dendA5_01111111111111', 0.6818181818181819)": {
        "distance": 313.99289202722485,
        "EPSP_amp_dendrite": 0.5725673163371425,
        "EPSP_amp_soma": 0.155770387067534
    },
    "('dendA5_01', 0.8636363636363638)": {
        "distance": 77.09033393311545,
        "EPSP_amp_dendrite": 0.5099219085562652,
        "EPSP_amp_soma": 0.42677245715564993
    },
    "('dendA5_0111111111111', 0.9285714285714284)": {
        "distance": 278.8585387217133,
        "EPSP_amp_dendrite": 0.5192998556494501,
        "EPSP_amp_soma": 0.17761511710259015
    },
    "('dendA5_01111', 0.9285714285714284)": {
        "distance": 142.45692935032375,
        "EPSP_amp_dendrite": 0.47862717350049877,
        "EPSP_amp_soma": 0.31737917771604884
    },
    "('dendA5_01111111111111', 0.9545454545454547)": {
        "distance": 327.083638729302,
        "EPSP_amp_dendrite": 0.5850140266802981,
        "EPSP_amp_soma": 0.1497606315017066
    },
    "('dendA5_0111111111111', 0.21428571428571427)": {
        "distance": 254.78367321852483,
        "EPSP_amp_dendrite": 0.49064530720704624,
        "EPSP_amp_soma": 0.1929682239230317
    },
    "('dendA5_011111111111', 0.5)": {
        "distance": 239.79096715191383,
        "EPSP_amp_dendrite": 0.47616163740563877,
        "EPSP_amp_soma": 0.20268290214553986
    },
    "('dendA5_0111111111111', 0.07142857142857142)": {
        "distance": 249.96870011788712,
        "EPSP_amp_dendrite": 0.4849951410233615,
        "EPSP_amp_soma": 0.1958570555126471
    },
    "('dendA5_0111111111111', 0.3571428571428571)": {
        "distance": 259.5986463191625,
        "EPSP_amp_dendrite": 0.49615728410825,
        "EPSP_amp_soma": 0.19012648911605368
    },
    "('dendA5_011', 0.8999999999999999)": {
        "distance": 103.9835181978471,
        "EPSP_amp_dendrite": 0.49403815133723583,
        "EPSP_amp_soma": 0.38688315198986345
    },
    "('dendA5_01111111111111', 0.045454545454545456)": {
        "distance": 283.447816389045,
        "EPSP_amp_dendrite": 0.5262788383530932,
        "EPSP_amp_soma": 0.17442053670451685
    },
    "('dendA5_011', 0.30000000000000004)": {
        "distance": 91.2775915157409,
        "EPSP_amp_dendrite": 0.5017101802665564,
        "EPSP_amp_soma": 0.4059339166696958
    },
    "('dendA5_0111111111', 0.5)": {
        "distance": 213.20068049562843,
        "EPSP_amp_dendrite": 0.46555463432004274,
        "EPSP_amp_soma": 0.2221230815598716
    },
    "('dendA5_01111111111111', 0.13636363636363635)": {
        "distance": 287.8113986230707,
        "EPSP_amp_dendrite": 0.5339802047340072,
        "EPSP_amp_soma": 0.17160554007358542
    }
}