{
    "('dendA5_01', 0.40909090909090906)": {
        "attenuation_soma/dendrite": 0.8885583580104975,
        "distance": 50.976019794540925
    },
    "('dendA5_01111111111111', 0.6818181818181819)": {
        "attenuation_soma/dendrite": 0.272056023148573,
        "distance": 313.99289202722485
    },
    "('dendA5_01', 0.8636363636363638)": {
        "attenuation_soma/dendrite": 0.8369368916977207,
        "distance": 77.09033393311545
    },
    "('dendA5_0111111111111', 0.9285714285714284)": {
        "attenuation_soma/dendrite": 0.34202805021091326,
        "distance": 278.8585387217133
    },
    "('dendA5_01111', 0.9285714285714284)": {
        "attenuation_soma/dendrite": 0.6631031318068658,
        "distance": 142.45692935032375
    },
    "('dendA5_01111111111111', 0.9545454545454547)": {
        "attenuation_soma/dendrite": 0.25599494144017965,
        "distance": 327.083638729302
    },
    "('dendA5_0111111111111', 0.21428571428571427)": {
        "attenuation_soma/dendrite": 0.3932947509912726,
        "distance": 254.78367321852483
    },
    "('dendA5_011111111111', 0.5)": {
        "attenuation_soma/dendrite": 0.4256598730839707,
        "distance": 239.79096715191383
    },
    "('dendA5_0111111111111', 0.07142857142857142)": {
        "attenuation_soma/dendrite": 0.40383302624306694,
        "distance": 249.96870011788712
    },
    "('dendA5_0111111111111', 0.3571428571428571)": {
        "attenuation_soma/dendrite": 0.38319802047806373,
        "distance": 259.5986463191625
    },
    "('dendA5_011', 0.8999999999999999)": {
        "attenuation_soma/dendrite": 0.7831037966251574,
        "distance": 103.9835181978471
    },
    "('dendA5_01111111111111', 0.045454545454545456)": {
        "attenuation_soma/dendrite": 0.331422287945946,
        "distance": 283.447816389045
    },
    "('dendA5_011', 0.30000000000000004)": {
        "attenuation_soma/dendrite": 0.8091004182016496,
        "distance": 91.2775915157409
    },
    "('dendA5_0111111111', 0.5)": {
        "attenuation_soma/dendrite": 0.4771149617794899,
        "distance": 213.20068049562843
    },
    "('dendA5_01111111111111', 0.13636363636363635)": {
        "attenuation_soma/dendrite": 0.3213706024159972,
        "distance": 287.8113986230707
    }
}