{
    "mean_attenuation_soma/dend_100_um": {
        "mean": 0.7961605192683783,
        "std": 0.0751561847107468
    },
    "mean_attenuation_soma/dend_200_um": {
        "mean": 0.43553595370217585,
        "std": 0.030721471810164293
    },
    "mean_attenuation_soma/dend_300_um": {
        "mean": 0.32848066809013504,
        "std": 0.04762279292674693
    }
}