{
    "error_attenuation_soma/dend_100_um": 1.687129805220537, 
    "error_attenuation_soma/dend_200_um": 0.45665140310601177, 
    "error_attenuation_soma/dend_300_um": 0.9604782282220644
}