{
    "Z_score_avg_weak_propagating": 6.525824852698632, 
    "Z_score_avg_strong_propagating": 3.9720469253504627
}