{
    "AP1_amp_at_50": 1.2299554953302034,
    "AP1_amp_at_150": 0.002228367031036443,
    "AP1_amp_at_250": 1.0808419842674106,
    "AP1_amp_strong_propagating_at_350": 0.9822242547248016,
    "AP1_amp_weak_propagating_at_350": 21.070265544868953,
    "APlast_amp_at_50": 0.12955663857742689,
    "APlast_amp_at_150": 2.038856130163016,
    "APlast_amp_at_250": 14.51988924528625,
    "APlast_amp_at_350": 10.597916772896104
}