{
    "Z_score_avg_weak_propagating": 6.5255800843368865,
    "Z_score_avg_strong_propagating": 3.971579614171668
}