{
    "AP1_amp_at_50": 1.3819356496758513,
    "AP1_amp_at_150": 0.07236329395962174,
    "AP1_amp_at_250": 1.1215379247567836,
    "AP1_amp_strong_propagating_at_350": 1.1451400573693147,
    "AP1_amp_weak_propagating_at_350": 21.577143818691066,
    "APlast_amp_at_50": 0.27892290317001817,
    "APlast_amp_at_150": 2.059800656680594,
    "APlast_amp_at_250": 14.880787597545018,
    "APlast_amp_at_350": 10.832148830216141
}