{
    "Z_score_avg_strong_propagating": 3.822683611034531,
    "Z_score_avg_weak_propagating": 6.3336887723025495
}