{
    "AP1_amp_at_50": 1.382311254560689, 
    "AP1_amp_at_150": 0.07254480403738514, 
    "AP1_amp_at_250": 1.12131749830314, 
    "AP1_amp_strong_propagating_at_350": 1.144296808591891, 
    "AP1_amp_weak_propagating_at_350": 21.574520227377242, 
    "APlast_amp_at_50": 0.2739062362569777, 
    "APlast_amp_at_150": 2.0620274145157675, 
    "APlast_amp_at_250": 14.884401048499212, 
    "APlast_amp_at_350": 10.835570338038641
}