{
    "threshold_error": 0.3048704464702811,
    "prox_threshold_error": 0.8672130110113718,
    "dist_threshold_error": 0.08907812630058135,
    "nonlin_at_th_error": 0.2099810095532887,
    "nonlin_suprath_error": 0.3455145980283441,
    "peak_deriv_error": 0.058701208337340716,
    "amp_at_th_error": 0.06996732413462402,
    "time_to_peak_error": 4.574284958379051,
    "async_nonlin_error": 0.18678659537620496
}