{
    "degree_of_nonlinearity_at_th": 0.26624248257353267,
    "suprath_degree_of_nonlinearity": 0.08954522521506018,
    "amplitude_at_th": 0.8806515715826666,
    "time_to_peak_at_th": 0.0019177028087482418,
    "peak_dV/dt_at_th": 0.731602957737943,
    "distal_threshold": 0.7119545305292143,
    "threshold": 0.6842357088286732,
    "asynch_degree_of_nonlin_at_th": 0.39938410527286106,
    "proximal_threshold": NaN
}