{
    "AP1_amp_at_50": 2.7103318390275493, 
    "AP1_amp_at_150": 1.3336688381627588, 
    "AP1_amp_at_250": 5.818403283870623, 
    "AP1_amp_strong_propagating_at_350": 7.622881015387322, 
    "AP1_amp_weak_propagating_at_350": 5.702710646332426, 
    "APlast_amp_at_50": 4.722181817979662, 
    "APlast_amp_at_150": 1.0722014957261812, 
    "APlast_amp_at_250": 1.3506135294613617, 
    "APlast_amp_at_350": 0.4637137887583848
}