{
    "Z_score_avg_weak_propagating": 2.8967281549148685,
    "Z_score_avg_strong_propagating": 3.13674945104673
}