{
    "doublet_ISI.Step1.0": 0.8010229103898913, 
    "steady_state_voltage.Step-0.2": 0.9633350164748876, 
    "fast_AHP.Step1.0": 0.24078367439696596, 
    "steady_state_hyper.Step-0.2": 2.4098242307759716, 
    "AP_begin_voltage.Step0.8": 0.3279715353275388, 
    "AHP_depth.Step1.0": 2.4512782998083824, 
    "AP_amplitude_from_voltagebase.Step1.0": 1.5733224821858378, 
    "voltage_deflection_vb_ssse.Step-1.0": 15.14434053082395, 
    "steady_state_voltage.Step1.0": 0.3341026303830987, 
    "AP_height.Step0.8": 0.8391681836930193, 
    "voltage_base.Step-0.4": 0.8906732767082497, 
    "inv_second_ISI.Step0.8": 1.360277819964309, 
    "amp_drop_first_last.Step0.8": 1.195555237691151, 
    "inv_fourth_ISI.Step1.0": 5.63053529312955, 
    "voltage_after_stim.Step-1.0": 1.0032931896468154, 
    "voltage_deflection_begin.Step-0.6": 7.473332779314435, 
    "AHP_depth_from_peak.Step0.8": 1.5277691007516179, 
    "voltage_base.Step-0.8": 0.8353246092947666, 
    "peak_voltage.Step1.0": 1.8442729279497898, 
    "AP_begin_width.Step0.8": 0.8613704722707249, 
    "AP2_AP1_peak_diff.Step1.0": 0.3969379366567461, 
    "AHP_depth.Step0.8": 1.8895741243533126, 
    "sag_amplitude.Step-1.0": 1.9977843025502395, 
    "AP_fall_rate.Step0.8": 0.7456834599905655, 
    "AP_amplitude_change.Step1.0": 3.7832764124927585, 
    "doublet_ISI.Step0.8": 0.621178564566, 
    "inv_fifth_ISI.Step0.8": 4.436059246250219, 
    "AHP_time_from_peak.Step1.0": 3.306841935731041, 
    "inv_fifth_ISI.Step0.4": 6.616346312189485, 
    "AP_duration_half_width_change.Step0.8": 1.7879097314479646, 
    "inv_fifth_ISI.Step0.6": 4.707146605795789, 
    "AHP1_depth_from_peak.Step0.8": 3.3706605279590525, 
    "inv_fifth_ISI.Step0.2": 12.103319685199267, 
    "maximum_voltage_from_voltagebase.Step0.6": 0.5874354788038081, 
    "maximum_voltage_from_voltagebase.Step0.4": 0.3884181636355016, 
    "maximum_voltage_from_voltagebase.Step0.2": 0.9587671252433155, 
    "steady_state_voltage_stimend.Step-1.0": 12.350370131403562, 
    "min_voltage_between_spikes.Step0.8": 0.8652357733090601, 
    "AP2_peak.Step0.8": 1.07266472092385, 
    "AP_amplitude.Step1.0": 3.125399102825137, 
    "Spikecount_stimint.Step1.0": 9.021148559430266, 
    "maximum_voltage_from_voltagebase.Step0.8": 1.1217660064640906, 
    "amp_drop_first_second.Step0.8": 0.7719028816756426, 
    "voltage_after_stim.Step0.2": 0.8229948660115727, 
    "voltage_deflection_begin.Step-0.4": 6.019767871665398, 
    "steady_state_voltage_stimend.Step-0.4": 5.806144880240927, 
    "inv_third_ISI.Step1.0": 3.8845504132048343, 
    "AP2_width.Step1.0": 2.3210732933418066, 
    "inv_second_ISI.Step1.0": 1.5268008092174024, 
    "amp_drop_second_last.Step0.8": 1.0657272176472234, 
    "voltage_base.Step-0.6": 0.8530703774888279, 
    "voltage_deflection.Step-0.2": 4.574030883668784, 
    "AHP2_depth_from_peak.Step0.8": 1.5810354692144222, 
    "inv_last_ISI.Step1.0": 14.212649992737889, 
    "AP_rise_time.Step0.8": 1.0323725055378936, 
    "voltage_deflection_begin.Step-0.2": 3.7104753705086178, 
    "AP_duration_half_width.Step0.8": 1.815404909091916, 
    "AP2_begin_voltage.Step1.0": 1.2762501405682771, 
    "Spikecount.Step0.8": 7.846513860554422, 
    "Spikecount.Step0.6": 7.292816992488683, 
    "Spikecount.Step0.4": 7.741462398857686, 
    "Spikecount.Step0.2": 7.968843445548376, 
    "AP_fall_time.Step1.0": 2.895814509706336, 
    "inv_first_ISI.Step0.4": 0.8611476187874488, 
    "voltage_deflection_vb_ssse.Step-0.8": 14.612866978061009, 
    "inv_first_ISI.Step0.6": 0.4885263715414893, 
    "voltage_base.Step-0.2": 0.8848047166254172, 
    "inv_first_ISI.Step0.2": 1.2665347098387678, 
    "voltage_deflection_vb_ssse.Step-0.2": 4.6346662361258915, 
    "voltage_deflection_vb_ssse.Step-0.6": 13.249193928631756, 
    "AP_begin_voltage.Step1.0": 0.9934236104029579, 
    "sag_ratio2.Step-1.0": 3.235656230147816, 
    "AP_rise_rate.Step0.8": 1.2190193036130648, 
    "steady_state_voltage.Step0.4": 0.7408780743779071, 
    "steady_state_voltage.Step0.6": 0.599556270331092, 
    "inv_time_to_first_spike.Step0.8": 3.54954437182766, 
    "ISI_values.Step0.8": 1.256489441346819, 
    "inv_time_to_first_spike.Step1.0": 3.1371431577155, 
    "inv_time_to_first_spike.Step0.4": 3.5338811663670993, 
    "Spikecount_stimint.Step0.4": 7.741462398857686, 
    "inv_time_to_first_spike.Step0.6": 3.7631340303454683, 
    "steady_state_voltage.Step0.8": 0.43885284916555584, 
    "inv_time_to_first_spike.Step0.2": 1.8022668612326915, 
    "minimum_voltage.Step-0.4": 2.438728219006981, 
    "steady_state_voltage.Step-0.8": 2.381080088087743, 
    "minimum_voltage.Step-0.6": 6.869646174789027, 
    "min_AHP_values.Step0.8": 0.7130712874681697, 
    "minimum_voltage.Step-0.2": 1.2665446293716236, 
    "sag_ratio1.Step-1.0": 3.2356562301478164, 
    "minimum_voltage.Step-0.8": 8.113197760851435, 
    "steady_state_voltage.Step-0.4": 1.2534265520159094, 
    "steady_state_voltage.Step-0.6": 1.794581740236804, 
    "APlast_amp.Step0.8": 0.33987397740772607, 
    "sag_ratio2.Step-0.2": 2.731137088204746, 
    "AP_duration_half_width_change.Step1.0": 1.9450704710803985, 
    "sag_ratio2.Step-0.6": 3.441397261880374, 
    "sag_ratio2.Step-0.4": 1.6391904147415246, 
    "sag_ratio2.Step-0.8": 3.2531207163452454, 
    "AP_fall_rate.Step1.0": 0.6522074943889759, 
    "maximum_voltage_from_voltagebase.Step1.0": 1.1126190232892121, 
    "AP_amplitude.Step0.8": 1.2782416994549612, 
    "AHP_depth_abs.Step1.0": 1.205850019359709, 
    "amp_drop_first_second.Step1.0": 0.3969379366567461, 
    "number_initial_spikes.Step1.0": 3.204249260760048, 
    "voltage_deflection_vb_ssse.Step-0.4": 9.672600989809219, 
    "time_to_last_spike.Step0.8": 1.0541242258469459, 
    "AP1_peak.Step1.0": 1.5160798436621046, 
    "irregularity_index.Step0.8": 1.0447162100171004, 
    "AP_height.Step1.0": 1.8442729279497898, 
    "AP2_begin_width.Step0.8": 1.2567970204835783, 
    "amp_drop_second_last.Step1.0": 1.2527039588630284, 
    "min_voltage_between_spikes.Step1.0": 1.3550885626658404, 
    "fast_AHP_change.Step0.8": 2.012882039500867, 
    "AP_rise_rate_change.Step1.0": 2.124491194878193, 
    "AHP2_depth_from_peak.Step1.0": 2.299458709987245, 
    "AP_width.Step0.8": 1.7739387564794369, 
    "voltage_deflection.Step-0.4": 9.772390562489822, 
    "AP_duration_half_width.Step1.0": 0.3548097337979135, 
    "time_to_last_spike.Step1.0": 0.8488403252431478, 
    "AHP_depth_abs.Step0.8": 0.7130712874681697, 
    "min_AHP_values.Step1.0": 1.205850019359709, 
    "steady_state_hyper.Step-0.6": 9.192044958778885, 
    "steady_state_hyper.Step-0.4": 5.855094696530542, 
    "maximum_voltage.Step1.0": 1.5171679572344121, 
    "time_to_second_spike.Step1.0": 1.0172147300745094, 
    "steady_state_hyper.Step-0.8": 11.290921937392651, 
    "AP_fall_time.Step0.8": 3.119947223229683, 
    "time_to_second_spike.Step0.8": 0.8350745662633298, 
    "spike_width2.Step0.8": 2.760196027607862, 
    "ISI_values.Step1.0": 2.234343988619136, 
    "AP_rise_rate.Step1.0": 2.116799276457057, 
    "sag_ratio1.Step-0.6": 3.441397261880373, 
    "minimum_voltage.Step-1.0": 8.72676441657814, 
    "sag_ratio1.Step-0.4": 1.6391904147415237, 
    "sag_ratio1.Step-0.2": 2.7311370882047448, 
    "voltage_after_stim.Step0.6": 0.556788468879547, 
    "voltage_after_stim.Step0.4": 0.6924746602676483, 
    "inv_second_ISI.Step0.4": 2.490916786580479, 
    "voltage_after_stim.Step0.8": 0.4171392059548513, 
    "steady_state_voltage.Step-1.0": 2.885646296280849, 
    "sag_ratio1.Step-0.8": 3.2531207163452445, 
    "maximum_voltage.Step0.4": 0.27498984208111366, 
    "steady_state_voltage_stimend.Step-0.8": 11.224655271557662, 
    "APlast_amp.Step1.0": 2.1699169542983605, 
    "spike_width2.Step1.0": 0.1981204881369912, 
    "mean_frequency.Step0.8": 7.059119013587194, 
    "inv_third_ISI.Step0.8": 3.2052715101817553, 
    "steady_state_voltage.Step0.2": 0.8455387036249548, 
    "irregularity_index.Step1.0": 0.7873500729794727,