{
    "AHP1_depth_from_peak.Step1.0": 3.6459156480883794,
    "inv_third_ISI.Step0.4": 4.36412633801171,
    "min_voltage_between_spikes.Step0.8": 0.8652357733090601,
    "inv_first_ISI.Step0.8": 0.3977910487735875,
    "Spikecount.Step0.2": 7.968843445548376,
    "AP2_begin_voltage.Step0.8": 0.7838205760878706,
    "AP_height.Step0.8": 0.8391681836930193,
    "AP_duration_half_width_change.Step1.0": 1.9450704710803985,
    "voltage_after_stim.Step0.2": 0.8229948660115727,
    "Spikecount_stimint.Step1.0": 9.021148559430266,
    "AHP_time_from_peak.Step1.0": 3.306841935731041,
    "AP_duration_half_width.Step1.0": 0.3548097337979135,
    "inv_fifth_ISI.Step0.6": 4.707146605795789,
    "number_initial_spikes.Step0.2": 1.9820139162399895,
    "steady_state_voltage_stimend.Step-0.2": 2.3932300181835187,
    "amp_drop_first_last.Step1.0": 1.1517628860362181,
    "number_initial_spikes.Step1.0": 3.204249260760048,
    "inv_fifth_ISI.Step0.2": 12.103319685199267,
    "AP2_width.Step1.0": 2.3210732933418066,
    "AP_width.Step0.8": 1.7739387564794369,
    "steady_state_voltage.Step0.6": 0.599556270331092,
    "inv_second_ISI.Step0.2": 4.400807941302959,
    "inv_last_ISI.Step1.0": 14.212649992737889,
    "doublet_ISI.Step0.8": 0.621178564566,
    "sag_ratio2.Step-0.2": 2.731137088204746,
    "AP_rise_rate.Step0.8": 1.2190193036130648,
    "amp_drop_first_second.Step0.8": 0.7719028816756426,
    "AP_width.Step1.0": 1.4262424818022508,
    "min_AHP_values.Step0.8": 0.7130712874681697,
    "AP1_peak.Step1.0": 1.5160798436621046,
    "AP_duration_change.Step0.8": 5.65213821661279,
    "steady_state_hyper.Step-0.6": 9.192044958778885,
    "AP_amplitude_change.Step0.8": 1.9839413891915114,
    "steady_state_hyper.Step-0.4": 5.855094696530542,
    "voltage_base.Step-0.8": 0.8353246092947666,
    "voltage_deflection_vb_ssse.Step-0.4": 9.672600989809219,
    "AP_fall_rate.Step1.0": 0.6522074943889759,
    "AP_rise_rate_change.Step0.8": 8.984282497533268,
    "steady_state_voltage.Step1.0": 0.3341026303830987,
    "time_to_first_spike.Step1.0": 1.0569110531955066,
    "inv_time_to_first_spike.Step0.2": 1.8022668612326915,
    "inv_second_ISI.Step0.8": 1.360277819964309,
    "AHP_depth_from_peak.Step0.8": 1.5277691007516179,
    "AP_duration_half_width.Step0.8": 1.815404909091916,
    "peak_voltage.Step1.0": 1.8442729279497898,
    "AP2_amp.Step1.0": 3.287555937196637,
    "number_initial_spikes.Step0.8": 2.1977110631945598,
    "AP2_AP1_peak_diff.Step0.8": 0.7719028816756426,
    "doublet_ISI.Step1.0": 0.8010229103898913,
    "inv_time_to_first_spike.Step0.4": 3.5338811663670993,
    "AP_duration.Step0.8": 1.596900436106688,
    "voltage_deflection_begin.Step-0.8": 8.212310750783303,
    "maximum_voltage.Step0.8": 1.6235438649672782,
    "sag_amplitude.Step-0.6": 2.3037392020990617,
    "inv_last_ISI.Step0.8": 13.019614019313247,
    "AP2_begin_width.Step1.0": 1.50146896804936,
    "voltage_deflection.Step-0.4": 9.772390562489822,
    "AP2_begin_width.Step0.8": 1.2567970204835783,
    "inv_time_to_first_spike.Step0.6": 3.7631340303454683,
    "voltage_deflection_vb_ssse.Step-0.8": 14.612866978061009,
    "sag_ratio1.Step-0.2": 2.7311370882047448,
    "number_initial_spikes.Step0.6": 1.7503560689982591,
    "voltage_deflection_begin.Step-0.2": 3.7104753705086178,
    "peak_voltage.Step0.8": 0.8391681836930193,
    "maximum_voltage_from_voltagebase.Step1.0": 1.1126190232892121,
    "inv_fifth_ISI.Step0.8": 4.436059246250219,
    "inv_third_ISI.Step0.6": 3.2830461281596075,
    "voltage_base.Step0.6": 0.8305448444702737,
    "voltage_base.Step1.0": 0.7232287546578081,
    "sag_ratio1.Step-0.6": 3.441397261880373,
    "AP_fall_time.Step1.0": 2.895814509706336,
    "time_to_first_spike.Step0.8": 0.9269095023522319,
    "minimum_voltage.Step-0.2": 1.2665446293716236,
    "AP_rise_rate.Step1.0": 2.116799276457057,
    "steady_state_voltage.Step0.2": 0.8455387036249548,
    "AHP1_depth_from_peak.Step0.8": 3.3706605279590525,
    "sag_ratio2.Step-1.0": 3.235656230147816,
    "irregularity_index.Step0.8": 1.0447162100171004,
    "voltage_deflection_begin.Step-0.4": 6.019767871665398,
    "ISI_values.Step1.0": 2.234343988619136,
    "voltage_after_stim.Step-0.8": 0.9834949986365986,
    "max_amp_difference.Step1.0": 2.020595151884343,
    "AHP_depth.Step1.0": 2.4512782998083824,
    "sag_ratio2.Step-0.6": 3.441397261880374,
    "sag_amplitude.Step-0.4": 0.6605633618791835,
    "voltage_deflection.Step-0.2": 4.574030883668784,
    "AHP_depth_abs.Step1.0": 1.205850019359709,
    "AP_rise_time.Step1.0": 2.138092676548047,
    "AP_height.Step1.0": 1.8442729279497898,
    "max_amp_difference.Step0.8": 0.15726734975805076,
    "steady_state_voltage_stimend.Step-0.8": 11.224655271557662,
    "AP_begin_width.Step0.8": 0.8613704722707249,
    "inv_second_ISI.Step0.4": 2.490916786580479,
    "time_to_last_spike.Step1.0": 0.8488403252431478,
    "AP_duration.Step1.0": 1.1516197919126518,
    "minimum_voltage.Step-0.6": 6.869646174789027,
    "maximum_voltage_from_voltagebase.Step0.6": 0.5874354788038081,
    "Spikecount.Step0.8": 7.846513860554422,
    "APlast_amp.Step1.0": 2.1699169542983605,
    "fast_AHP_change.Step0.8": 2.012882039500867,
    "spike_width2.Step0.8": 2.760196027607862,
    "min_AHP_values.Step1.0": 1.205850019359709,
    "AP_begin_width.Step1.0": 0.84810262121331,
    "voltage_base.Step-0.2": 0.8848047166254172,
    "inv_fifth_ISI.Step0.4": 6.616346312189485,
    "AHP_depth_diff.Step1.0": 1.0616896890255774,
    "voltage_after_stim.Step-0.2": 0.9090805776037466,
    "Spikecount.Step0.4": 7.741462398857686,
    "AP_begin_voltage.Step0.8": 0.3279715353275388,
    "voltage_deflection.Step-0.8": 14.438030245550339,
    "Spikecount_stimint.Step0.6": 7.292816992488683,
    "inv_first_ISI.Step1.0": 0.7626366078565843,
    "AP_amplitude.Step1.0": 3.125399102825137,
    "APlast_amp.Step0.8": 0.33987397740772607,
    "voltage_deflection_begin.Step-0.6": 7.473332779314435,
    "voltage_after_stim.Step-1.0": 1.0032931896468154,
    "ISI_values.Step0.8": 1.256489441346819,
    "sag_ratio1.Step-0.4": 1.6391904147415237,
    "sag_ratio2.Step-0.4": 1.6391904147415246,
    "AHP_depth_abs.Step0.8": 0.7130712874681697,
    "maximum_voltage_from_voltagebase.Step0.8": 1.1217660064640906,
    "maximum_voltage.Step0.4": 0.27498984208111366,
    "Spikecount.Step1.0": 9.021148559430266,
    "AP_fall_time.Step0.8": 3.119947223229683,
    "AP2_peak.Step0.8": 1.07266472092385,
    "Spikecount.Step0.6": 7.292816992488683,
    "voltage_deflection_begin.Step-1.0": 8.947487018178174,
    "maximum_voltage.Step1.0": 1.5171679572344121,
    "voltage_deflection_vb_ssse.Step-0.6": 13.249193928631756,
    "maximum_voltage.Step0.6": 1.0096806938887637,
    "spike_half_width.Step1.0": 0.29732642099647744,
    "spike_half_width.Step0.8": 1.6227548926878355,
    "fast_AHP.Step0.8": 0.594135808205833,
    "minimum_voltage.Step-1.0": 8.72676441657814,
    "voltage_deflection_vb_ssse.Step-0.2": 4.6346662361258915,
    "AP2_AP1_peak_diff.Step1.0": 0.3969379366567461,
    "inv_fifth_ISI.Step1.0": 5.697060824739361,
    "AP2_amp.Step0.8": 2.238646298039619,
    "AHP2_depth_from_peak.Step1.0": 2.299458709987245,
    "steady_state_voltage_stimend.Step-0.4": 5.806144880240927,
    "inv_fourth_ISI.Step0.2": 9.194083302289524,
    "inv_fourth_ISI.Step0.8": 4.34635829176782,
    "mean_frequency.Step0.8": 7.059119013587194,
    "inv_second_ISI.Step1.0": 1.5268008092174024,
    "inv_last_ISI.Step0.4": 9.953228927126288,
    "inv_first_ISI.Step0.2": 1.2665347098387678,
    "AP2_width.Step0.8": 0.993954085305072,
    "Spikecount_stimint.Step0.2": 7.968843445548376,
    "steady_state_voltage.Step-1.0": 2.885646296280849,
    "maximum_voltage_from_voltagebase.Step0.2": 0.9587671252433155,
    "inv_third_ISI.Step1.0": 3.8845504132048343,
    "AP_rise_time.Step0.8": 1.0323725055378936,
    "Spikecount_stimint.Step0.8": 7.846513860554422,
    "steady_state_voltage.Step0.4": 0.7408780743779071,