{
    "voltage_base.Step-0.1": 2.686861420811261,
    "AP_amplitude_from_voltagebase.Step0.15": NaN,
    "sag_amplitude.Step-0.2": 3.373992301178708,
    "time_to_last_spike.Step0.25": 68.41099799289047,
    "AP_width.Step0.25": NaN,
    "Spikecount.Step0.2": 4.855813706204477,
    "voltage_deflection.Step-0.1": 2.9141334449439777,
    "inv_first_ISI.Step0.25": 5.159816348498495,
    "ISI_CV.Step0.25": NaN,
    "voltage_after_stim.Step-0.1": 2.9093320521111785,
    "amp_drop_second_last.Step0.15": NaN,
    "AP_duration.Step0.15": NaN,
    "AP_amplitude_from_voltagebase.Step0.25": NaN,
    "number_initial_spikes.Step0.25": 14.50337584396099,
    "inv_second_ISI.Step0.1": 0.4999832152808084,
    "burst_number.Step0.2": NaN,
    "time_constant.Step-0.05": 0.2547593911192735,
    "amp_drop_first_second.Step0.15": NaN,
    "steady_state_voltage_stimend.Step-0.05": 0.35281911352125334,
    "sag_ratio2.Step-0.25": 3.209874455092941,
    "decay_time_constant_after_stim.Step-0.05": 1.3379579810018258,
    "sag_ratio2.Step-0.1": 3.756542111465437,
    "AP_rise_time.Step0.15": NaN,
    "peak_voltage.Step0.2": NaN,
    "sag_ratio1.Step-0.1": 3.756542111465436,
    "AP2_begin_width.Step0.25": NaN,
    "time_to_first_spike.Step0.15": NaN,
    "AHP2_depth_from_peak.Step0.2": NaN,
    "voltage_deflection.Step-0.15": 2.6310029400825585,
    "voltage_deflection_vb_ssse.Step-0.2": 2.5591987905804707,
    "time_to_second_spike.Step0.2": NaN,
    "AP2_amp.Step0.15": NaN,
    "Spikecount_stimint.Step0.1": 1.2461059190031152,
    "adaptation_index.Step0.25": NaN,
    "Spikecount.Step0.1": 1.2461059190031152,
    "voltage_after_stim.Step0.15": 0.8252271496925278,
    "sag_ratio1.Step-0.25": 3.209874455092943,
    "AHP_depth_diff.Step0.25": NaN,
    "voltage_deflection_vb_ssse.Step-0.05": 3.234723890473648,
    "steady_state_voltage.Step0.25": 0.31299539637285134,
    "AHP1_depth_from_peak.Step0.15": NaN,
    "AP2_begin_voltage.Step0.2": NaN,
    "time_to_second_spike.Step0.15": NaN,
    "time_constant.Step-0.2": 5.158156268041519,
    "AP_duration_half_width_change.Step0.25": NaN,
    "time_to_second_spike.Step0.25": NaN,
    "voltage_after_stim.Step0.25": 0.18948996832948362,
    "AP2_AP1_peak_diff.Step0.2": NaN,
    "voltage_after_stim.Step0.2": 0.35479613033284535,
    "APlast_amp.Step0.2": NaN,
    "adaptation_index2.Step0.25": NaN,
    "AP_duration_half_width.Step0.15": NaN,
    "sag_amplitude.Step-0.15": 4.205313505575022,
    "fast_AHP_change.Step0.25": NaN,
    "AP_fall_rate.Step0.2": NaN,
    "inv_third_ISI.Step0.2": 4.2135566570728065,
    "AP_duration_change.Step0.2": NaN,
    "AP_fall_time.Step0.2": NaN,
    "voltage_deflection_vb_ssse.Step-0.15": 2.5981251971694896,
    "number_initial_spikes.Step0.15": 0.9129005751848809,
    "steady_state_voltage_stimend.Step-0.15": 1.2622195404956988,
    "initburst_sahp.Step0.25": NaN,
    "voltage_base.Step0.25": 0.5329143496275444,
    "AP_fall_time.Step0.15": NaN,
    "AP1_peak.Step0.15": NaN,
    "number_initial_spikes.Step0.2": 8.00225056264066,
    "AP_duration_half_width_change.Step0.2": NaN,
    "sag_ratio2.Step-0.05": 6.914474231808023,
    "voltage_base.Step-0.05": 2.7749041117806907,
    "inv_fourth_ISI.Step0.25": 4.880300314603362,
    "doublet_ISI.Step0.15": NaN,
    "maximum_voltage_from_voltagebase.Step0.15": 16.944949315450476,
    "min_AHP_values.Step0.25": NaN,
    "voltage_base.Step-0.25": 3.2145866253223128,
    "burst_mean_freq.Step0.2": NaN,
    "AHP_depth_abs.Step0.2": NaN,
    "inv_third_ISI.Step0.15": 1.78034990212528,
    "AHP2_depth_from_peak.Step0.25": NaN,
    "decay_time_constant_after_stim.Step0.2": 1.726639892385181,
    "inv_first_ISI.Step0.2": 2.9984289014912835,
    "maximum_voltage_from_voltagebase.Step0.1": 1.6916215847154144,
    "doublet_ISI.Step0.2": NaN,
    "decay_time_constant_after_stim.Step-0.15": 2.1399039804656557,
    "AP2_peak.Step0.15": NaN,
    "voltage_deflection.Step-0.05": 3.284271929570422,
    "spike_width2.Step0.25": NaN,
    "voltage_base.Step0.2": 0.9472850942432579,
    "voltage_base.Step0.05": 1.1467134062362905,
    "voltage_base.Step0.1": 1.1510533642289718,
    "inv_third_ISI.Step0.25": 5.004239919740112,
    "max_amp_difference.Step0.25": NaN,
    "ISI_values.Step0.15": NaN,
    "mean_frequency.Step0.2": NaN,
    "AP_rise_time.Step0.2": NaN,
    "steady_state_voltage_stimend.Step-0.25": 1.5542101056316684,
    "Spikecount.Step0.25": 6.126439266987404,
    "voltage_after_stim.Step-0.15": 3.0056980538587186,
    "adaptation_index.Step0.2": NaN,
    "maximum_voltage_from_voltagebase.Step0.05": 4.5793021787722745,
    "min_AHP_values.Step0.2": NaN,
    "AHP_time_from_peak.Step0.15": NaN,
    "ISI_log_slope_skip.Step0.25": NaN,
    "Spikecount_stimint.Step0.25": 6.126439266987404,
    "inv_fourth_ISI.Step0.15": 1.6510882117793375,
    "steady_state_voltage.Step0.1": 0.9364976386058458,
    "fast_AHP_change.Step0.2": NaN,
    "inv_time_to_first_spike.Step0.15": 9.952343602936564,
    "AP_duration.Step0.25": NaN,
    "single_burst_ratio.Step0.25": NaN,
    "inv_last_ISI.Step0.2": 4.118213159485646,
    "spike_half_width.Step0.15": NaN,
    "amp_drop_first_second.Step0.2": NaN,
    "sag_ratio1.Step-0.2": 3.59247442641758,
    "inv_fourth_ISI.Step0.1": 0.50003543837267,
    "inv_last_ISI.Step0.25": 5.922219367081101,
    "AP2_width.Step0.15": NaN,
    "spike_width2.Step0.2": NaN,
    "inv_fourth_ISI.Step0.2": 3.312675965526876,
    "minimum_voltage.Step-0.2": 2.086108056270063,
    "decay_time_constant_after_stim.Step0.15": 1.249709934127067,
    "AP_height.Step0.2": NaN,
    "amp_drop_first_last.Step0.25": NaN,
    "AP2_begin_voltage.Step0.25": NaN,
    "steady_state_hyper.Step-0.2": 1.342198610286281,
    "fast_AHP.Step0.2": NaN,
    "steady_state_hyper.Step-0.25": 1.5519905149047675,
    "steady_state_voltage.Step0.15": 1.00423406404355,
    "amp_drop_first_last.Step0.2": NaN,
    "inv_fifth_ISI.Step0.25": 4.0829262704008835,
    "AP_amplitude_change.Step0.15": NaN,
    "AHP1_depth_from_peak.Step0.25": NaN,
    "AP2_begin_width.Step0.15": NaN,
    "AP_amplitude_change.Step0.2": NaN,
    "doublet_ISI.Step0.25": NaN,
    "decay_time_constant_after_stim.Step0.25": 2.4544493038596316,
    "irregularity_index.Step0.15": NaN,
    "AHP1_depth_from_peak.Step0.2": NaN,
    "voltage_base.Step-0.2": 3.140508739911012,
    "AP_rise_rate_change.Step0.15": NaN,
    "AP_fall_time.Step0.25": NaN,
    "AHP_depth_from_peak.Step0.25": NaN,
    "steady_state_hyper.Step-0.05": 0.36134974027413674,
    "AP2_amp.Step0.25": NaN,
    "AP_rise_rate.Step0.15": NaN,
    "AP_rise_rate_change.Step0.2": NaN,
    "steady_state_voltage.Step-0.25": 3.631238700995914,
    "maximum_voltage.Step0.05": 2.6011189926520286,
    "AP_begin_voltage.Step0.2": NaN,
    "inv_last_ISI.Step0.1": 0.725294342231532,
    "AP_amplitude.Step0.2": NaN,
    "min_voltage_between_spikes.Step0.2": NaN,
    "voltage_deflection_begin.Step-0.2": 2.8086903653288298,
    "time_to_first_spike.Step0.25": NaN,
    "APlast_amp.Step0.15": NaN,
    "steady_state_voltage.Step0.05": 1.0055322516897902,
    "inv_time_to_first_spike.Step0.25": 5.047043995661987,
    "min_voltage_between_spikes.Step0.25": NaN,
    "Spikecount.Step0.15": 3.1896424815983178,
    "sag_amplitude.Step-0.05": 5.450016246697476,
    "voltage_after_stim.Step-0.05": 2.9711271643394617,
    "AP_rise_rate.Step0.2": NaN,
    "AP_amplitude.Step0.25": NaN,
    "ISI_values.Step0.2": NaN,
    "spike_half_width.Step0.2": NaN,
    "AP_begin_width.Step0.25": NaN,
    "steady_state_voltage_stimend.Step-0.2": 1.3541101809907385,
    "ISI_log_slope.Step0.2": NaN,
    "AP_duration_half_width_change.Step0.15": NaN,
    "amp_drop_second_last.Step0.2": NaN,
    "max_amp_difference.Step0.15": NaN,
    "AP2_width.Step0.25": NaN,
    "AP_duration_half_width.Step0.25": NaN,
    "decay_time_constant_after_stim.Step0.1": 0.12171547757208642,
    "steady_state_hyper.Step-0.15": 1.2611955701274709,
    "AP_begin_voltage.Step0.25": NaN,
    "AP1_peak.Step0.25": NaN,