{
    "doublet_ISI.Step1.0": 1.1746888063707324, 
    "steady_state_voltage.Step-0.2": 0.12457238132398869, 
    "fast_AHP.Step1.0": 0.7686535475399586, 
    "steady_state_hyper.Step-0.2": 1.5044652662814266, 
    "AP_begin_voltage.Step0.8": 0.1884865063393685, 
    "AHP_depth.Step1.0": 0.9692076212470395, 
    "AP_amplitude_from_voltagebase.Step1.0": 0.38604321412125797, 
    "voltage_deflection_vb_ssse.Step-1.0": 4.176997052563185, 
    "steady_state_voltage.Step1.0": 2.8536344578557054, 
    "AP_height.Step0.8": 0.6207554107683038, 
    "voltage_base.Step-0.4": 0.14426369129242267, 
    "inv_second_ISI.Step0.8": 2.153935466785714, 
    "amp_drop_first_last.Step0.8": 0.688316012348497, 
    "inv_fourth_ISI.Step1.0": 5.96320341294033, 
    "voltage_after_stim.Step-1.0": 1.0094263211239558, 
    "voltage_deflection_begin.Step-0.6": 4.177050778272373, 
    "AHP_depth_from_peak.Step0.8": 1.2298489545711424, 
    "voltage_base.Step-0.8": 0.09410965989837655, 
    "peak_voltage.Step1.0": 0.38963156021190104, 
    "AP_begin_width.Step0.8": 5.035675520930033, 
    "AP2_AP1_peak_diff.Step1.0": 7.331292154194512, 
    "AHP_depth.Step0.8": 1.036278752916627, 
    "sag_amplitude.Step-1.0": 1.5315719766200802, 
    "AP_fall_rate.Step0.8": 4.314948821420665, 
    "AP_amplitude_change.Step1.0": 1.3818121783532868, 
    "doublet_ISI.Step0.8": 0.803211876662155, 
    "inv_fifth_ISI.Step0.8": 5.120037271336453, 
    "AHP_time_from_peak.Step1.0": 6.495230083915283, 
    "inv_fifth_ISI.Step0.4": 5.596015754621837, 
    "AP_duration_half_width_change.Step0.8": 3.3936541974295253, 
    "inv_fifth_ISI.Step0.6": 5.137052815227392, 
    "AHP1_depth_from_peak.Step0.8": 3.805842569428775, 
    "inv_fifth_ISI.Step0.2": 10.261222966096328, 
    "maximum_voltage_from_voltagebase.Step0.6": 0.5023628361232206, 
    "maximum_voltage_from_voltagebase.Step0.4": 0.40533881718242787, 
    "maximum_voltage_from_voltagebase.Step0.2": 0.9811882418321987, 
    "steady_state_voltage_stimend.Step-1.0": 3.324333590128422, 
    "min_voltage_between_spikes.Step0.8": 0.8379292735380548, 
    "AP2_peak.Step0.8": 1.1452119260406095, 
    "AP_amplitude.Step1.0": 0.7518930822747724, 
    "Spikecount_stimint.Step1.0": 9.454077104573889, 
    "maximum_voltage_from_voltagebase.Step0.8": 0.8089677012214318, 
    "amp_drop_first_second.Step0.8": 1.4821893337129932, 
    "voltage_after_stim.Step0.2": 1.9959717815376095, 
    "voltage_deflection_begin.Step-0.4": 4.298418573794171, 
    "steady_state_voltage_stimend.Step-0.4": 2.331526652931559, 
    "inv_third_ISI.Step1.0": 4.443771121997568, 
    "AP2_width.Step1.0": 7.334786027121374, 
    "inv_second_ISI.Step1.0": 2.5890110789183236, 
    "amp_drop_second_last.Step0.8": 1.6097703924372466, 
    "voltage_base.Step-0.6": 0.1153734806069459, 
    "voltage_deflection.Step-0.2": 3.9887376276142406, 
    "AHP2_depth_from_peak.Step0.8": 1.8139983803973803, 
    "inv_last_ISI.Step1.0": 3.161540993846876, 
    "AP_rise_time.Step0.8": 2.5464149296015317, 
    "voltage_deflection_begin.Step-0.2": 3.910910087914066, 
    "AP_duration_half_width.Step0.8": 1.9602874023326031, 
    "AP2_begin_voltage.Step1.0": 1.3284097920461913, 
    "Spikecount.Step0.8": 9.766590663626545, 
    "Spikecount.Step0.6": 8.536412475749888, 
    "Spikecount.Step0.4": 6.551552831984768, 
    "Spikecount.Step0.2": 6.521944632005402, 
    "AP_fall_time.Step1.0": 4.571176179891898, 
    "inv_first_ISI.Step0.4": 0.9347928848234982, 
    "voltage_deflection_vb_ssse.Step-0.8": 4.089499134020196, 
    "inv_first_ISI.Step0.6": 0.9775331244238963, 
    "voltage_base.Step-0.2": 0.1432174929809911, 
    "inv_first_ISI.Step0.2": 1.3169584334279838, 
    "voltage_deflection_vb_ssse.Step-0.2": 4.056615968849282, 
    "voltage_deflection_vb_ssse.Step-0.6": 4.1549160684350195, 
    "AP_begin_voltage.Step1.0": 0.26469555457387084, 
    "sag_ratio2.Step-1.0": 0.20492061092156777, 
    "AP_rise_rate.Step0.8": 1.5768093775864676, 
    "steady_state_voltage.Step0.4": 2.1936307217101105, 
    "steady_state_voltage.Step0.6": 2.52300469722573, 
    "inv_time_to_first_spike.Step0.8": 0.027899719093869124, 
    "ISI_values.Step0.8": 1.277639555796756, 
    "inv_time_to_first_spike.Step1.0": 0.08854186858572002, 
    "inv_time_to_first_spike.Step0.4": 0.03829669710817542, 
    "Spikecount_stimint.Step0.4": 6.551552831984768, 
    "inv_time_to_first_spike.Step0.6": 0.03878419764176787, 
    "steady_state_voltage.Step0.8": 2.7999971543087194, 
    "inv_time_to_first_spike.Step0.2": 0.006983118737626832, 
    "minimum_voltage.Step-0.4": 1.2787024546045067, 
    "steady_state_voltage.Step-0.8": 0.2572113520498244, 
    "minimum_voltage.Step-0.6": 2.9222083720071215, 
    "min_AHP_values.Step0.8": 0.6755665272879973, 
    "minimum_voltage.Step-0.2": 1.0262592319804342, 
    "sag_ratio1.Step-1.0": 0.2049206109215669, 
    "minimum_voltage.Step-0.8": 3.0414116082753817, 
    "steady_state_voltage.Step-0.4": 0.0052682162354958225, 
    "steady_state_voltage.Step-0.6": 0.14744169191018716, 
    "APlast_amp.Step0.8": 0.08712958661291245, 
    "sag_ratio2.Step-0.2": 0.8380391722625989, 
    "AP_duration_half_width_change.Step1.0": 4.2644192362830164, 
    "sag_ratio2.Step-0.6": 0.21333449826308054, 
    "sag_ratio2.Step-0.4": 0.20685054995599744, 
    "sag_ratio2.Step-0.8": 0.14692404284816737, 
    "AP_fall_rate.Step1.0": 3.7311962548345923, 
    "maximum_voltage_from_voltagebase.Step1.0": 0.6867281963425874, 
    "AP_amplitude.Step0.8": 0.9616452620726507, 
    "AHP_depth_abs.Step1.0": 0.6635965850469311, 
    "amp_drop_first_second.Step1.0": 7.331292154194512, 
    "number_initial_spikes.Step1.0": 3.204249260760048, 
    "voltage_deflection_vb_ssse.Step-0.4": 4.24583480140691, 
    "time_to_last_spike.Step0.8": 1.6166094004282108, 
    "AP1_peak.Step1.0": 0.6880603750008386, 
    "irregularity_index.Step0.8": 1.013134756801147, 
    "AP_height.Step1.0": 0.38963156021190104, 
    "AP2_begin_width.Step0.8": 2.6538175046569754, 
    "amp_drop_second_last.Step1.0": 5.090488332085599, 
    "min_voltage_between_spikes.Step1.0": 0.8391660870407459, 
    "fast_AHP_change.Step0.8": 1.8774385839350411, 
    "AP_rise_rate_change.Step1.0": 26.94677098633854, 
    "AHP2_depth_from_peak.Step1.0": 4.315550610137571, 
    "AP_width.Step0.8": 6.272845020828103, 
    "voltage_deflection.Step-0.4": 4.2940276461208295, 
    "AP_duration_half_width.Step1.0": 0.1963906581662361, 
    "time_to_last_spike.Step1.0": 1.2817935662927205, 
    "AHP_depth_abs.Step0.8": 0.6755665272879973, 
    "min_AHP_values.Step1.0": 0.6635965850469311, 
    "steady_state_hyper.Step-0.6": 2.75731746623074, 
    "steady_state_hyper.Step-0.4": 2.3512067740552167, 
    "maximum_voltage.Step1.0": 0.6891070948436159, 
    "time_to_second_spike.Step1.0": 0.862649252273941, 
    "steady_state_hyper.Step-0.8": 3.0708009413881974, 
    "AP_fall_time.Step0.8": 0.6826196473656148, 
    "time_to_second_spike.Step0.8": 0.6997455815013427, 
    "spike_width2.Step0.8": 6.977375929533503, 
    "ISI_values.Step1.0": 2.217133892568981, 
    "AP_rise_rate.Step1.0": 1.392732444236747, 
    "sag_ratio1.Step-0.6": 0.21333449826308098, 
    "minimum_voltage.Step-1.0": 3.050969781197719, 
    "sag_ratio1.Step-0.4": 0.20685054995599708, 
    "sag_ratio1.Step-0.2": 0.8380391722625986, 
    "voltage_after_stim.Step0.6": 2.371558863358482, 
    "voltage_after_stim.Step0.4": 2.2023575194084457, 
    "inv_second_ISI.Step0.4": 2.128793734767916, 
    "voltage_after_stim.Step0.8": 2.481265617292576, 
    "steady_state_voltage.Step-1.0": 0.26188623902923086, 
    "sag_ratio1.Step-0.8": 0.14692404284816826, 
    "maximum_voltage.Step0.4": 0.3775914066942225, 
    "steady_state_voltage_stimend.Step-0.8": 3.0455501375537413, 
    "APlast_amp.Step1.0": 0.10242336631887206, 
    "spike_width2.Step1.0": 5.647072867434402, 
    "mean_frequency.Step0.8": 8.457611498001985, 
    "inv_third_ISI.Step0.8": 3.884150024600989, 
    "steady_state_voltage.Step0.2": 2.1441953128139994,