{
    "AHP_depth.Step1.0": 0.9692076212470411,
    "voltage_deflection_vb_ssse.Step-0.2": 4.056615968849282,
    "voltage_base.Step-0.4": 0.14426369129242267,
    "steady_state_voltage_stimend.Step-0.6": 2.748669320956777,
    "sag_amplitude.Step-0.6": 2.5823708121571083,
    "steady_state_voltage.Step-0.8": 0.2572113520498244,
    "AHP_time_from_peak.Step0.8": 7.983827493247796,
    "maximum_voltage.Step0.8": 0.8734640131392809,
    "sag_ratio2.Step-0.6": 0.21333449826308054,
    "voltage_after_stim.Step1.0": 2.546713801678751,
    "voltage_base.Step0.4": 0.17306506670806512,
    "AHP2_depth_from_peak.Step1.0": 4.315550610137646,
    "maximum_voltage.Step0.2": 0.9482859149572603,
    "Spikecount.Step0.8": 9.766590663626545,
    "inv_time_to_first_spike.Step0.2": 0.006983118737626832,
    "AP_amplitude_change.Step1.0": 1.381812178352925,
    "inv_second_ISI.Step0.6": 2.0874046691878543,
    "max_amp_difference.Step1.0": 7.991944589939431,
    "voltage_after_stim.Step-0.4": 0.36462700985506824,
    "steady_state_hyper.Step-0.2": 1.5044652662814266,
    "AHP_depth.Step0.8": 1.0362787529166293,
    "voltage_base.Step-0.2": 0.1432174929809911,
    "inv_fourth_ISI.Step0.8": 5.143128284726837,
    "Spikecount_stimint.Step0.8": 9.286571462858515,
    "voltage_deflection.Step-0.2": 3.9887376276142406,
    "voltage_deflection_vb_ssse.Step-1.0": 4.176997052563185,
    "steady_state_voltage_stimend.Step-0.4": 2.331526652931559,
    "maximum_voltage_from_voltagebase.Step0.2": 0.9811882418322087,
    "AP2_begin_width.Step0.8": 2.6538175046569754,
    "voltage_deflection_vb_ssse.Step-0.4": 4.24583480140691,
    "sag_amplitude.Step-1.0": 1.5315719766200802,
    "AP2_AP1_peak_diff.Step1.0": 7.331292154194683,
    "AHP_depth_from_peak.Step0.8": 1.2298489545711229,
    "inv_fifth_ISI.Step0.6": 5.137052815227392,
    "inv_fifth_ISI.Step0.2": 10.261222966096328,
    "maximum_voltage.Step1.0": 0.6891070948436181,
    "inv_third_ISI.Step1.0": 4.443771121997568,
    "APlast_amp.Step0.8": 0.08712958661250278,
    "AP2_AP1_peak_diff.Step0.8": 1.4821893337128265,
    "voltage_base.Step0.8": 0.059756669713807616,
    "sag_ratio1.Step-0.4": 0.20685054995599708,
    "AP_amplitude_from_voltagebase.Step1.0": 0.38604321412127124,
    "time_to_first_spike.Step0.8": 0.5672269222291088,
    "voltage_deflection.Step-0.4": 4.2940276461208295,
    "inv_last_ISI.Step0.8": 3.37119205793242,
    "AP_begin_width.Step1.0": 4.403953229390317,
    "steady_state_voltage.Step-0.2": 0.12457238132398869,
    "voltage_deflection_begin.Step-0.4": 4.298418573794171,
    "voltage_base.Step-0.6": 0.1153734806069459,
    "AP_rise_rate_change.Step0.8": 37.46628703520022,
    "time_to_first_spike.Step1.0": 0.5805433568798046,
    "AP2_peak.Step0.8": 1.145211926040507,
    "inv_second_ISI.Step0.8": 2.153935466785714,
    "AP_fall_rate.Step0.8": 4.314948821421884,
    "AP_rise_rate_change.Step1.0": 26.94677098634017,
    "mean_frequency.Step1.0": 10.74003989153273,
    "fast_AHP.Step0.8": 0.7484099985581278,
    "time_to_last_spike.Step0.8": 1.6166094004282108,
    "AP_begin_width.Step0.8": 5.035675520930033,
    "inv_fourth_ISI.Step0.6": 4.5438904398361455,
    "irregularity_index.Step0.8": 1.013134756801147,
    "voltage_deflection_vb_ssse.Step-0.8": 4.089499134020196,
    "Spikecount.Step0.4": 6.551552831984768,
    "spike_width2.Step1.0": 5.647072867437679,
    "steady_state_voltage_stimend.Step-0.8": 3.0455501375537413,
    "voltage_base.Step0.6": 0.0964986745541822,
    "voltage_deflection_vb_ssse.Step-0.6": 4.1549160684350195,
    "voltage_base.Step-1.0": 0.0903976650132364,
    "inv_third_ISI.Step0.4": 3.5387567711279573,
    "inv_first_ISI.Step0.2": 1.3169584334279838,
    "minimum_voltage.Step-0.8": 3.0414116082753817,
    "voltage_base.Step0.2": 0.17918343378597418,
    "sag_ratio2.Step-0.8": 0.14692404284816737,
    "maximum_voltage.Step0.6": 0.5955296546083828,
    "AP2_amp.Step0.8": 2.2792874473798164,
    "amp_drop_second_last.Step0.8": 1.6097703924372258,
    "inv_second_ISI.Step1.0": 2.5890110789183236,
    "sag_amplitude.Step-0.8": 2.2902871335075408,
    "voltage_deflection.Step-1.0": 4.252095004886407,
    "AP_amplitude_change.Step0.8": 1.83149692947591,
    "sag_ratio1.Step-0.2": 0.8380391722625986,
    "AP_duration.Step1.0": 2.4887351278456813,
    "fast_AHP_change.Step0.8": 1.8774385839348715,
    "AP_height.Step0.8": 0.6207554107682876,
    "sag_ratio1.Step-1.0": 0.2049206109215669,
    "sag_ratio2.Step-0.2": 0.8380391722625989,
    "voltage_deflection.Step-0.6": 4.208496819146285,
    "minimum_voltage.Step-0.2": 1.0262592319804342,
    "irregularity_index.Step1.0": 0.7671875962094655,
    "sag_ratio1.Step-0.6": 0.21333449826308098,
    "inv_first_ISI.Step0.8": 1.0111399969532973,
    "inv_time_to_first_spike.Step0.8": 0.027899719093869124,
    "voltage_deflection.Step-0.8": 4.058976982155602,
    "sag_ratio2.Step-1.0": 0.20492061092156777,
    "AP2_begin_voltage.Step0.8": 0.7262178435967837,
    "AP_begin_voltage.Step1.0": 0.26469555457341354,
    "steady_state_hyper.Step-0.6": 2.75731746623074,
    "voltage_after_stim.Step0.4": 2.2023575194084457,
    "inv_time_to_first_spike.Step0.6": 0.03878419764176787,
    "number_initial_spikes.Step0.6": 1.7503560689982591,
    "spike_width2.Step0.8": 6.977375929536433,
    "AHP_time_from_peak.Step1.0": 6.495230083915283,
    "doublet_ISI.Step0.8": 0.803211876662155,
    "number_initial_spikes.Step0.8": 2.1977110631945598,
    "AP2_width.Step0.8": 6.25452166058219,
    "inv_time_to_first_spike.Step0.4": 0.03829669710817542,
    "voltage_deflection_begin.Step-0.2": 3.910910087914066,
    "peak_voltage.Step1.0": 0.3896315602119139,
    "steady_state_voltage.Step-0.6": 0.14744169191018716,
    "time_to_second_spike.Step0.8": 0.6997455815013427,
    "sag_ratio1.Step-0.8": 0.14692404284816826,
    "AHP_depth_abs.Step0.8": 0.6755665272879985,
    "AP_fall_rate.Step1.0": 3.731196254836466,
    "AP_duration_half_width_change.Step1.0": 4.2644192362830164,
    "Spikecount.Step1.0": 9.887005649717514,
    "time_to_last_spike.Step1.0": 1.2817935662927205,
    "amp_drop_first_second.Step0.8": 1.4821893337128265,
    "Spikecount_stimint.Step0.2": 6.039645027491078,
    "amp_drop_first_last.Step0.8": 0.6883160123485502,
    "steady_state_voltage_stimend.Step-1.0": 3.324333590128422,
    "number_initial_spikes.Step0.4": 0.9204387024816432,
    "voltage_after_stim.Step0.6": 2.371558863358482,
    "steady_state_hyper.Step-1.0": 3.3383025926010412,
    "AHP2_depth_from_peak.Step0.8": 1.8139983803972646,
    "fast_AHP.Step1.0": 0.7686535475412625,
    "AP_begin_voltage.Step0.8": 0.18848650633893052,
    "steady_state_voltage_stimend.Step-0.2": 1.49615381889768,
    "AP_rise_rate.Step0.8": 1.5768093775863756,
    "voltage_after_stim.Step0.8": 2.481265617292576,
    "AP2_amp.Step1.0": 5.5311293177298655,
    "voltage_after_stim.Step0.2": 1.9959717815376095,
    "steady_state_voltage.Step0.2": 2.1441953128140097,
    "inv_fourth_ISI.Step0.4": 4.448236657600958,
    "inv_fourth_ISI.Step1.0": 5.96320341294033,
    "inv_fifth_ISI.Step0.8": 5.120037271336453,
    "voltage_after_stim.Step-0.2": 0.0822812761738998,
    "AHP_depth_diff.Step1.0": 2.551255249323684,
    "steady_state_voltage.Step1.0": 2.853634457855701,
    "AP_fall_time.Step0.8": 0.6826196473656148,
    "AP_duration_half_width.Step1.0": 0.1963906581662361,
    "Spikecount_stimint.Step0.6": 8.287693379097647,
    "spike_half_width.Step1.0": 4.8643275894843425,
    "AHP_depth_diff.Step0.8": 2.3797618150932474,
    "AP_rise_rate.Step1.0": 1.3927324442366462,
    "AP1_peak.Step0.8": 0.8734640131392809,
    "AHP_depth_from_peak.Step1.0": 0.9738392965170898,
    "Spikecount_stimint.Step1.0": 9.454077104573889,
    "inv_second_ISI.Step0.4": 2.128793734767916,
    "voltage_base.Step-0.8": 0.09410965989837655,
    "AP_amplitude.Step0.8": 0.9616452620723043,
    "Spikecount.Step0.6": 8.536412475749888,
    "AHP1_depth_from_peak.Step1.0": 4.922810249490039,
    "AP_fall_time.Step1.0": 4.571176179891898,