{
    "('trunk[13]', 0.1)": {
        "EPSP_amp_soma": 0.2531115319480648,
        "distance": 229.38043738343572,
        "EPSP_amp_dendrite": 1.0706210223081882
    },
    "('trunk[14]', 0.8999999999999999)": {
        "EPSP_amp_soma": 0.24111661248731764,
        "distance": 266.6825654438465,
        "EPSP_amp_dendrite": 1.2446685214141553
    },
    "('trunk[12]', 0.8999999999999999)": {
        "EPSP_amp_soma": 0.254644338449296,
        "distance": 225.06232988530405,
        "EPSP_amp_dendrite": 1.0495911222054843
    },
    "('trunk[15]', 0.1)": {
        "EPSP_amp_soma": 0.2381110549638521,
        "distance": 276.7749426474616,
        "EPSP_amp_dendrite": 1.3030817924085056
    },
    "('trunk[3]', 0.7)": {
        "EPSP_amp_soma": 0.3824975534499657,
        "distance": 54.078431486947515,
        "EPSP_amp_dendrite": 0.40541896576539216
    },
    "('trunk[5]', 0.7)": {
        "EPSP_amp_soma": 0.3479429817266748,
        "distance": 90.18574619507683,
        "EPSP_amp_dendrite": 0.3979407320735078
    },
    "('trunk[10]', 0.1)": {
        "EPSP_amp_soma": 0.2928160215219009,
        "distance": 147.6685980392587,
        "EPSP_amp_dendrite": 0.6530673696662888
    },
    "('trunk[15]', 0.7)": {
        "EPSP_amp_soma": 0.22265291208175597,
        "distance": 326.81800988536975,
        "EPSP_amp_dendrite": 1.5888450985748364
    },
    "('trunk[13]', 0.7)": {
        "EPSP_amp_soma": 0.24824296192196016,
        "distance": 243.73732677326012,
        "EPSP_amp_dendrite": 1.1383350557494225
    },
    "('trunk[10]', 0.5)": {
        "EPSP_amp_soma": 0.2773720234126671,
        "distance": 174.2636794171762,
        "EPSP_amp_dendrite": 0.8218507534725603
    },
    "('trunk[3]', 0.8999999999999999)": {
        "EPSP_amp_soma": 0.37492765079002766,
        "distance": 63.573903285949655,
        "EPSP_amp_dendrite": 0.4032616587968789
    },
    "('trunk[9]', 0.30000000000000004)": {
        "EPSP_amp_soma": 0.3017835711688406,
        "distance": 134.4879766090421,
        "EPSP_amp_dendrite": 0.5530701558385971
    },
    "('trunk[10]', 0.30000000000000004)": {
        "EPSP_amp_soma": 0.28477171312388805,
        "distance": 160.96613872821746,
        "EPSP_amp_dendrite": 0.7449529607352474
    },
    "('trunk[15]', 0.30000000000000004)": {
        "EPSP_amp_soma": 0.23304294685084415,
        "distance": 293.45596506009764,
        "EPSP_amp_dendrite": 1.4032118200452004
    },
    "('trunk[10]', 0.8999999999999999)": {
        "EPSP_amp_soma": 0.26424685527105396,
        "distance": 200.8587607950937,
        "EPSP_amp_dendrite": 0.9373352564329167
    }
}