{
    "('trunk[10]', 0.1)": {
        "EPSP_amp_soma": 0.2928160215219009,
        "distance": 167.4096655323545,
        "EPSP_amp_dendrite": 0.6530673696662888
    },
    "('trunk[13]', 0.1)": {
        "EPSP_amp_soma": 0.2531115319480648,
        "distance": 249.1215048765315,
        "EPSP_amp_dendrite": 1.0706210223081882
    },
    "('trunk[15]', 0.1)": {
        "EPSP_amp_soma": 0.2381110549638521,
        "distance": 296.5160101405574,
        "EPSP_amp_dendrite": 1.3030817924085056
    },
    "('trunk[3]', 0.30000000000000004)": {
        "EPSP_amp_soma": 0.39793661815087944,
        "distance": 54.82855538203904,
        "EPSP_amp_dendrite": 0.40975523357299437
    },
    "('trunk[12]', 0.8999999999999999)": {
        "EPSP_amp_soma": 0.254644338449296,
        "distance": 244.80339737839984,
        "EPSP_amp_dendrite": 1.0495911222054843
    },
    "('trunk[14]', 0.8999999999999999)": {
        "EPSP_amp_soma": 0.24111661248731764,
        "distance": 286.4236329369423,
        "EPSP_amp_dendrite": 1.2446685214141553
    },
    "('trunk[15]', 0.30000000000000004)": {
        "EPSP_amp_soma": 0.23304294685084415,
        "distance": 313.1970325531934,
        "EPSP_amp_dendrite": 1.4032118200452004
    },
    "('trunk[3]', 0.5)": {
        "EPSP_amp_soma": 0.3901959134856128,
        "distance": 64.32402718104117,
        "EPSP_amp_dendrite": 0.40758865340750106
    },
    "('trunk[10]', 0.30000000000000004)": {
        "EPSP_amp_soma": 0.28477171312388805,
        "distance": 180.70720622131324,
        "EPSP_amp_dendrite": 0.7449529607352474
    },
    "('trunk[10]', 0.8999999999999999)": {
        "EPSP_amp_soma": 0.26424685527105396,
        "distance": 220.59982828818949,
        "EPSP_amp_dendrite": 0.9373352564329167
    },
    "('trunk[5]', 0.7)": {
        "EPSP_amp_soma": 0.3479429817266748,
        "distance": 109.92681368817263,
        "EPSP_amp_dendrite": 0.3979407320735078
    },
    "('trunk[15]', 0.7)": {
        "EPSP_amp_soma": 0.22265291208175597,
        "distance": 346.55907737846553,
        "EPSP_amp_dendrite": 1.5888450985748364
    },
    "('trunk[10]', 0.5)": {
        "EPSP_amp_soma": 0.2773720234126671,
        "distance": 194.004746910272,
        "EPSP_amp_dendrite": 0.8218507534725603
    },
    "('trunk[13]', 0.7)": {
        "EPSP_amp_soma": 0.24824296192196016,
        "distance": 263.4783942663559,
        "EPSP_amp_dendrite": 1.1383350557494225
    },
    "('trunk[3]', 0.7)": {
        "EPSP_amp_soma": 0.3824975534499657,
        "distance": 73.81949898004332,
        "EPSP_amp_dendrite": 0.40541896576539216
    }
}