{
    "('trunk[3]', 0.30000000000000004)": {
        "distance": 54.82855538203904, 
        "EPSP_amp_dendrite": 0.4097553004414607, 
        "EPSP_amp_soma": 0.3979366944687115
    }, 
    "('trunk[14]', 0.8999999999999999)": {
        "distance": 286.4236329369423, 
        "EPSP_amp_dendrite": 1.244668620430872, 
        "EPSP_amp_soma": 0.24111695740330674
    }, 
    "('trunk[10]', 0.8999999999999999)": {
        "distance": 220.59982828818949, 
        "EPSP_amp_dendrite": 0.9373353103864872, 
        "EPSP_amp_soma": 0.26424714358341816
    }, 
    "('trunk[15]', 0.1)": {
        "distance": 296.5160101405574, 
        "EPSP_amp_dendrite": 1.3030818891537734, 
        "EPSP_amp_soma": 0.238111404371395
    }, 
    "('trunk[13]', 0.1)": {
        "distance": 249.1215048765315, 
        "EPSP_amp_dendrite": 1.0706211086379085, 
        "EPSP_amp_soma": 0.25311185090203026
    }, 
    "('trunk[10]', 0.30000000000000004)": {
        "distance": 180.70720622131324, 
        "EPSP_amp_dendrite": 0.7449529835863729, 
        "EPSP_amp_soma": 0.2847719435991536
    }, 
    "('trunk[13]', 0.7)": {
        "distance": 263.4783942663559, 
        "EPSP_amp_dendrite": 1.1383351461753506, 
        "EPSP_amp_soma": 0.24824329269111445
    }, 
    "('trunk[15]', 0.7)": {
        "distance": 346.55907737846553, 
        "EPSP_amp_dendrite": 1.5888452057144065, 
        "EPSP_amp_soma": 0.22265327941167357
    }, 
    "('trunk[3]', 0.5)": {
        "distance": 64.32402718104117, 
        "EPSP_amp_dendrite": 0.40758872203797125, 
        "EPSP_amp_soma": 0.39019599634428914
    }, 
    "('trunk[3]', 0.7)": {
        "distance": 73.81949898004332, 
        "EPSP_amp_dendrite": 0.4054190351480571, 
        "EPSP_amp_soma": 0.3824976442044914
    }, 
    "('trunk[10]', 0.1)": {
        "distance": 167.4096655323545, 
        "EPSP_amp_dendrite": 0.653067392552984, 
        "EPSP_amp_soma": 0.2928162335564508
    }, 
    "('trunk[5]', 0.7)": {
        "distance": 109.92681368817263, 
        "EPSP_amp_dendrite": 0.3979408039975283, 
        "EPSP_amp_soma": 0.34794310977008536
    }, 
    "('trunk[10]', 0.5)": {
        "distance": 194.004746910272, 
        "EPSP_amp_dendrite": 0.8218507809667273, 
        "EPSP_amp_soma": 0.27737227276981
    }, 
    "('trunk[15]', 0.30000000000000004)": {
        "distance": 313.1970325531934, 
        "EPSP_amp_dendrite": 1.4032119166229506, 
        "EPSP_amp_soma": 0.23304330126983075
    }, 
    "('trunk[12]', 0.8999999999999999)": {
        "distance": 244.80339737839984, 
        "EPSP_amp_dendrite": 1.0495912040522342, 
        "EPSP_amp_soma": 0.2546446536981648
    }
}