{
    "error_attenuation_soma/dend_100_um": 1.045385757158185,
    "error_attenuation_soma/dend_200_um": 1.8629675050614252,
    "error_attenuation_soma/dend_300_um": 2.30892314022654
}