{
    "error_attenuation_soma/dend_100_um": 3.5705533754033505, 
    "error_attenuation_soma/dend_200_um": 1.508792359083471, 
    "error_attenuation_soma/dend_300_um": 2.112482788814139
}