{
    "('trunk[13]', 0.1)": {
        "attenuation_soma/dendrite": 0.23641561922852314,
        "distance": 229.38043738343572
    },
    "('trunk[14]', 0.8999999999999999)": {
        "attenuation_soma/dendrite": 0.19371953924999094,
        "distance": 266.6825654438465
    },
    "('trunk[12]', 0.8999999999999999)": {
        "attenuation_soma/dendrite": 0.24261289283222698,
        "distance": 225.06232988530405
    },
    "('trunk[15]', 0.1)": {
        "attenuation_soma/dendrite": 0.18272917045655887,
        "distance": 276.7749426474616
    },
    "('trunk[3]', 0.7)": {
        "attenuation_soma/dendrite": 0.9434624074082153,
        "distance": 54.078431486947515
    },
    "('trunk[5]', 0.7)": {
        "attenuation_soma/dendrite": 0.8743588019092317,
        "distance": 90.18574619507683
    },
    "('trunk[10]', 0.1)": {
        "attenuation_soma/dendrite": 0.44837031387975657,
        "distance": 147.6685980392587
    },
    "('trunk[15]', 0.7)": {
        "attenuation_soma/dendrite": 0.14013506557780325,
        "distance": 326.81800988536975
    },
    "('trunk[13]', 0.7)": {
        "attenuation_soma/dendrite": 0.21807547845263317,
        "distance": 243.73732677326012
    },
    "('trunk[10]', 0.5)": {
        "attenuation_soma/dendrite": 0.3374968292487279,
        "distance": 174.2636794171762
    },
    "('trunk[3]', 0.8999999999999999)": {
        "attenuation_soma/dendrite": 0.9297379074137991,
        "distance": 63.573903285949655
    },
    "('trunk[9]', 0.30000000000000004)": {
        "attenuation_soma/dendrite": 0.54565151994372,
        "distance": 134.4879766090421
    },
    "('trunk[10]', 0.30000000000000004)": {
        "attenuation_soma/dendrite": 0.3822680466197845,
        "distance": 160.96613872821746
    },
    "('trunk[15]', 0.30000000000000004)": {
        "attenuation_soma/dendrite": 0.1660782381688727,
        "distance": 293.45596506009764
    },
    "('trunk[10]', 0.8999999999999999)": {
        "attenuation_soma/dendrite": 0.2819128518398642,
        "distance": 200.8587607950937
    }
}