{
    "error_attenuation_soma/dend_100_um": 3.5705523828773127,
    "error_attenuation_soma/dend_200_um": 1.5087950510136443,
    "error_attenuation_soma/dend_300_um": 2.1124879779866355
}