{
    "mean_attenuation_soma/dend_100_um": {
        "mean": 0.9365764530351655,
        "std": 0.037231954933891816
    },
    "mean_attenuation_soma/dend_200_um": {
        "mean": 0.3215127589414805,
        "std": 0.07645739492381752
    },
    "mean_attenuation_soma/dend_300_um": {
        "mean": 0.1801474983811718,
        "std": 0.026185247213331275
    }
}