{
    "mean_attenuation_soma/dend_300_um": {
        "std": 0.02018768973743592,
        "mean": 0.17066550336330644
    },
    "mean_attenuation_soma/dend_100_um": {
        "std": 0.2087693094425372,
        "mean": 0.7483161901109445
    },
    "mean_attenuation_soma/dend_200_um": {
        "std": 0.058937178386768624,
        "mean": 0.2831302863702933
    }
}