{
    "('dendA5_0111111111111', 0.21428571428571427)": {
        "EPSP_amp_soma": 0.18351221452591915,
        "distance": 254.78367321852483,
        "EPSP_amp_dendrite": 0.48488412886314336
    },
    "('dendA5_0111111111', 0.5)": {
        "EPSP_amp_soma": 0.2128432066925825,
        "distance": 213.20068049562843,
        "EPSP_amp_dendrite": 0.4598327313151316
    },
    "('dendA5_011111111111', 0.5)": {
        "EPSP_amp_soma": 0.19325229347059292,
        "distance": 239.79096715191383,
        "EPSP_amp_dendrite": 0.47027118805686996
    },
    "('dendA5_01111111111111', 0.045454545454545456)": {
        "EPSP_amp_soma": 0.16496130043064738,
        "distance": 283.447816389045,
        "EPSP_amp_dendrite": 0.5206040984313915
    },
    "('dendA5_0111111111111', 0.07142857142857142)": {
        "EPSP_amp_soma": 0.18640553327691123,
        "distance": 249.96870011788712,
        "EPSP_amp_dendrite": 0.4791747178061314
    },
    "('dendA5_011', 0.8999999999999999)": {
        "EPSP_amp_soma": 0.3791913089325192,
        "distance": 103.9835181978471,
        "EPSP_amp_dendrite": 0.48894245013001125
    },
    "('dendA5_01111111111111', 0.13636363636363635)": {
        "EPSP_amp_soma": 0.1621472842658136,
        "distance": 287.8113986230707,
        "EPSP_amp_dendrite": 0.5282832820691823
    },
    "('dendA5_01', 0.8636363636363638)": {
        "EPSP_amp_soma": 0.41951553201228364,
        "distance": 77.09033393311545,
        "EPSP_amp_dendrite": 0.5047165804124631
    },
    "('dendA5_01111', 0.9285714285714284)": {
        "EPSP_amp_soma": 0.3091174719700973,
        "distance": 142.45692935032375,
        "EPSP_amp_dendrite": 0.47411108213074726
    },
    "('dendA5_0111111111111', 0.9285714285714284)": {
        "EPSP_amp_soma": 0.1681550691546363,
        "distance": 278.8585387217133,
        "EPSP_amp_dendrite": 0.5136412744974166
    },
    "('dendA5_011', 0.30000000000000004)": {
        "EPSP_amp_soma": 0.39844767262731295,
        "distance": 91.2775915157409,
        "EPSP_amp_dendrite": 0.4965550119410409
    },
    "('dendA5_01111111111111', 0.9545454545454547)": {
        "EPSP_amp_soma": 0.14033136340280805,
        "distance": 327.083638729302,
        "EPSP_amp_dendrite": 0.5783652666028019
    },
    "('dendA5_01111111111111', 0.6818181818181819)": {
        "EPSP_amp_soma": 0.14632834227973035,
        "distance": 313.99289202722485,
        "EPSP_amp_dendrite": 0.5663194650816763
    },
    "('dendA5_0111111111111', 0.3571428571428571)": {
        "EPSP_amp_soma": 0.18066820623286617,
        "distance": 259.5986463191625,
        "EPSP_amp_dendrite": 0.4904429410682525
    },
    "('dendA5_01', 0.40909090909090906)": {
        "EPSP_amp_soma": 0.4593968151110772,
        "distance": 50.976019794540925,
        "EPSP_amp_dendrite": 0.5193677681914721
    }
}