{
    "('dendA5_0111111111', 0.5)": {
        "distance": 213.20068049562843, 
        "EPSP_amp_dendrite": 0.4598327313151316, 
        "EPSP_amp_soma": 0.2128432066925825
    }, 
    "('dendA5_0111111111111', 0.07142857142857142)": {
        "distance": 249.96870011788712, 
        "EPSP_amp_dendrite": 0.4791747178061314, 
        "EPSP_amp_soma": 0.18640553327691123
    }, 
    "('dendA5_01111111111111', 0.9545454545454547)": {
        "distance": 327.083638729302, 
        "EPSP_amp_dendrite": 0.5783652666028019, 
        "EPSP_amp_soma": 0.14033136340280805
    }, 
    "('dendA5_011', 0.30000000000000004)": {
        "distance": 91.2775915157409, 
        "EPSP_amp_dendrite": 0.4965550119410409, 
        "EPSP_amp_soma": 0.39844767262731295
    }, 
    "('dendA5_01111', 0.9285714285714284)": {
        "distance": 142.45692935032375, 
        "EPSP_amp_dendrite": 0.47411108213074726, 
        "EPSP_amp_soma": 0.3091174719700973
    }, 
    "('dendA5_011', 0.8999999999999999)": {
        "distance": 103.9835181978471, 
        "EPSP_amp_dendrite": 0.48894245013001125, 
        "EPSP_amp_soma": 0.3791913089325192
    }, 
    "('dendA5_01111111111111', 0.13636363636363635)": {
        "distance": 287.8113986230707, 
        "EPSP_amp_dendrite": 0.5282832820691823, 
        "EPSP_amp_soma": 0.1621472842658136
    }, 
    "('dendA5_01', 0.8636363636363638)": {
        "distance": 77.09033393311545, 
        "EPSP_amp_dendrite": 0.5047165804124631, 
        "EPSP_amp_soma": 0.41951553201228364
    }, 
    "('dendA5_0111111111111', 0.3571428571428571)": {
        "distance": 259.5986463191625, 
        "EPSP_amp_dendrite": 0.4904429410682525, 
        "EPSP_amp_soma": 0.18066820623286617
    }, 
    "('dendA5_01111111111111', 0.045454545454545456)": {
        "distance": 283.447816389045, 
        "EPSP_amp_dendrite": 0.5206040984313915, 
        "EPSP_amp_soma": 0.16496130043064738
    }, 
    "('dendA5_0111111111111', 0.21428571428571427)": {
        "distance": 254.78367321852483, 
        "EPSP_amp_dendrite": 0.48488412886314336, 
        "EPSP_amp_soma": 0.18351221452591915
    }, 
    "('dendA5_0111111111111', 0.9285714285714284)": {
        "distance": 278.8585387217133, 
        "EPSP_amp_dendrite": 0.5136412744974166, 
        "EPSP_amp_soma": 0.1681550691546363
    }, 
    "('dendA5_01', 0.40909090909090906)": {
        "distance": 50.976019794540925, 
        "EPSP_amp_dendrite": 0.5193677681914721, 
        "EPSP_amp_soma": 0.4593968151110772
    }, 
    "('dendA5_011111111111', 0.5)": {
        "distance": 239.79096715191383, 
        "EPSP_amp_dendrite": 0.47027118805686996, 
        "EPSP_amp_soma": 0.19325229347059292
    }, 
    "('dendA5_01111111111111', 0.6818181818181819)": {
        "distance": 313.99289202722485, 
        "EPSP_amp_dendrite": 0.5663194650816763, 
        "EPSP_amp_soma": 0.14632834227973035
    }
}