{
    "error_attenuation_soma/dend_100_um": 1.5928888516304813,
    "error_attenuation_soma/dend_200_um": 0.5913268003175581,
    "error_attenuation_soma/dend_300_um": 0.6635624694232399
}