{
    "('dendA5_0111111111', 0.5)": {
        "distance": 213.20068049562843, 
        "attenuation_soma/dendrite": 0.4628709358810677
    }, 
    "('dendA5_0111111111111', 0.07142857142857142)": {
        "distance": 249.96870011788712, 
        "attenuation_soma/dendrite": 0.3890137070051529
    }, 
    "('dendA5_01111111111111', 0.9545454545454547)": {
        "distance": 327.083638729302, 
        "attenuation_soma/dendrite": 0.24263449329709147
    }, 
    "('dendA5_011', 0.30000000000000004)": {
        "distance": 91.2775915157409, 
        "attenuation_soma/dendrite": 0.8024240276415197
    }, 
    "('dendA5_01111', 0.9285714285714284)": {
        "distance": 142.45692935032375, 
        "attenuation_soma/dendrite": 0.6519937702802967
    }, 
    "('dendA5_011', 0.8999999999999999)": {
        "distance": 103.9835181978471, 
        "attenuation_soma/dendrite": 0.7755336212507036
    }, 
    "('dendA5_01111111111111', 0.13636363636363635)": {
        "distance": 287.8113986230707, 
        "attenuation_soma/dendrite": 0.3069324541763169
    }, 
    "('dendA5_01', 0.8636363636363638)": {
        "distance": 77.09033393311545, 
        "attenuation_soma/dendrite": 0.8311903121340858
    }, 
    "('dendA5_0111111111111', 0.3571428571428571)": {
        "distance": 259.5986463191625, 
        "attenuation_soma/dendrite": 0.3683776258240069
    }, 
    "('dendA5_01111111111111', 0.045454545454545456)": {
        "distance": 283.447816389045, 
        "attenuation_soma/dendrite": 0.3168651590098594
    }, 
    "('dendA5_0111111111111', 0.21428571428571427)": {
        "distance": 254.78367321852483, 
        "attenuation_soma/dendrite": 0.3784661192276614
    }, 
    "('dendA5_0111111111111', 0.9285714285714284)": {
        "distance": 278.8585387217133, 
        "attenuation_soma/dendrite": 0.3273784205118081
    }, 
    "('dendA5_01', 0.40909090909090906)": {
        "distance": 50.976019794540925, 
        "attenuation_soma/dendrite": 0.884530853177077
    }, 
    "('dendA5_011111111111', 0.5)": {
        "distance": 239.79096715191383, 
        "attenuation_soma/dendrite": 0.4109379829733964
    }, 
    "('dendA5_01111111111111', 0.6818181818181819)": {
        "distance": 313.99289202722485, 
        "attenuation_soma/dendrite": 0.25838480098618266
    }
}