{
    "mean_attenuation_soma/dend_100_um": {
        "std": 0.07750913588665816,
        "mean": 0.7891345168967365
    },
    "mean_attenuation_soma/dend_200_um": {
        "std": 0.030970587716719882,
        "mean": 0.42094087528653895
    },
    "mean_attenuation_soma/dend_300_um": {
        "std": 0.047110629469951947,
        "mean": 0.31414843900470385
    }
}