{
    "threshold_error": 0.6610833522170217, 
    "prox_threshold_error": 0.7047956521741399, 
    "dist_threshold_error": 0.6120560561899697, 
    "nonlin_at_th_error": 0.1455522955578761, 
    "nonlin_suprath_error": 0.46480088262645103, 
    "peak_deriv_error": 0.12791603095564893, 
    "amp_at_th_error": 0.9697505958222933, 
    "time_to_peak_error": 5.363544595961558, 
    "async_nonlin_error": 0.989618975982577
}