{
    "amplitude_at_th": 1.6612296454951198e-07,
    "distal_threshold": 0.18185199004796088,
    "time_to_peak_at_th": 6.291627661278715e-53,
    "proximal_threshold": 0.011301432781910576,
    "suprath_degree_of_nonlinearity": 0.07063894885364949,
    "peak_dV/dt_at_th": 0.3775567875016872,
    "asynch_degree_of_nonlin_at_th": 9.772568795918581e-05,
    "degree_of_nonlinearity_at_th": 0.5115161221311232,
    "threshold": 0.007279443493521551
}