{
    "threshold": 0.02227227659417753,
    "proximal_threshold": 0.07658186482414636,
    "distal_threshold": 0.001204121132277539,
    "peak_dV/dt_at_th": 0.7144299070439099,
    "degree_of_nonlinearity_at_th": 0.8935275592121342,
    "suprath_degree_of_nonlinearity": 0.7116784661998101,
    "amplitude_at_th": 0.002222140775132475,
    "time_to_peak_at_th": 1.2884972471110268e-29,
    "asynch_degree_of_nonlin_at_th": 4.264277929859581e-05
}