{
    "Z_score_avg_strong_propagating": 4.577499109011697,
    "Z_score_avg_weak_propagating": 6.914322399308427
}