{
    "AP1_amp_at_50": 1.1852274702035115, 
    "AP1_amp_at_150": 0.41370578708198896, 
    "AP1_amp_at_250": 0.46134000831978855, 
    "AP1_amp_strong_propagating_at_350": 0.3222225000389906, 
    "AP1_amp_weak_propagating_at_350": 19.01680882241283, 
    "APlast_amp_at_50": 3.3204895180208864, 
    "APlast_amp_at_150": 2.3919473787971337, 
    "APlast_amp_at_250": 16.487854767758797, 
    "APlast_amp_at_350": 12.03720544187248
}