{
    "doublet_ISI.Step1.0": 0.9177935028839042, 
    "steady_state_voltage.Step-0.2": 0.88501159479233, 
    "fast_AHP.Step1.0": 0.9734028487756068, 
    "steady_state_hyper.Step-0.2": 2.513560052416278, 
    "AP_begin_voltage.Step0.8": 0.5153295467532455, 
    "AHP_depth.Step1.0": 2.8251656104636655, 
    "AP_amplitude_from_voltagebase.Step1.0": 1.3272039463564311, 
    "voltage_deflection_vb_ssse.Step-1.0": 15.217536364048044, 
    "steady_state_voltage.Step1.0": 0.23791678932749416, 
    "AP_height.Step0.8": 0.3645209623563503, 
    "voltage_base.Step-0.4": 0.7976666297371651, 
    "inv_second_ISI.Step0.8": 1.5098075215393565, 
    "amp_drop_first_last.Step0.8": 1.243609902209094, 
    "inv_fourth_ISI.Step1.0": 6.0801689162523775, 
    "voltage_after_stim.Step-1.0": 0.9184512722836229, 
    "voltage_deflection_begin.Step-0.6": 7.669321469700627, 
    "AHP_depth_from_peak.Step0.8": 0.8936123478741091, 
    "voltage_base.Step-0.8": 0.7429652418975823, 
    "peak_voltage.Step1.0": 1.56538868659689, 
    "AP_begin_width.Step0.8": 0.6985986707119132, 
    "AP2_AP1_peak_diff.Step1.0": 2.816926477859345, 
    "AHP_depth.Step0.8": 1.701366499691485, 
    "sag_amplitude.Step-1.0": 1.9977846006455064, 
    "AP_fall_rate.Step0.8": 0.5830050646793478, 
    "AP_amplitude_change.Step1.0": 3.7582845509895004, 
    "doublet_ISI.Step0.8": 0.6616304116984789, 
    "inv_fifth_ISI.Step0.8": 4.561087487395014, 
    "AHP_time_from_peak.Step1.0": 3.195838306267304, 
    "inv_fifth_ISI.Step0.4": 6.725968603498406, 
    "AP_duration_half_width_change.Step0.8": 2.481432315605963, 
    "inv_fifth_ISI.Step0.6": 4.808813614782992, 
    "AHP1_depth_from_peak.Step0.8": 2.635785717514281, 
    "inv_fifth_ISI.Step0.2": 14.344777216451476, 
    "maximum_voltage_from_voltagebase.Step0.6": 0.20248023602620754, 
    "maximum_voltage_from_voltagebase.Step0.4": 0.5113030090887519, 
    "maximum_voltage_from_voltagebase.Step0.2": 1.0695532226548137, 
    "steady_state_voltage_stimend.Step-1.0": 12.353098659904019, 
    "min_voltage_between_spikes.Step0.8": 0.8549284295492383, 
    "AP2_peak.Step0.8": 0.9533615863900007, 
    "AP_amplitude.Step1.0": 2.810900122896479, 
    "Spikecount_stimint.Step1.0": 9.670541377145701, 
    "maximum_voltage_from_voltagebase.Step0.8": 0.5429919373594567, 
    "amp_drop_first_second.Step0.8": 0.5814065830238806, 
    "voltage_after_stim.Step0.2": 0.7295363391445657, 
    "voltage_deflection_begin.Step-0.4": 6.369195471620405, 
    "steady_state_voltage_stimend.Step-0.4": 6.044089614554665, 
    "inv_third_ISI.Step1.0": 4.060881267328669, 
    "AP2_width.Step1.0": 2.0774335567160915, 
    "inv_second_ISI.Step1.0": 1.6914434010210453, 
    "amp_drop_second_last.Step0.8": 1.8243727322469472, 
    "voltage_base.Step-0.6": 0.7611493783476733, 
    "voltage_deflection.Step-0.2": 5.133443839277877, 
    "AHP2_depth_from_peak.Step0.8": 1.5326320844472563, 
    "inv_last_ISI.Step1.0": 15.152895863272908, 
    "AP_rise_time.Step0.8": 0.8916303942243704, 
    "voltage_deflection_begin.Step-0.2": 4.133437052008771, 
    "AP_duration_half_width.Step0.8": 1.6584132777685487, 
    "AP2_begin_voltage.Step1.0": 0.09743836653619083, 
    "Spikecount.Step0.8": 8.326533061322454, 
    "Spikecount.Step0.6": 7.292816992488683, 
    "Spikecount.Step0.4": 8.038939790575915, 
    "Spikecount.Step0.2": 9.415742259091349, 
    "AP_fall_time.Step1.0": 2.6751509054392812, 
    "inv_first_ISI.Step0.4": 0.9046497061663686, 
    "voltage_deflection_vb_ssse.Step-0.8": 14.71629043854221, 
    "inv_first_ISI.Step0.6": 0.5246721553144454, 
    "voltage_base.Step-0.2": 0.792398961855616, 
    "inv_first_ISI.Step0.2": 1.6051002497284004, 
    "voltage_deflection_vb_ssse.Step-0.2": 5.202647111300738, 
    "voltage_deflection_vb_ssse.Step-0.6": 13.4520845846162, 
    "AP_begin_voltage.Step1.0": 1.0353886723463994, 
    "sag_ratio2.Step-1.0": 3.2356563765338993, 
    "AP_rise_rate.Step0.8": 1.0042512127966434, 
    "steady_state_voltage.Step0.4": 0.6409807293963435, 
    "steady_state_voltage.Step0.6": 0.4880661723401785, 
    "inv_time_to_first_spike.Step0.8": 3.8343832775437248, 
    "ISI_values.Step0.8": 1.2657016790093274, 
    "inv_time_to_first_spike.Step1.0": 3.442003286606286, 
    "inv_time_to_first_spike.Step0.4": 3.962019788340248, 
    "Spikecount_stimint.Step0.4": 8.038939790575915, 
    "inv_time_to_first_spike.Step0.6": 4.225177430615764, 
    "steady_state_voltage.Step0.8": 0.3535019887131233, 
    "inv_time_to_first_spike.Step0.2": 2.8128570473903176, 
    "minimum_voltage.Step-0.4": 2.561536299675495, 
    "steady_state_voltage.Step-0.8": 2.3274464816368514, 
    "minimum_voltage.Step-0.6": 6.917047070089511, 
    "min_AHP_values.Step0.8": 0.651435080466708, 
    "minimum_voltage.Step-0.2": 1.339751201730635, 
    "sag_ratio1.Step-1.0": 3.2356563765338993, 
    "minimum_voltage.Step-0.8": 8.122612984000028, 
    "steady_state_voltage.Step-0.4": 1.20870949345618, 
    "steady_state_voltage.Step-0.6": 1.7452649458575715, 
    "APlast_amp.Step0.8": 0.03091154491032341, 
    "sag_ratio2.Step-0.2": 2.731137088196983, 
    "AP_duration_half_width_change.Step1.0": 0.6182851191749537, 
    "sag_ratio2.Step-0.6": 3.4414026743340944, 
    "sag_ratio2.Step-0.4": 1.6391903923428544, 
    "sag_ratio2.Step-0.8": 3.253121340069975, 
    "AP_fall_rate.Step1.0": 0.6823987066201762, 
    "maximum_voltage_from_voltagebase.Step1.0": 0.32129894390422165, 
    "AP_amplitude.Step0.8": 0.8303599406811782, 
    "AHP_depth_abs.Step1.0": 1.5266186075879487, 
    "amp_drop_first_second.Step1.0": 2.816926477859345, 
    "number_initial_spikes.Step1.0": 3.204249260760048, 
    "voltage_deflection_vb_ssse.Step-0.4": 10.28850207940164, 
    "time_to_last_spike.Step0.8": 1.1316274023028194, 
    "AP1_peak.Step1.0": 0.6812859191534699, 
    "irregularity_index.Step0.8": 1.0476701836328814, 
    "AP_height.Step1.0": 1.56538868659689, 
    "AP2_begin_width.Step0.8": 1.0705772811911711, 
    "amp_drop_second_last.Step1.0": 0.10322173024983525, 
    "min_voltage_between_spikes.Step1.0": 1.644821652215469, 
    "fast_AHP_change.Step0.8": 2.067687121017355, 
    "AP_rise_rate_change.Step1.0": 1.656879095652125, 
    "AHP2_depth_from_peak.Step1.0": 2.6985832185750733, 
    "AP_width.Step0.8": 1.2224156527386882, 
    "voltage_deflection.Step-0.4": 10.393338713962653, 
    "AP_duration_half_width.Step1.0": 0.2571897317192922, 
    "time_to_last_spike.Step1.0": 0.8908357897329446, 
    "AHP_depth_abs.Step0.8": 0.651435080466708, 
    "min_AHP_values.Step1.0": 1.5266186075879487, 
    "steady_state_hyper.Step-0.6": 9.250406954084841, 
    "steady_state_hyper.Step-0.4": 6.095102355331759, 
    "maximum_voltage.Step1.0": 0.682332300332721, 
    "time_to_second_spike.Step1.0": 1.0751767842497226, 
    "steady_state_hyper.Step-0.8": 11.303052145795984, 
    "AP_fall_time.Step0.8": 2.1603694374562883, 
    "time_to_second_spike.Step0.8": 0.8576293970569943, 
    "spike_width2.Step0.8": 2.33821775333293, 
    "ISI_values.Step1.0": 2.261814902570643, 
    "AP_rise_rate.Step1.0": 2.072415794890794, 
    "sag_ratio1.Step-0.6": 3.4414026743340944, 
    "minimum_voltage.Step-1.0": 8.72884201745956, 
    "sag_ratio1.Step-0.4": 1.6391903923428535, 
    "sag_ratio1.Step-0.2": 2.731137088196983, 
    "voltage_after_stim.Step0.6": 0.4659336172237479, 
    "voltage_after_stim.Step0.4": 0.6007373252181681, 
    "inv_second_ISI.Step0.4": 2.5685880661597675, 
    "voltage_after_stim.Step0.8": 0.3289537446646454, 
    "steady_state_voltage.Step-1.0": 2.834160474105219, 
    "sag_ratio1.Step-0.8": 3.2531213400699746, 
    "maximum_voltage.Step0.4": 0.4063709406646043, 
    "steady_state_voltage_stimend.Step-0.8": 11.236725444135422, 
    "APlast_amp.Step1.0": 1.7063061580827736, 
    "spike_width2.Step1.0": 0.12661003633850637, 
    "mean_frequency.Step0.8": 7.362466137412334, 
    "inv_third_ISI.Step0.8": 3.3166290530600664, 
    "steady_state_voltage.Step0.2": 0.7450738136617161, 
    "irregularity_index.Step1.0": 0.793645302537775,