{
    "threshold_error": 0.4592703746729948,
    "prox_threshold_error": 0.43558675132373714,
    "dist_threshold_error": 0.6112682570635469,
    "nonlin_at_th_error": 0.3719286824496814,
    "nonlin_suprath_error": 0.6633291329490647,
    "peak_deriv_error": 0.09725078464798446,
    "amp_at_th_error": 0.8635676154565969,
    "time_to_peak_error": 5.286166200120136,
    "async_nonlin_error": 1.115084011113361
}