{
    "threshold": 0.10301299732123265,
    "proximal_threshold": 0.17209540423855177,
    "distal_threshold": 0.08165160586905407,
    "peak_dV/dt_at_th": 0.610748017980552,
    "degree_of_nonlinearity_at_th": 0.17593542259800884,
    "suprath_degree_of_nonlinearity": 0.05442294649123292,
    "amplitude_at_th": 0.0007720696331335003,
    "time_to_peak_at_th": 6.737804169267464e-24,
    "asynch_degree_of_nonlin_at_th": 2.279718188963596e-05
}