{
    "Z_score_avg_strong_propagating": 4.9428483261302345,
    "Z_score_avg_weak_propagating": 7.369828085114472
}