{
    "AP1_amp_at_50": 2.358193689536012, 
    "AP1_amp_at_150": 0.535127850552762, 
    "AP1_amp_at_250": 0.5153703367178084, 
    "AP1_amp_strong_propagating_at_350": 0.6638391516355244, 
    "AP1_amp_weak_propagating_at_350": 20.079677223509425, 
    "APlast_amp_at_50": 4.317059262147942, 
    "APlast_amp_at_150": 2.0000500819195293, 
    "APlast_amp_at_250": 16.477182895430794, 
    "APlast_amp_at_350": 12.675963341101504
}