{
    "I_below_depol_block_error": 1.0000000000000002,
    "Veq_error": 3.2674278584192713,
    "I_maxNumAP_error": 1.0000000000000002,
    "I_diff_penalty": 0
}