{
    "AP2_amp.Step0.15": NaN, 
    "decay_time_constant_after_stim.Step0.15": 1.4023408552744698, 
    "AP_begin_voltage.Step0.2": 1.7990063084179537, 
    "doublet_ISI.Step0.15": NaN, 
    "peak_voltage.Step0.25": 3.977825349171142, 
    "AP_duration_half_width.Step0.15": NaN, 
    "AHP_time_from_peak.Step0.15": NaN, 
    "inv_third_ISI.Step0.25": 2.2006164719356467, 
    "irregularity_index.Step0.25": 60.845361537338185, 
    "inv_time_to_first_spike.Step0.15": 9.952343602936564, 
    "voltage_base.Step-0.2": 3.0319056620922096, 
    "inv_first_ISI.Step0.25": 2.7720029838094087, 
    "spike_width2.Step0.2": 5.131315889818348, 
    "AP_amplitude_from_voltagebase.Step0.25": 4.036788313203152, 
    "spike_half_width.Step0.15": NaN, 
    "voltage_deflection.Step-0.25": 1.00944974099071, 
    "steady_state_voltage_stimend.Step-0.25": 1.6264353874089184, 
    "amp_drop_first_last.Step0.2": 0.832361612121292, 
    "mean_frequency.Step0.15": NaN, 
    "AHP_depth_diff.Step0.25": 5.1117941103336495, 
    "AP_begin_width.Step0.25": 0.6951801541948138, 
    "steady_state_hyper.Step-0.1": 2.7097269676668265, 
    "AP_fall_rate.Step0.25": 5.883594890443632, 
    "AP1_peak.Step0.15": NaN, 
    "AP2_width.Step0.15": NaN, 
    "time_to_last_spike.Step0.15": 13.334667257178408, 
    "AP_duration_half_width_change.Step0.2": NaN, 
    "spike_width2.Step0.25": 3.190584062480265, 
    "voltage_base.Step0.2": 0.8907831302417667, 
    "AHP1_depth_from_peak.Step0.2": 3.4704817436480204, 
    "AP2_begin_width.Step0.15": NaN, 
    "AP_rise_time.Step0.25": 8.783037475324987, 
    "AP_fall_rate.Step0.2": 5.2436494622253615, 
    "voltage_after_stim.Step-0.25": 1.7232376282164021, 
    "inv_fifth_ISI.Step0.1": 0.5, 
    "inv_fifth_ISI.Step0.2": 3.7948769972102463, 
    "voltage_base.Step-0.25": 3.1049791764581416, 
    "min_voltage_between_spikes.Step0.2": 1.7356962965046414, 
    "AP2_peak.Step0.2": 3.9201850590391065, 
    "decay_time_constant_after_stim.Step0.25": 0.31327777829326675, 
    "amp_drop_first_second.Step0.2": 0.8906452823386416, 
    "inv_second_ISI.Step0.25": 1.0834517584981262, 
    "maximum_voltage_from_voltagebase.Step0.1": 1.6009528982691836, 
    "inv_last_ISI.Step0.15": 2.695599335646867, 
    "inv_fifth_ISI.Step0.25": 4.0829262704008835, 
    "mean_frequency.Step0.25": 3.1952832249567527, 
    "ISI_semilog_slope.Step0.25": 115.53585828532972, 
    "AHP1_depth_from_peak.Step0.15": NaN, 
    "amp_drop_second_last.Step0.2": NaN, 
    "AP1_peak.Step0.2": 3.9073996217276052, 
    "number_initial_spikes.Step0.2": 8.00225056264066, 
    "maximum_voltage_from_voltagebase.Step0.25": 3.84372172118505, 
    "AP_duration.Step0.15": NaN, 
    "inv_fifth_ISI.Step0.15": 1.3801822628099805, 
    "AHP2_depth_from_peak.Step0.25": 3.104862875991085, 
    "APlast_amp.Step0.2": 5.034227078293519, 
    "voltage_after_stim.Step0.25": 0.957260952737328, 
    "AHP2_depth_from_peak.Step0.2": 3.2423079519326112, 
    "Spikecount.Step0.15": 3.1896424815983178, 
    "decay_time_constant_after_stim.Step-0.05": 1.4802932130456337, 
    "time_to_first_spike.Step0.2": 11.976968030284135, 
    "AP_rise_time.Step0.2": 12.2335600906782, 
    "irregularity_index.Step0.15": NaN, 
    "min_AHP_values.Step0.25": 3.1443316995476445, 
    "voltage_deflection.Step-0.15": 1.2757706562458337, 
    "time_to_last_spike.Step0.25": 8.463714845365379, 
    "voltage_deflection_vb_ssse.Step-0.1": 1.1842478291295793, 
    "voltage_after_stim.Step-0.15": 2.3248433759138925, 
    "AP1_peak.Step0.25": 3.792578896777026, 
    "AP_duration_half_width.Step0.2": 5.104051565383394, 
    "voltage_deflection_begin.Step-0.25": 0.06263388326175733, 
    "Spikecount.Step0.2": 3.792492955500027, 
    "Spikecount.Step0.1": 1.2461059190031152, 
    "Spikecount_stimint.Step0.15": 3.1896424815983178, 
    "AP_rise_rate_change.Step0.25": 1.5891108938212744, 
    "inv_first_ISI.Step0.1": 0.6617676236947112, 
    "voltage_after_stim.Step-0.1": 2.4510259418145908, 
    "inv_first_ISI.Step0.2": 2.4008758215975945, 
    "burst_mean_freq.Step0.25": 2.807133285760659, 
    "spike_width2.Step0.15": NaN, 
    "fast_AHP_change.Step0.25": 0.10370833447346474, 
    "AHP_depth_from_peak.Step0.2": 3.103979900259862, 
    "Spikecount_stimint.Step0.2": 3.792492955500027, 
    "time_to_first_spike.Step0.15": NaN, 
    "max_amp_difference.Step0.25": 0.12457429760350135, 
    "steady_state_voltage.Step0.1": 0.6891490362038595, 
    "time_constant.Step-0.25": 6.1318900382997485, 
    "ISI_log_slope_skip.Step0.2": NaN, 
    "steady_state_voltage.Step0.2": 0.06400101472195335, 
    "voltage_base.Step-0.1": 2.5879881073091955, 
    "voltage_deflection.Step-0.2": 1.3748433107896028, 
    "AP_rise_rate.Step0.2": 5.806919182589868, 
    "single_burst_ratio.Step0.25": 4.309904943510926, 
    "ISI_values.Step0.2": NaN, 
    "AP_width.Step0.25": 1.5020519835723123, 
    "AHP_time_from_peak.Step0.25": 0.26741727153520495, 
    "AP_duration.Step0.25": 8.57713583282799, 
    "voltage_base.Step0.05": 1.0820180875403858, 
    "peak_voltage.Step0.15": NaN, 
    "minimum_voltage.Step-0.1": 1.776540894033539, 
    "minimum_voltage.Step-0.2": 1.703760635761057, 
    "AP_begin_voltage.Step0.15": NaN, 
    "steady_state_voltage.Step-0.1": 3.455511233031827, 
    "AP_rise_rate.Step0.15": NaN, 
    "AP_amplitude_change.Step0.15": NaN, 
    "AP_height.Step0.25": 3.977825349171142, 
    "sag_ratio2.Step-0.2": 1.3472090717038674, 
    "sag_ratio2.Step-0.1": 2.7024507858480895, 
    "decay_time_constant_after_stim.Step-0.1": 1.6171918497885838, 
    "decay_time_constant_after_stim.Step-0.2": 1.9308919210782136, 
    "sag_amplitude.Step-0.15": 1.3229569310090612, 
    "AHP_depth.Step0.2": 5.49828617352682, 
    "inv_fourth_ISI.Step0.15": 1.6510882117793375, 
    "sag_ratio1.Step-0.15": 2.3114954484225505, 
    "doublet_ISI.Step0.2": 8.130618125056058, 
    "AHP_depth_abs.Step0.15": NaN, 
    "ISI_values.Step0.15": NaN, 
    "time_to_last_spike.Step0.2": 17.107061038938074, 
    "AP_rise_rate_change.Step0.15": NaN, 
    "sag_amplitude.Step-0.05": 4.132941110043403, 
    "AP_amplitude.Step0.2": 5.757480774075556, 
    "voltage_deflection_vb_ssse.Step-0.25": 1.0222993563953784, 
    "spike_half_width.Step0.25": 5.622002224148137, 
    "AP2_begin_width.Step0.2": 0.44732334047349387, 
    "AP2_peak.Step0.15": NaN, 
    "maximum_voltage_from_voltagebase.Step0.05": 1.185040099096579, 
    "AP2_amp.Step0.25": 5.610111608623378, 
    "number_initial_spikes.Step0.15": 0.9129005751848809, 
    "AP_amplitude_from_voltagebase.Step0.15": NaN, 
    "AP_width.Step0.15": NaN, 
    "burst_mean_freq.Step0.2": NaN, 
    "AP_begin_voltage.Step0.25": 1.6661725075502212, 
    "voltage_base.Step0.15": 1.0986800601374722, 
    "voltage_base.Step0.25": 0.47645919267917647, 
    "AHP_depth.Step0.25": 6.5235409527313495, 
    "APlast_amp.Step0.15": NaN, 
    "voltage_deflection_begin.Step-0.1": 0.19421895641933803, 
    "voltage_base.Step-0.05": 2.6695335183036155, 
    "AP_amplitude.Step0.25": 6.099395247455508, 
    "initburst_sahp_ssse.Step0.25": NaN, 
    "AHP_depth_diff.Step0.2": 5.264309936641946, 
    "amp_drop_second_last.Step0.25": 0.6394110769563776, 
    "initburst_sahp.Step0.25": NaN, 
    "voltage_base.Step-0.15": 2.793942230961522, 
    "steady_state_voltage.Step-0.2": 3.5170786605023716, 
    "AHP_depth_abs.Step0.2": 3.0701568934385657, 
    "AP_duration_change.Step0.25": 1.2372699180437996, 
    "AP_width.Step0.2": 2.43338323352, 
    "steady_state_voltage_stimend.Step-0.1": 2.6707219612017945, 
    "sag_ratio1.Step-0.05": 6.133553854259722, 
    "steady_state_hyper.Step-0.2": 2.1213847293658037, 
    "inv_third_ISI.Step0.15": 1.78034990212528, 
    "Spikecount.Step0.25": 3.4235904643494237, 
    "AHP_depth_abs.Step0.25": 3.1443316995476445, 
    "AP_fall_time.Step0.2": 7.326185567010684, 
    "voltage_after_stim.Step-0.05": 2.710764593974828, 
    "AP_rise_rate.Step0.25": 5.256305824216863, 
    "ISI_CV.Step0.25": 20.11286851343578, 
    "ISI_values.Step0.25": 5.646510626840253,