{
    "AHP_depth.Step0.2": 5.498110695578548,
    "voltage_after_stim.Step-0.15": 2.32485159082695,
    "burst_mean_freq.Step0.25": 2.807133285760659,
    "AP2_peak.Step0.15": NaN,
    "AP_duration_half_width_change.Step0.25": 2.230515916575192,
    "AHP1_depth_from_peak.Step0.2": 3.471253115032025,
    "AHP2_depth_from_peak.Step0.2": 3.2404901389394,
    "time_to_second_spike.Step0.15": NaN,
    "adaptation_index2.Step0.25": 60.04667580908716,
    "time_to_first_spike.Step0.15": NaN,
    "initburst_sahp.Step0.25": NaN,
    "voltage_deflection_begin.Step-0.2": 0.06516594154257174,
    "AP_height.Step0.2": 3.8530343651712458,
    "inv_fifth_ISI.Step0.2": 3.7948769972102463,
    "time_constant.Step-0.1": 1.8004190640369406,
    "ISI_values.Step0.2": NaN,
    "sag_amplitude.Step-0.2": 0.3843676990086627,
    "decay_time_constant_after_stim.Step-0.25": 2.6041434520409026,
    "decay_time_constant_after_stim.Step0.15": 1.4022950275993544,
    "AP1_peak.Step0.2": 3.9081622120170065,
    "AHP_time_from_peak.Step0.25": 0.2559867405870528,
    "Spikecount_stimint.Step0.2": 3.792492955500027,
    "time_to_last_spike.Step0.25": 8.463714845365379,
    "time_constant.Step-0.25": 6.131894450583087,
    "fast_AHP.Step0.2": NaN,
    "fast_AHP_change.Step0.2": NaN,
    "time_to_last_spike.Step0.15": 13.334667257178408,
    "amp_drop_second_last.Step0.25": 0.5981793712545852,
    "AP2_peak.Step0.25": 3.7722524556261345,
    "irregularity_index.Step0.2": NaN,
    "peak_voltage.Step0.25": 3.9758875283464263,
    "number_initial_spikes.Step0.25": 14.50337584396099,
    "voltage_base.Step0.1": 1.089658235038131,
    "time_constant.Step-0.05": 0.05517332165355345,
    "AP1_peak.Step0.25": 3.7926834300689594,
    "AP_amplitude_change.Step0.2": 0.08377453219295544,
    "sag_ratio1.Step-0.25": 0.7360520553459922,
    "single_burst_ratio.Step0.2": NaN,
    "minimum_voltage.Step-0.25": 1.4375910047942981,
    "voltage_base.Step0.25": 0.47645905841757574,
    "AHP_depth_abs.Step0.15": NaN,
    "AHP_depth_abs.Step0.2": 3.070078259955849,
    "AP_rise_time.Step0.15": NaN,
    "time_to_second_spike.Step0.2": 22.55732686291024,
    "min_AHP_values.Step0.25": 3.1442526917529867,
    "number_initial_spikes.Step0.2": 8.00225056264066,
    "AP_duration_change.Step0.2": NaN,
    "AP2_amp.Step0.25": 5.60845629180613,
    "voltage_deflection_vb_ssse.Step-0.2": 1.383655770077884,
    "sag_amplitude.Step-0.25": 0.04124572377620742,
    "steady_state_voltage_stimend.Step-0.05": 3.0975851012629603,
    "AP_begin_width.Step0.15": NaN,
    "AP_width.Step0.15": NaN,
    "AP2_begin_width.Step0.15": NaN,
    "decay_time_constant_after_stim.Step-0.1": 1.617174294432451,
    "ISI_CV.Step0.2": NaN,
    "steady_state_hyper.Step-0.05": 3.1663551569436654,
    "sag_amplitude.Step-0.05": 4.132952677870311,
    "AP2_begin_width.Step0.2": 0.5900785153484532,
    "maximum_voltage_from_voltagebase.Step0.1": 1.6009536056709048,
    "AP_rise_rate.Step0.2": 5.5656191885449315,
    "voltage_base.Step0.15": 1.098679916728084,
    "AP_duration.Step0.25": 8.730792870320167,
    "voltage_deflection_vb_ssse.Step-0.05": 1.1371310672775676,
    "AP_amplitude.Step0.2": 5.972760351340318,
    "AP_amplitude_change.Step0.25": 0.274940015905826,
    "inv_fourth_ISI.Step0.1": 0.50003543837267,
    "time_to_last_spike.Step0.2": 17.107061038938074,
    "voltage_deflection_vb_ssse.Step-0.15": 1.2649531217148617,
    "inv_fourth_ISI.Step0.25": 3.8520805877072517,
    "minimum_voltage.Step-0.15": 1.7410215029596519,
    "Spikecount_stimint.Step0.1": 1.2461059190031152,
    "AP_amplitude_from_voltagebase.Step0.15": NaN,
    "voltage_deflection_vb_ssse.Step-0.25": 1.0222943037854857,
    "AP2_AP1_peak_diff.Step0.25": 0.05792203136282008,
    "AHP_depth_diff.Step0.15": NaN,
    "amp_drop_first_last.Step0.15": NaN,
    "AHP_depth_from_peak.Step0.2": 3.103443868981272,
    "doublet_ISI.Step0.15": NaN,
    "AP2_begin_width.Step0.25": 0.9389671361528403,
    "inv_last_ISI.Step0.2": 1.7940213605755815,
    "AP_rise_rate_change.Step0.25": 2.228256057137181,
    "maximum_voltage.Step0.25": 3.8183925943612316,
    "inv_second_ISI.Step0.1": 0.4999832152808084,
    "steady_state_voltage_stimend.Step-0.25": 1.6264306826064359,
    "sag_ratio2.Step-0.15": 2.3115027591893207,
    "spike_half_width.Step0.15": NaN,
    "inv_third_ISI.Step0.1": 0.5000035408006458,
    "initburst_sahp_vb.Step0.25": NaN,
    "steady_state_voltage.Step-0.05": 3.2703475881929704,
    "AP_rise_rate_change.Step0.15": NaN,
    "amp_drop_first_second.Step0.15": NaN,
    "inv_first_ISI.Step0.25": 2.7720029838094087,
    "max_amp_difference.Step0.15": NaN,
    "voltage_deflection_begin.Step-0.25": 0.06263747003541362,
    "AP_rise_rate.Step0.25": 5.192668254584799,
    "steady_state_hyper.Step-0.25": 1.6513836495873213,
    "min_voltage_between_spikes.Step0.15": NaN,
    "doublet_ISI.Step0.25": 5.226675455934555,
    "AP_duration_half_width_change.Step0.2": NaN,
    "irregularity_index.Step0.25": 60.845361537338185,
    "inv_first_ISI.Step0.2": 2.4008758215975945,
    "inv_first_ISI.Step0.15": 1.9066509146622859,
    "inv_time_to_first_spike.Step0.15": 9.952343602936564,
    "AP_rise_time.Step0.2": 9.965986394535138,
    "voltage_base.Step-0.2": 3.031905403812473,
    "AHP_depth_from_peak.Step0.15": NaN,
    "doublet_ISI.Step0.2": 8.130618125056058,
    "voltage_deflection_begin.Step-0.15": 0.08797950709788077,
    "steady_state_voltage.Step-0.15": 3.648650516395123,
    "sag_ratio1.Step-0.15": 2.3115027591893185,
    "APlast_amp.Step0.2": 5.239452119741776,
    "sag_ratio2.Step-0.1": 2.7024570753400536,
    "voltage_deflection_begin.Step-0.05": 0.28997303203037894,
    "irregularity_index.Step0.15": NaN,
    "AP_duration_change.Step0.15": NaN,
    "AP_fall_time.Step0.15": NaN,
    "decay_time_constant_after_stim.Step0.05": 0.7235780753229519,
    "ISI_semilog_slope.Step0.25": 115.53585828532972,
    "APlast_amp.Step0.25": 5.637530966854679,
    "AP_duration_half_width.Step0.2": 5.104051565383394,
    "voltage_deflection_vb_ssse.Step-0.1": 1.1842345425937941,
    "mean_frequency.Step0.25": 3.1952832249567527,
    "spike_width2.Step0.15": NaN,
    "ISI_CV.Step0.25": 20.11286851343578,
    "spike_half_width.Step0.25": 5.407285916813258,
    "AHP_depth_abs.Step0.25": 3.1442526917529867,
    "voltage_base.Step0.05": 1.0820179336820404,
    "steady_state_voltage.Step0.2": 0.06429404626615158,
    "inv_fourth_ISI.Step0.2": 3.312675965526876,
    "inv_last_ISI.Step0.1": 0.725294342231532,
    "decay_time_constant_after_stim.Step0.1": 0.22745205297957832,
    "AP_fall_time.Step0.2": 7.326185567010684,
    "mean_frequency.Step0.15": NaN,
    "AHP2_depth_from_peak.Step0.25": 3.105242860005391,
    "AP_amplitude_from_voltagebase.Step0.2": 3.759162871941286,
    "mean_frequency.Step0.2": 2.8755625334406445,
    "fast_AHP.Step0.25": 6.4992844500405855,
    "voltage_after_stim.Step0.25": 0.9575288470562203,
    "steady_state_voltage_stimend.Step-0.15": 2.2910129144043783,
    "number_initial_spikes.Step0.15": 0.9129005751848809,
    "AP_duration_half_width.Step0.15": NaN,
    "time_to_first_spike.Step0.2": 11.976968030284135,
    "time_to_first_spike.Step0.25": 5.758820415456464,
    "AHP_depth.Step0.15": NaN,
    "ISI_log_slope.Step0.25": 31.013388698919567,
    "inv_second_ISI.Step0.2": 3.522146547455553,
    "AP_rise_time.Step0.25": 8.289940828382635,
    "AHP_time_from_peak.Step0.2": 0.5560261374603687,
    "ISI_semilog_slope.Step0.2": NaN,
    "max_amp_difference.Step0.2": 0.7208027452099024,
    "Spikecount_stimint.Step0.15": 3.1896424815983178,
    "steady_state_voltage.Step0.05": 0.8325331293627348,
    "Spikecount.Step0.1": 1.2461059190031152,
    "decay_time_constant_after_stim.Step0.25": 0.3129173744944181,
    "sag_amplitude.Step-0.15": 1.322968703540029,
    "decay_time_constant_after_stim.Step-0.05": 1.480271054983628,
    "min_voltage_between_spikes.Step0.25": 2.2302538693234126,
    "AP_begin_width.Step0.2": 0.48949313622132185,