{
    "threshold": 0.07718671984966073,
    "proximal_threshold": 0.11875227444104511,
    "distal_threshold": 0.04662375394570432,
    "peak_dV/dt_at_th": 0.007147810650702479,
    "degree_of_nonlinearity_at_th": 0.06050398552304467,
    "suprath_degree_of_nonlinearity": 0.42305464459059117,
    "amplitude_at_th": 0.07720191197744335,
    "time_to_peak_at_th": 0.0010144785566242184,
    "asynch_degree_of_nonlin_at_th": 0.789433501357417
}